/* Generated from resource/image/c/icon_xiaoyu.c; RGB565 little-endian, 110x110. */
const unsigned char gWeather_xiaoyu[24200] = {
    0xFF, 0xFF, 0xFF, 0xFF, 0xFF, 0xFF, 0xFF, 0xFF, 0xFF, 0xFF, 0xFF, 0xFF, 0xFF, 0xFF, 0xFF, 0xFF,
    0xFF, 0xFF, 0xFF, 0xFF, 0xFF, 0xFF, 0xFF, 0xFF, 0xFF, 0xFF, 0xFF, 0xFF, 0xFF, 0xFF, 0xFF, 0xFF,
    0xFF, 0xFF, 0xFF, 0xFF, 0xFF, 0xFF, 0xFF, 0xFF, 0xFF, 0xFF, 0xFF, 0xFF, 0xFF, 0xFF, 0xFF, 0xFF,
    0xFF, 0xFF, 0xFF, 0xFF, 0xFF, 0xFF, 0xFF, 0xFF, 0xFF, 0xFF, 0xFF, 0xFF, 0xFF, 0xFF, 0xFF, 0xFF,
    0xFF, 0xFF, 0xFF, 0xFF, 0xFF, 0xFF, 0xFF, 0xFF, 0xFF, 0xFF, 0xFF, 0xFF, 0xFF, 0xFF, 0xFF, 0xFF,
    0xFF, 0xFF, 0xFF, 0xFF, 0xFF, 0xFF, 0xFF, 0xFF, 0xFF, 0xFF, 0xFF, 0xFF, 0xFF, 0xFF, 0xFF, 0xFF,
    0xFF, 0xFF, 0xFF, 0xFF, 0xFF, 0xFF, 0xFF, 0xFF, 0xFF, 0xFF, 0xFF, 0xFF, 0xFF, 0xFF, 0xFF, 0xFF,
    0xFF, 0xFF, 0xFF, 0xFF, 0xFF, 0xFF, 0xFF, 0xFF, 0xFF, 0xFF, 0xFF, 0xFF, 0xFF, 0xFF, 0xFF, 0xFF,
    0xFF, 0xFF, 0xFF, 0xFF, 0xFF, 0xFF, 0xFF, 0xFF, 0xFF, 0xFF, 0xFF, 0xFF, 0xFF, 0xFF, 0xFF, 0xFF,
    0xFF, 0xFF, 0xFF, 0xFF, 0xFF, 0xFF, 0xFF, 0xFF, 0xFF, 0xFF, 0xFF, 0xFF, 0xFF, 0xFF, 0xFF, 0xFF,
    0xFF, 0xFF, 0xFF, 0xFF, 0xFF, 0xFF, 0xFF, 0xFF, 0xFF, 0xFF, 0xFF, 0xFF, 0xFF, 0xFF, 0xFF, 0xFF,
    0xFF, 0xFF, 0xFF, 0xFF, 0xFF, 0xFF, 0xFF, 0xFF, 0xFF, 0xFF, 0xFF, 0xFF, 0xFF, 0xFF, 0xFF, 0xFF,
    0xFF, 0xFF, 0xFF, 0xFF, 0xFF, 0xFF, 0xFF, 0xFF, 0xFF, 0xFF, 0xFF, 0xFF, 0xFF, 0xFF, 0xFF, 0xFF,
    0xFF, 0xFF, 0xFF, 0xFF, 0xFF, 0xFF, 0xFF, 0xFF, 0xFF, 0xFF, 0xFF, 0xFF, 0xFF, 0xFF, 0xFF, 0xFF,
    0xFF, 0xFF, 0xFF, 0xFF, 0xFF, 0xFF, 0xFF, 0xFF, 0xFF, 0xFF, 0xFF, 0xFF, 0xFF, 0xFF, 0xFF, 0xFF,
    0xFF, 0xFF, 0xFF, 0xFF, 0xFF, 0xFF, 0xFF, 0xFF, 0xFF, 0xFF, 0xFF, 0xFF, 0xFF, 0xFF, 0xFF, 0xFF,
    0xFF, 0xFF, 0xFF, 0xFF, 0xFF, 0xFF, 0xFF, 0xFF, 0xFF, 0xFF, 0xFF, 0xFF, 0xFF, 0xFF, 0xFF, 0xFF,
    0xFF, 0xFF, 0xFF, 0xFF, 0xFF, 0xFF, 0xFF, 0xFF, 0xFF, 0xFF, 0xFF, 0xFF, 0xFF, 0xFF, 0xFF, 0xFF,
    0xFF, 0xFF, 0xFF, 0xFF, 0xFF, 0xFF, 0xFF, 0xFF, 0xFF, 0xFF, 0xFF, 0xFF, 0xFF, 0xFF, 0xFF, 0xFF,
    0xFF, 0xFF, 0xFF, 0xFF, 0xFF, 0xFF, 0xFF, 0xFF, 0xFF, 0xFF, 0xFF, 0xFF, 0xFF, 0xFF, 0xFF, 0xFF,
    0xFF, 0xFF, 0xFF, 0xFF, 0xFF, 0xFF, 0xFF, 0xFF, 0xFF, 0xFF, 0xFF, 0xFF, 0xFF, 0xFF, 0xFF, 0xFF,
    0xFF, 0xFF, 0xFF, 0xFF, 0xFF, 0xFF, 0xFF, 0xFF, 0xFF, 0xFF, 0xFF, 0xFF, 0xFF, 0xFF, 0xFF, 0xFF,
    0xFF, 0xFF, 0xFF, 0xFF, 0xFF, 0xFF, 0xFF, 0xFF, 0xFF, 0xFF, 0xFF, 0xFF, 0xFF, 0xFF, 0xFF, 0xFF,
    0xFF, 0xFF, 0xFF, 0xFF, 0xFF, 0xFF, 0xFF, 0xFF, 0xFF, 0xFF, 0xFF, 0xFF, 0xFF, 0xFF, 0xFF, 0xFF,
    0xFF, 0xFF, 0xFF, 0xFF, 0xFF, 0xFF, 0xFF, 0xFF, 0xFF, 0xFF, 0xFF, 0xFF, 0xFF, 0xFF, 0xFF, 0xFF,
    0xFF, 0xFF, 0xFF, 0xFF, 0xFF, 0xFF, 0xFF, 0xFF, 0xFF, 0xFF, 0xFF, 0xFF, 0xFF, 0xFF, 0xFF, 0xFF,
    0xFF, 0xFF, 0xFF, 0xFF, 0xFF, 0xFF, 0xFF, 0xFF, 0xFF, 0xFF, 0xFF, 0xFF, 0xFF, 0xFF, 0xFF, 0xFF,
    0xFF, 0xFF, 0xFF, 0xFF, 0xFF, 0xFF, 0xFF, 0xFF, 0xFF, 0xFF, 0xFF, 0xFF, 0xFF, 0xFF, 0xFF, 0xFF,
    0xFF, 0xFF, 0xFF, 0xFF, 0xFF, 0xFF, 0xFF, 0xFF, 0xFF, 0xFF, 0xFF, 0xFF, 0xFF, 0xFF, 0xFF, 0xFF,
    0xFF, 0xFF, 0xFF, 0xFF, 0xFF, 0xFF, 0xFF, 0xFF, 0xFF, 0xFF, 0xFF, 0xFF, 0xFF, 0xFF, 0xFF, 0xFF,
    0xFF, 0xFF, 0xFF, 0xFF, 0xFF, 0xFF, 0xFF, 0xFF, 0xFF, 0xFF, 0xFF, 0xFF, 0xFF, 0xFF, 0xFF, 0xFF,
    0xFF, 0xFF, 0xFF, 0xFF, 0xFF, 0xFF, 0xFF, 0xFF, 0xFF, 0xFF, 0xFF, 0xFF, 0xFF, 0xFF, 0xFF, 0xFF,
    0xFF, 0xFF, 0xFF, 0xFF, 0xFF, 0xFF, 0xFF, 0xFF, 0xFF, 0xFF, 0xFF, 0xFF, 0xFF, 0xFF, 0xFF, 0xFF,
    0xFF, 0xFF, 0xFF, 0xFF, 0xFF, 0xFF, 0xFF, 0xFF, 0xFF, 0xFF, 0xFF, 0xFF, 0xFF, 0xFF, 0xFF, 0xFF,
    0xFF, 0xFF, 0xFF, 0xFF, 0xFF, 0xFF, 0xFF, 0xFF, 0xFF, 0xFF, 0xFF, 0xFF, 0xFF, 0xFF, 0xFF, 0xFF,
    0xFF, 0xFF, 0xFF, 0xFF, 0xFF, 0xFF, 0xFF, 0xFF, 0xFF, 0xFF, 0xFF, 0xFF, 0xFF, 0xFF, 0xFF, 0xFF,
    0xFF, 0xFF, 0xFF, 0xFF, 0xFF, 0xFF, 0xFF, 0xFF, 0xFF, 0xFF, 0xFF, 0xFF, 0xFF, 0xFF, 0xFF, 0xFF,
    0xFF, 0xFF, 0xFF, 0xFF, 0xFF, 0xFF, 0xFF, 0xFF, 0xFF, 0xFF, 0xFF, 0xFF, 0xFF, 0xFF, 0xFF, 0xFF,
    0xFF, 0xFF, 0xFF, 0xFF, 0xFF, 0xFF, 0xFF, 0xFF, 0xFF, 0xFF, 0xFF, 0xFF, 0xFF, 0xFF, 0xFF, 0xFF,
    0xFF, 0xFF, 0xFF, 0xFF, 0xFF, 0xFF, 0xFF, 0xFF, 0xFF, 0xFF, 0xFF, 0xFF, 0xFF, 0xFF, 0xFF, 0xFF,
    0xFF, 0xFF, 0xFF, 0xFF, 0xFF, 0xFF, 0xFF, 0xFF, 0xFF, 0xFF, 0xFF, 0xFF, 0xFF, 0xFF, 0xFF, 0xFF,
    0xFF, 0xFF, 0xFF, 0xFF, 0xFF, 0xFF, 0xFF, 0xFF, 0xFF, 0xFF, 0xFF, 0xFF, 0xFF, 0xFF, 0xFF, 0xFF,
    0xFF, 0xFF, 0xFF, 0xFF, 0xFF, 0xFF, 0xFF, 0xFF, 0xFF, 0xFF, 0xFF, 0xFF, 0xFF, 0xFF, 0xFF, 0xFF,
    0xFF, 0xFF, 0xFF, 0xFF, 0xFF, 0xFF, 0xFF, 0xFF, 0xFF, 0xFF, 0xFF, 0xFF, 0xFF, 0xFF, 0xFF, 0xFF,
    0xFF, 0xFF, 0xFF, 0xFF, 0xFF, 0xFF, 0xFF, 0xFF, 0xFF, 0xFF, 0xFF, 0xFF, 0xFF, 0xFF, 0xFF, 0xFF,
    0xFF, 0xFF, 0xFF, 0xFF, 0xFF, 0xFF, 0xFF, 0xFF, 0xFF, 0xFF, 0xFF, 0xFF, 0xFF, 0xFF, 0xFF, 0xFF,
    0xFF, 0xFF, 0xFF, 0xFF, 0xFF, 0xFF, 0xFF, 0xFF, 0xFF, 0xFF, 0xFF, 0xFF, 0xFF, 0xFF, 0xFF, 0xFF,
    0xFF, 0xFF, 0xFF, 0xFF, 0xFF, 0xFF, 0xFF, 0xFF, 0xFF, 0xFF, 0xFF, 0xFF, 0xFF, 0xFF, 0xFF, 0xFF,
    0xFF, 0xFF, 0xFF, 0xFF, 0xFF, 0xFF, 0xFF, 0xFF, 0xFF, 0xFF, 0xFF, 0xFF, 0xFF, 0xFF, 0xFF, 0xFF,
    0xFF, 0xFF, 0xFF, 0xFF, 0xFF, 0xFF, 0xFF, 0xFF, 0xFF, 0xFF, 0xFF, 0xFF, 0xFF, 0xFF, 0xFF, 0xFF,
    0xFF, 0xFF, 0xFF, 0xFF, 0xFF, 0xFF, 0xFF, 0xFF, 0xFF, 0xFF, 0xFF, 0xFF, 0xFF, 0xFF, 0xFF, 0xFF,
    0xFF, 0xFF, 0xFF, 0xFF, 0xFF, 0xFF, 0xFF, 0xFF, 0xFF, 0xFF, 0xFF, 0xFF, 0xFF, 0xFF, 0xFF, 0xFF,
    0xFF, 0xFF, 0xFF, 0xFF, 0xFF, 0xFF, 0xFF, 0xFF, 0xFF, 0xFF, 0xFF, 0xFF, 0xFF, 0xFF, 0xFF, 0xFF,
    0xFF, 0xFF, 0xFF, 0xFF, 0xFF, 0xFF, 0xFF, 0xFF, 0xFF, 0xFF, 0xFF, 0xFF, 0xFF, 0xFF, 0xFF, 0xFF,
    0xFF, 0xFF, 0xFF, 0xFF, 0xFF, 0xFF, 0xFF, 0xFF, 0xFF, 0xFF, 0xFF, 0xFF, 0xFF, 0xFF, 0xFF, 0xFF,
    0xFF, 0xFF, 0xFF, 0xFF, 0xFF, 0xFF, 0xFF, 0xFF, 0xFF, 0xFF, 0xFF, 0xFF, 0xFF, 0xFF, 0xFF, 0xFF,
    0xFF, 0xFF, 0xFF, 0xFF, 0xFF, 0xFF, 0xFF, 0xFF, 0xFF, 0xFF, 0xFF, 0xFF, 0xFF, 0xFF, 0xFF, 0xFF,
    0xFF, 0xFF, 0xFF, 0xFF, 0xFF, 0xFF, 0xFF, 0xFF, 0xFF, 0xFF, 0xFF, 0xFF, 0xFF, 0xFF, 0xFF, 0xFF,
    0xFF, 0xFF, 0xFF, 0xFF, 0xFF, 0xFF, 0xFF, 0xFF, 0xFF, 0xFF, 0xFF, 0xFF, 0xFF, 0xFF, 0xFF, 0xFF,
    0xFF, 0xFF, 0xFF, 0xFF, 0xFF, 0xFF, 0xFF, 0xFF, 0xFF, 0xFF, 0xFF, 0xFF, 0xFF, 0xFF, 0xFF, 0xFF,
    0xFF, 0xFF, 0xFF, 0xFF, 0xFF, 0xFF, 0xFF, 0xFF, 0xFF, 0xFF, 0xFF, 0xFF, 0xFF, 0xFF, 0xFF, 0xFF,
    0xFF, 0xFF, 0xFF, 0xFF, 0xFF, 0xFF, 0xFF, 0xFF, 0xFF, 0xFF, 0xFF, 0xFF, 0xFF, 0xFF, 0xFF, 0xFF,
    0xFF, 0xFF, 0xFF, 0xFF, 0xFF, 0xFF, 0xFF, 0xFF, 0xFF, 0xFF, 0xFF, 0xFF, 0xFF, 0xFF, 0xFF, 0xFF,
    0xFF, 0xFF, 0xFF, 0xFF, 0xFF, 0xFF, 0xFF, 0xFF, 0xFF, 0xFF, 0xFF, 0xFF, 0xFF, 0xFF, 0xFF, 0xFF,
    0xFF, 0xFF, 0xFF, 0xFF, 0xFF, 0xFF, 0xFF, 0xFF, 0xFF, 0xFF, 0xFF, 0xFF, 0xFF, 0xFF, 0xFF, 0xFF,
    0xFF, 0xFF, 0xFF, 0xFF, 0xFF, 0xFF, 0xFF, 0xFF, 0xFF, 0xFF, 0xFF, 0xFF, 0xFF, 0xFF, 0xFF, 0xFF,
    0xFF, 0xFF, 0xFF, 0xFF, 0xFF, 0xFF, 0xFF, 0xFF, 0xFF, 0xFF, 0xFF, 0xFF, 0xFF, 0xFF, 0xFF, 0xFF,
    0xFF, 0xFF, 0xFF, 0xFF, 0xFF, 0xFF, 0xFF, 0xFF, 0xFF, 0xFF, 0xFF, 0xFF, 0xFF, 0xFF, 0xFF, 0xFF,
    0xFF, 0xFF, 0xFF, 0xFF, 0xFF, 0xFF, 0xFF, 0xFF, 0xFF, 0xFF, 0xFF, 0xFF, 0xFF, 0xFF, 0xFF, 0xFF,
    0xFF, 0xFF, 0xFF, 0xFF, 0xFF, 0xFF, 0xFF, 0xFF, 0xFF, 0xFF, 0xFF, 0xFF, 0xFF, 0xFF, 0xFF, 0xFF,
    0xFF, 0xFF, 0xFF, 0xFF, 0xFF, 0xFF, 0xFF, 0xFF, 0xFF, 0xFF, 0xFF, 0xFF, 0xFF, 0xFF, 0xFF, 0xFF,
    0xFF, 0xFF, 0xFF, 0xFF, 0xFF, 0xFF, 0xFF, 0xFF, 0xFF, 0xFF, 0xFF, 0xFF, 0xFF, 0xFF, 0xFF, 0xFF,
    0xFF, 0xFF, 0xFF, 0xFF, 0xFF, 0xFF, 0xFF, 0xFF, 0xFF, 0xFF, 0xFF, 0xFF, 0xFF, 0xFF, 0xFF, 0xFF,
    0xFF, 0xFF, 0xFF, 0xFF, 0xFF, 0xFF, 0xFF, 0xFF, 0xFF, 0xFF, 0xFF, 0xFF, 0xFF, 0xFF, 0xFF, 0xFF,
    0xFF, 0xFF, 0xFF, 0xFF, 0xFF, 0xFF, 0xFF, 0xFF, 0xFF, 0xFF, 0xFF, 0xFF, 0xFF, 0xFF, 0xFF, 0xFF,
    0xFF, 0xFF, 0xFF, 0xFF, 0xFF, 0xFF, 0xFF, 0xFF, 0xFF, 0xFF, 0xFF, 0xFF, 0xFF, 0xFF, 0xFF, 0xFF,
    0xFF, 0xFF, 0xFF, 0xFF, 0xFF, 0xFF, 0xFF, 0xFF, 0xFF, 0xFF, 0xFF, 0xFF, 0xFF, 0xFF, 0xFF, 0xFF,
    0xFF, 0xFF, 0xFF, 0xFF, 0xFF, 0xFF, 0xFF, 0xFF, 0xFF, 0xFF, 0xFF, 0xFF, 0xFF, 0xFF, 0xFF, 0xFF,
    0xFF, 0xFF, 0xFF, 0xFF, 0xFF, 0xFF, 0xFF, 0xFF, 0xFF, 0xFF, 0xFF, 0xFF, 0xFF, 0xFF, 0xFF, 0xFF,
    0xFF, 0xFF, 0xFF, 0xFF, 0xFF, 0xFF, 0xFF, 0xFF, 0xFF, 0xFF, 0xFF, 0xFF, 0xFF, 0xFF, 0xFF, 0xFF,
    0xFF, 0xFF, 0xFF, 0xFF, 0xFF, 0xFF, 0xFF, 0xFF, 0xFF, 0xFF, 0xFF, 0xFF, 0xFF, 0xFF, 0xFF, 0xFF,
    0xFF, 0xFF, 0xFF, 0xFF, 0xFF, 0xFF, 0xFF, 0xFF, 0xFF, 0xFF, 0xFF, 0xFF, 0xFF, 0xFF, 0xFF, 0xFF,
    0xFF, 0xFF, 0xFF, 0xFF, 0xFF, 0xFF, 0xFF, 0xFF, 0xFF, 0xFF, 0xFF, 0xFF, 0xFF, 0xFF, 0xFF, 0xFF,
    0xFF, 0xFF, 0xFF, 0xFF, 0xFF, 0xFF, 0xFF, 0xFF, 0xFF, 0xFF, 0xFF, 0xFF, 0xFF, 0xFF, 0xFF, 0xFF,
    0xFF, 0xFF, 0xFF, 0xFF, 0xFF, 0xFF, 0xFF, 0xFF, 0xFF, 0xFF, 0xFF, 0xFF, 0xFF, 0xFF, 0xFF, 0xFF,
    0xFF, 0xFF, 0xFF, 0xFF, 0xFF, 0xFF, 0xFF, 0xFF, 0xFF, 0xFF, 0xFF, 0xFF, 0xFF, 0xFF, 0xFF, 0xFF,
    0xFF, 0xFF, 0xFF, 0xFF, 0xFF, 0xFF, 0xFF, 0xFF, 0xFF, 0xFF, 0xFF, 0xFF, 0xFF, 0xFF, 0xFF, 0xFF,
    0xFF, 0xFF, 0xFF, 0xFF, 0xFF, 0xFF, 0xFF, 0xFF, 0xFF, 0xFF, 0xFF, 0xFF, 0xFF, 0xFF, 0xFF, 0xFF,
    0xFF, 0xFF, 0xFF, 0xFF, 0xFF, 0xFF, 0xFF, 0xFF, 0xFF, 0xFF, 0xFF, 0xFF, 0xFF, 0xFF, 0xFF, 0xFF,
    0xFF, 0xFF, 0xFF, 0xFF, 0xFF, 0xFF, 0xFF, 0xFF, 0xFF, 0xFF, 0xFF, 0xFF, 0xFF, 0xFF, 0xFF, 0xFF,
    0xFF, 0xFF, 0xFF, 0xFF, 0xFF, 0xFF, 0xFF, 0xFF, 0xFF, 0xFF, 0xFF, 0xFF, 0xFF, 0xFF, 0xFF, 0xFF,
    0xFF, 0xFF, 0xFF, 0xFF, 0xFF, 0xFF, 0xFF, 0xFF, 0xFF, 0xFF, 0xFF, 0xFF, 0xFF, 0xFF, 0xFF, 0xFF,
    0xFF, 0xFF, 0xFF, 0xFF, 0xFF, 0xFF, 0xFF, 0xFF, 0xFF, 0xFF, 0xFF, 0xFF, 0xFF, 0xFF, 0xFF, 0xFF,
    0xFF, 0xFF, 0xFF, 0xFF, 0xFF, 0xFF, 0xFF, 0xFF, 0xFF, 0xFF, 0xFF, 0xFF, 0xFF, 0xFF, 0xFF, 0xFF,
    0xFF, 0xFF, 0xFF, 0xFF, 0xFF, 0xFF, 0xFF, 0xFF, 0xFF, 0xFF, 0xFF, 0xFF, 0xFF, 0xFF, 0xFF, 0xFF,
    0xFF, 0xFF, 0xFF, 0xFF, 0xFF, 0xFF, 0xFF, 0xFF, 0xFF, 0xFF, 0xFF, 0xFF, 0xFF, 0xFF, 0xFF, 0xFF,
    0xFF, 0xFF, 0xFF, 0xFF, 0xFF, 0xFF, 0xFF, 0xFF, 0xFF, 0xFF, 0xFF, 0xFF, 0xFF, 0xFF, 0xFF, 0xFF,
    0xFF, 0xFF, 0xFF, 0xFF, 0xFF, 0xFF, 0xFF, 0xFF, 0xFF, 0xFF, 0xFF, 0xFF, 0xFF, 0xFF, 0xFF, 0xFF,
    0xFF, 0xFF, 0xFF, 0xFF, 0xFF, 0xFF, 0xFF, 0xFF, 0xFF, 0xFF, 0xFF, 0xFF, 0xFF, 0xFF, 0xFF, 0xFF,
    0xFF, 0xFF, 0xFF, 0xFF, 0xFF, 0xFF, 0xFF, 0xFF, 0xFF, 0xFF, 0xFF, 0xFF, 0xFF, 0xFF, 0xFF, 0xFF,
    0xFF, 0xFF, 0xFF, 0xFF, 0xFF, 0xFF, 0xFF, 0xFF, 0xFF, 0xFF, 0xFF, 0xFF, 0xFF, 0xFF, 0xFF, 0xFF,
    0xFF, 0xFF, 0xFF, 0xFF, 0xFF, 0xFF, 0xFF, 0xFF, 0xFF, 0xFF, 0xFF, 0xFF, 0xFF, 0xFF, 0xFF, 0xFF,
    0xFF, 0xFF, 0xFF, 0xFF, 0xFF, 0xFF, 0xFF, 0xFF, 0xFF, 0xFF, 0xFF, 0xFF, 0xFF, 0xFF, 0xFF, 0xFF,
    0xFF, 0xFF, 0xFF, 0xFF, 0xFF, 0xFF, 0xFF, 0xFF, 0xFF, 0xFF, 0xFF, 0xFF, 0xFF, 0xFF, 0xFF, 0xFF,
    0xFF, 0xFF, 0xFF, 0xFF, 0xFF, 0xFF, 0xFF, 0xFF, 0xFF, 0xFF, 0xFF, 0xFF, 0xFF, 0xFF, 0xFF, 0xFF,
    0xFF, 0xFF, 0xFF, 0xFF, 0xFF, 0xFF, 0xFF, 0xFF, 0xFF, 0xFF, 0xFF, 0xFF, 0xFF, 0xFF, 0xFF, 0xFF,
    0xFF, 0xFF, 0xFF, 0xFF, 0xFF, 0xFF, 0xFF, 0xFF, 0xFF, 0xFF, 0xFF, 0xFF, 0xFF, 0xFF, 0xFF, 0xFF,
    0xFF, 0xFF, 0xFF, 0xFF, 0xFF, 0xFF, 0xFF, 0xFF, 0xFF, 0xFF, 0xFF, 0xFF, 0xFF, 0xFF, 0xFF, 0xFF,
    0xFF, 0xFF, 0xFF, 0xFF, 0xFF, 0xFF, 0xFF, 0xFF, 0xFF, 0xFF, 0xFF, 0xFF, 0xFF, 0xFF, 0xFF, 0xFF,
    0xFF, 0xFF, 0xFF, 0xFF, 0xFF, 0xFF, 0xFF, 0xFF, 0xFF, 0xFF, 0xFF, 0xFF, 0xFF, 0xFF, 0xFF, 0xFF,
    0xFF, 0xFF, 0xFF, 0xFF, 0xFF, 0xFF, 0xFF, 0xFF, 0xFF, 0xFF, 0xFF, 0xFF, 0xFF, 0xFF, 0xFF, 0xFF,
    0xFF, 0xFF, 0xFF, 0xFF, 0xFF, 0xFF, 0xFF, 0xFF, 0xFF, 0xFF, 0xFF, 0xFF, 0xFF, 0xFF, 0xFF, 0xFF,
    0xFF, 0xFF, 0xFF, 0xFF, 0xFF, 0xFF, 0xFF, 0xFF, 0xFF, 0xFF, 0xFF, 0xFF, 0xFF, 0xFF, 0xFF, 0xFF,
    0xFF, 0xFF, 0xFF, 0xFF, 0xFF, 0xFF, 0xFF, 0xFF, 0xFF, 0xFF, 0xFF, 0xFF, 0xFF, 0xFF, 0xFF, 0xFF,
    0xFF, 0xFF, 0xFF, 0xFF, 0xFF, 0xFF, 0xFF, 0xFF, 0xFF, 0xFF, 0xFF, 0xFF, 0xFF, 0xFF, 0xFF, 0xFF,
    0xFF, 0xFF, 0xFF, 0xFF, 0xFF, 0xFF, 0xFF, 0xFF, 0xFF, 0xFF, 0xFF, 0xFF, 0xFF, 0xFF, 0xFF, 0xFF,
    0xFF, 0xFF, 0xFF, 0xFF, 0xFF, 0xFF, 0xFF, 0xFF, 0xFF, 0xFF, 0xFF, 0xFF, 0xFF, 0xFF, 0xFF, 0xFF,
    0xFF, 0xFF, 0xFF, 0xFF, 0xFF, 0xFF, 0xFF, 0xFF, 0xFF, 0xFF, 0xFF, 0xFF, 0xFF, 0xFF, 0xFF, 0xFF,
    0xFF, 0xFF, 0xFF, 0xFF, 0xFF, 0xFF, 0xFF, 0xFF, 0xFF, 0xFF, 0xFF, 0xFF, 0xFF, 0xFF, 0xFF, 0xFF,
    0xFF, 0xFF, 0xFF, 0xFF, 0xFF, 0xFF, 0xFF, 0xFF, 0xFF, 0xFF, 0xFF, 0xFF, 0xFF, 0xFF, 0xFF, 0xFF,
    0xFF, 0xFF, 0xFF, 0xFF, 0xFF, 0xFF, 0xFF, 0xFF, 0xFF, 0xFF, 0xFF, 0xFF, 0xFF, 0xFF, 0xFF, 0xFF,
    0xFF, 0xFF, 0xFF, 0xFF, 0xFF, 0xFF, 0xFF, 0xFF, 0xFF, 0xFF, 0xFF, 0xFF, 0xFF, 0xFF, 0xFF, 0xFF,
    0xFF, 0xFF, 0xFF, 0xFF, 0xFF, 0xFF, 0xFF, 0xFF, 0xFF, 0xFF, 0xFF, 0xFF, 0xFF, 0xFF, 0xFF, 0xFF,
    0xFF, 0xFF, 0xFF, 0xFF, 0xFF, 0xFF, 0xFF, 0xFF, 0xFF, 0xFF, 0xFF, 0xFF, 0xFF, 0xFF, 0xFF, 0xFF,
    0xFF, 0xFF, 0xFF, 0xFF, 0xFF, 0xFF, 0xFF, 0xFF, 0xFF, 0xFF, 0xFF, 0xFF, 0xFF, 0xFF, 0xFF, 0xFF,
    0xFF, 0xFF, 0xFF, 0xFF, 0xFF, 0xFF, 0xFF, 0xFF, 0xFF, 0xFF, 0xFF, 0xFF, 0xFF, 0xFF, 0xFF, 0xFF,
    0xFF, 0xFF, 0xFF, 0xFF, 0xFF, 0xFF, 0xFF, 0xFF, 0xFF, 0xFF, 0xFF, 0xFF, 0xFF, 0xFF, 0xFF, 0xFF,
    0xFF, 0xFF, 0xFF, 0xFF, 0xFF, 0xFF, 0xFF, 0xFF, 0xFF, 0xFF, 0xFF, 0xFF, 0xFF, 0xFF, 0xFF, 0xFF,
    0xFF, 0xFF, 0xFF, 0xFF, 0xFF, 0xFF, 0xFF, 0xFF, 0xFF, 0xFF, 0xFF, 0xFF, 0xFF, 0xFF, 0xFF, 0xFF,
    0xFF, 0xFF, 0xFF, 0xFF, 0xFF, 0xFF, 0xFF, 0xFF, 0xFF, 0xFF, 0xFF, 0xFF, 0xFF, 0xFF, 0xFF, 0xFF,
    0xFF, 0xFF, 0xFF, 0xFF, 0xFF, 0xFF, 0xFF, 0xFF, 0xFF, 0xFF, 0xFF, 0xFF, 0xFF, 0xFF, 0xFF, 0xFF,
    0xFF, 0xFF, 0xFF, 0xFF, 0xFF, 0xFF, 0xFF, 0xFF, 0xFF, 0xFF, 0xFF, 0xFF, 0xFF, 0xFF, 0xFF, 0xFF,
    0xFF, 0xFF, 0xFF, 0xFF, 0xFF, 0xFF, 0xFF, 0xFF, 0xFF, 0xFF, 0xFF, 0xFF, 0xFF, 0xFF, 0xFF, 0xFF,
    0xFF, 0xFF, 0xFF, 0xFF, 0xFF, 0xFF, 0xFF, 0xFF, 0xFF, 0xFF, 0xFF, 0xFF, 0xFF, 0xFF, 0xFF, 0xFF,
    0xFF, 0xFF, 0xFF, 0xFF, 0xFF, 0xFF, 0xFF, 0xFF, 0xFF, 0xFF, 0xFF, 0xFF, 0xFF, 0xFF, 0xFF, 0xFF,
    0xFF, 0xFF, 0xFF, 0xFF, 0xFF, 0xFF, 0xFF, 0xFF, 0xFF, 0xFF, 0xFF, 0xFF, 0xFF, 0xFF, 0xFF, 0xFF,
    0xFF, 0xFF, 0xFF, 0xFF, 0xFF, 0xFF, 0xFF, 0xFF, 0xFF, 0xFF, 0xFF, 0xFF, 0xFF, 0xFF, 0xFF, 0xFF,
    0xFF, 0xFF, 0xFF, 0xFF, 0xFF, 0xFF, 0xFF, 0xFF, 0xFF, 0xFF, 0xFF, 0xFF, 0xFF, 0xFF, 0xFF, 0xFF,
    0xFF, 0xFF, 0xFF, 0xFF, 0xFF, 0xFF, 0xFF, 0xFF, 0xFF, 0xFF, 0xFF, 0xFF, 0xFF, 0xFF, 0xFF, 0xFF,
    0xFF, 0xFF, 0xFF, 0xFF, 0xFF, 0xFF, 0xFF, 0xFF, 0xFF, 0xFF, 0xFF, 0xFF, 0xFF, 0xFF, 0xFF, 0xFF,
    0xFF, 0xFF, 0xFF, 0xFF, 0xFF, 0xFF, 0xFF, 0xFF, 0xFF, 0xFF, 0xFF, 0xFF, 0xFF, 0xFF, 0xFF, 0xFF,
    0xFF, 0xFF, 0xFF, 0xFF, 0xFF, 0xFF, 0xFF, 0xFF, 0xFF, 0xFF, 0xFF, 0xFF, 0xFF, 0xFF, 0xFF, 0xFF,
    0xFF, 0xFF, 0xFF, 0xFF, 0xFF, 0xFF, 0xFF, 0xFF, 0xFF, 0xFF, 0xFF, 0xFF, 0xFF, 0xFF, 0xFF, 0xFF,
    0xFF, 0xFF, 0xFF, 0xFF, 0xFF, 0xFF, 0xFF, 0xFF, 0xFF, 0xFF, 0xFF, 0xFF, 0xFF, 0xFF, 0xFF, 0xFF,
    0xFF, 0xFF, 0xFF, 0xFF, 0xFF, 0xFF, 0xFF, 0xFF, 0xFF, 0xFF, 0xFF, 0xFF, 0xFF, 0xFF, 0xFF, 0xFF,
    0xFF, 0xFF, 0xFF, 0xFF, 0xFF, 0xFF, 0xFF, 0xFF, 0xFF, 0xFF, 0xFF, 0xFF, 0xFF, 0xFF, 0xFF, 0xFF,
    0xFF, 0xFF, 0xFF, 0xFF, 0xFF, 0xFF, 0xFF, 0xFF, 0xFF, 0xFF, 0xFF, 0xFF, 0xFF, 0xFF, 0xFF, 0xFF,
    0xFF, 0xFF, 0xFF, 0xFF, 0xFF, 0xFF, 0xFF, 0xFF, 0xFF, 0xFF, 0xFF, 0xFF, 0xFF, 0xFF, 0xFF, 0xFF,
    0xFF, 0xFF, 0xFF, 0xFF, 0xFF, 0xFF, 0xFF, 0xFF, 0xFF, 0xFF, 0xFF, 0xFF, 0xFF, 0xFF, 0xFF, 0xFF,
    0xFF, 0xFF, 0xFF, 0xFF, 0xFF, 0xFF, 0xFF, 0xFF, 0xFF, 0xFF, 0xFF, 0xFF, 0xFF, 0xFF, 0xFF, 0xFF,
    0xFF, 0xFF, 0xFF, 0xFF, 0xFF, 0xFF, 0xFF, 0xFF, 0xFF, 0xFF, 0xFF, 0xFF, 0xFF, 0xFF, 0xFF, 0xFF,
    0xFF, 0xFF, 0xFF, 0xFF, 0xFF, 0xFF, 0xFF, 0xFF, 0xFF, 0xFF, 0xFF, 0xFF, 0xFF, 0xFF, 0xFF, 0xFF,
    0xFF, 0xFF, 0xFF, 0xFF, 0xFF, 0xFF, 0xFF, 0xFF, 0xFF, 0xFF, 0xFF, 0xFF, 0xFF, 0xFF, 0xFF, 0xFF,
    0xFF, 0xFF, 0xFF, 0xFF, 0xFF, 0xFF, 0xFF, 0xFF, 0xFF, 0xFF, 0xFF, 0xFF, 0xFF, 0xFF, 0xFF, 0xFF,
    0xFF, 0xFF, 0xFF, 0xFF, 0xFF, 0xFF, 0xFF, 0xFF, 0xFF, 0xFF, 0xFF, 0xFF, 0xFF, 0xFF, 0xFF, 0xFF,
    0xFF, 0xFF, 0xFF, 0xFF, 0xFF, 0xFF, 0xFF, 0xFF, 0xFF, 0xFF, 0xFF, 0xFF, 0xFF, 0xFF, 0xFF, 0xFF,
    0xFF, 0xFF, 0xFF, 0xFF, 0xFF, 0xFF, 0xFF, 0xFF, 0xFF, 0xFF, 0xFF, 0xFF, 0xFF, 0xFF, 0xFF, 0xFF,
    0xFF, 0xFF, 0xFF, 0xFF, 0xFF, 0xFF, 0xFF, 0xFF, 0xFF, 0xFF, 0xFF, 0xFF, 0xFF, 0xFF, 0xFF, 0xFF,
    0xFF, 0xFF, 0xFF, 0xFF, 0xFF, 0xFF, 0xFF, 0xFF, 0xFF, 0xFF, 0xFF, 0xFF, 0xFF, 0xFF, 0xFF, 0xFF,
    0xFF, 0xFF, 0xFF, 0xFF, 0xFF, 0xFF, 0xFF, 0xFF, 0xFF, 0xFF, 0xFF, 0xFF, 0xFF, 0xFF, 0xFF, 0xFF,
    0xFF, 0xFF, 0xFF, 0xFF, 0xFF, 0xFF, 0xFF, 0xFF, 0xFF, 0xFF, 0xFF, 0xFF, 0xFF, 0xFF, 0xFF, 0xFF,
    0xFF, 0xFF, 0xFF, 0xFF, 0xFF, 0xFF, 0xFF, 0xFF, 0xFF, 0xFF, 0xFF, 0xFF, 0xFF, 0xFF, 0xFF, 0xFF,
    0xFF, 0xFF, 0xFF, 0xFF, 0xFF, 0xFF, 0xFF, 0xFF, 0xFF, 0xFF, 0xFF, 0xFF, 0xFF, 0xFF, 0xFF, 0xFF,
    0xFF, 0xFF, 0xFF, 0xFF, 0xFF, 0xFF, 0xFF, 0xFF, 0xFF, 0xFF, 0xFF, 0xFF, 0xFF, 0xFF, 0xFF, 0xFF,
    0xFF, 0xFF, 0xFF, 0xFF, 0xFF, 0xFF, 0xFF, 0xFF, 0xFF, 0xFF, 0xFF, 0xFF, 0xFF, 0xFF, 0xFF, 0xFF,
    0xFF, 0xFF, 0xFF, 0xFF, 0xFF, 0xFF, 0xFF, 0xFF, 0xFF, 0xFF, 0xFF, 0xFF, 0xFF, 0xFF, 0xFF, 0xFF,
    0xFF, 0xFF, 0xFF, 0xFF, 0xFF, 0xFF, 0xFF, 0xFF, 0xFF, 0xFF, 0xFF, 0xFF, 0xFF, 0xFF, 0xFF, 0xFF,
    0xFF, 0xFF, 0xFF, 0xFF, 0xFF, 0xFF, 0xFF, 0xFF, 0xFF, 0xFF, 0xFF, 0xFF, 0xFF, 0xFF, 0xFF, 0xFF,
    0xFF, 0xFF, 0xFF, 0xFF, 0xFF, 0xFF, 0xFF, 0xFF, 0xFF, 0xFF, 0xFF, 0xFF, 0xFF, 0xFF, 0xFF, 0xFF,
    0xFF, 0xFF, 0xFF, 0xFF, 0xFF, 0xFF, 0xFF, 0xFF, 0xFF, 0xFF, 0xFF, 0xFF, 0xFF, 0xFF, 0xFF, 0xFF,
    0xFF, 0xFF, 0xFF, 0xFF, 0xFF, 0xFF, 0xFF, 0xFF, 0xFF, 0xFF, 0xFF, 0xFF, 0xFF, 0xFF, 0xFF, 0xFF,
    0xFF, 0xFF, 0xFF, 0xFF, 0xFF, 0xFF, 0xFF, 0xFF, 0xFF, 0xFF, 0xFF, 0xFF, 0xFF, 0xFF, 0xFF, 0xFF,
    0xFF, 0xFF, 0xFF, 0xFF, 0xFF, 0xFF, 0xFF, 0xFF, 0xFF, 0xFF, 0xFF, 0xFF, 0xFF, 0xFF, 0xFF, 0xFF,
    0xFF, 0xFF, 0xFF, 0xFF, 0xFF, 0xFF, 0xFF, 0xFF, 0xFF, 0xFF, 0xFF, 0xFF, 0xFF, 0xFF, 0xFF, 0xFF,
    0xFF, 0xFF, 0xFF, 0xFF, 0xFF, 0xFF, 0xFF, 0xFF, 0xFF, 0xFF, 0xFF, 0xFF, 0xFF, 0xFF, 0xFF, 0xFF,
    0xFF, 0xFF, 0xFF, 0xFF, 0xFF, 0xFF, 0xFF, 0xFF, 0xFF, 0xFF, 0xFF, 0xFF, 0xFF, 0xFF, 0xFF, 0xFF,
    0xFF, 0xFF, 0xFF, 0xFF, 0xFF, 0xFF, 0xFF, 0xFF, 0xFF, 0xFF, 0xFF, 0xFF, 0xFF, 0xFF, 0xFF, 0xFF,
    0xFF, 0xFF, 0xFF, 0xFF, 0xFF, 0xFF, 0xFF, 0xFF, 0xFF, 0xFF, 0xFF, 0xFF, 0xFF, 0xFF, 0xFF, 0xFF,
    0xFF, 0xFF, 0xFF, 0xFF, 0xFF, 0xFF, 0xFF, 0xFF, 0xFF, 0xFF, 0xFF, 0xFF, 0xFF, 0xFF, 0xFF, 0xFF,
    0xFF, 0xFF, 0xFF, 0xFF, 0xFF, 0xFF, 0xFF, 0xFF, 0xFF, 0xFF, 0xFF, 0xFF, 0xFF, 0xFF, 0xFF, 0xFF,
    0xFF, 0xFF, 0xFF, 0xFF, 0xFF, 0xFF, 0xFF, 0xFF, 0xFF, 0xFF, 0xFF, 0xFF, 0xFF, 0xFF, 0xFF, 0xFF,
    0xFF, 0xFF, 0xFF, 0xFF, 0xFF, 0xFF, 0xFF, 0xFF, 0xFF, 0xFF, 0xFF, 0xFF, 0xFF, 0xFF, 0xFF, 0xFF,
    0xFF, 0xFF, 0xFF, 0xFF, 0xFF, 0xFF, 0xFF, 0xFF, 0xFF, 0xFF, 0xFF, 0xFF, 0xFF, 0xFF, 0xFF, 0xFF,
    0xFF, 0xFF, 0xFF, 0xFF, 0xFF, 0xFF, 0xFF, 0xFF, 0xFF, 0xFF, 0xFF, 0xFF, 0xFF, 0xFF, 0xFF, 0xFF,
    0xFF, 0xFF, 0xFF, 0xFF, 0xFF, 0xFF, 0xFF, 0xFF, 0xFF, 0xFF, 0xFF, 0xFF, 0xFF, 0xFF, 0xFF, 0xFF,
    0xFF, 0xFF, 0x9E, 0xF7, 0x5D, 0xE7, 0x1C, 0xE7, 0xFC, 0xDE, 0xDC, 0xD6, 0xBC, 0xD6, 0xDC, 0xD6,
    0xFC, 0xDE, 0x1C, 0xDF, 0x3D, 0xE7, 0x5D, 0xE7, 0xDF, 0xFF, 0xFF, 0xFF, 0xFF, 0xFF, 0xDF, 0xF7,
    0xDF, 0xFF, 0xFF, 0xFF, 0xFF, 0xFF, 0xFF, 0xFF, 0xFF, 0xFF, 0xFF, 0xFF, 0xFF, 0xFF, 0xFF, 0xFF,
    0xFF, 0xFF, 0xFF, 0xFF, 0xFF, 0xFF, 0xFF, 0xFF, 0xFF, 0xFF, 0xFF, 0xFF, 0xFF, 0xFF, 0xFF, 0xFF,
    0xFF, 0xFF, 0xFF, 0xFF, 0xFF, 0xFF, 0xFF, 0xFF, 0xFF, 0xFF, 0xFF, 0xFF, 0xFF, 0xFF, 0xFF, 0xFF,
    0xFF, 0xFF, 0xFF, 0xFF, 0xFF, 0xFF, 0xFF, 0xFF, 0xFF, 0xFF, 0xFF, 0xFF, 0xFF, 0xFF, 0xFF, 0xFF,
    0xFF, 0xFF, 0xFF, 0xFF, 0xFF, 0xFF, 0xFF, 0xFF, 0xFF, 0xFF, 0xFF, 0xFF, 0xFF, 0xFF, 0xFF, 0xFF,
    0xFF, 0xFF, 0xFF, 0xFF, 0xFF, 0xFF, 0xFF, 0xFF, 0xFF, 0xFF, 0xFF, 0xFF, 0xFF, 0xFF, 0xFF, 0xFF,
    0xFF, 0xFF, 0xFF, 0xFF, 0xFF, 0xFF, 0xFF, 0xFF, 0xFF, 0xFF, 0xFF, 0xFF, 0xFF, 0xFF, 0xFF, 0xFF,
    0xFF, 0xFF, 0xFF, 0xFF, 0xFF, 0xFF, 0xFF, 0xFF, 0xFF, 0xFF, 0xFF, 0xFF, 0xFF, 0xFF, 0xFF, 0xFF,
    0xFF, 0xFF, 0xFF, 0xFF, 0xFF, 0xFF, 0xFF, 0xFF, 0xFF, 0xFF, 0xFF, 0xFF, 0xFF, 0xFF, 0xFF, 0xFF,
    0xFF, 0xFF, 0xFF, 0xFF, 0xFF, 0xFF, 0xFF, 0xFF, 0xFF, 0xFF, 0xFF, 0xFF, 0xFF, 0xFF, 0xFF, 0xFF,
    0xFF, 0xFF, 0xFF, 0xFF, 0xFF, 0xFF, 0xFF, 0xFF, 0xFF, 0xFF, 0xFF, 0xFF, 0xFF, 0xFF, 0xDF, 0xFF,
    0xFF, 0xFF, 0xFF, 0xFF, 0xDF, 0xF7, 0xFF, 0xFF, 0xBF, 0xF7, 0x7E, 0xEF, 0xDC, 0xD6, 0xBC, 0xD6,
    0x9B, 0xD6, 0x9B, 0xD6, 0xBB, 0xD6, 0x9B, 0xCE, 0x9B, 0xD6, 0xBB, 0xD6, 0x9B, 0xD6, 0xBB, 0xD6,
    0xBB, 0xD6, 0xBB, 0xD6, 0x7A, 0xCE, 0xBB, 0xD6, 0x7E, 0xEF, 0xFF, 0xFF, 0xFF, 0xFF, 0xFF, 0xFF,
    0xDF, 0xFF, 0xFF, 0xFF, 0xFF, 0xFF, 0xFF, 0xFF, 0xFF, 0xFF, 0xFF, 0xFF, 0xFF, 0xFF, 0xFF, 0xFF,
    0xFF, 0xFF, 0xFF, 0xFF, 0xFF, 0xFF, 0xFF, 0xFF, 0xFF, 0xFF, 0xFF, 0xFF, 0xFF, 0xFF, 0xFF, 0xFF,
    0xFF, 0xFF, 0xFF, 0xFF, 0xFF, 0xFF, 0xFF, 0xFF, 0xFF, 0xFF, 0xFF, 0xFF, 0xFF, 0xFF, 0xFF, 0xFF,
    0xFF, 0xFF, 0xFF, 0xFF, 0xFF, 0xFF, 0xFF, 0xFF, 0xFF, 0xFF, 0xFF, 0xFF, 0xFF, 0xFF, 0xFF, 0xFF,
    0xFF, 0xFF, 0xFF, 0xFF, 0xFF, 0xFF, 0xFF, 0xFF, 0xFF, 0xFF, 0xFF, 0xFF, 0xFF, 0xFF, 0xFF, 0xFF,
    0xFF, 0xFF, 0xFF, 0xFF, 0xFF, 0xFF, 0xFF, 0xFF, 0xFF, 0xFF, 0xFF, 0xFF, 0xFF, 0xFF, 0xFF, 0xFF,
    0xFF, 0xFF, 0xFF, 0xFF, 0xFF, 0xFF, 0xFF, 0xFF, 0xFF, 0xFF, 0xFF, 0xFF, 0xFF, 0xFF, 0xFF, 0xFF,
    0xFF, 0xFF, 0xFF, 0xFF, 0xFF, 0xFF, 0xFF, 0xFF, 0xFF, 0xFF, 0xFF, 0xFF, 0xFF, 0xFF, 0xFF, 0xFF,
    0xFF, 0xFF, 0xFF, 0xFF, 0xFF, 0xFF, 0xFF, 0xFF, 0xFF, 0xFF, 0xFF, 0xFF, 0xFF, 0xFF, 0xFF, 0xFF,
    0xFF, 0xFF, 0xFF, 0xFF, 0xFF, 0xFF, 0xFF, 0xFF, 0xFF, 0xFF, 0xFF, 0xFF, 0xFF, 0xFF, 0xFF, 0xFF,
    0xFF, 0xFF, 0xFF, 0xFF, 0xFF, 0xFF, 0xFF, 0xFF, 0xFF, 0xFF, 0xFF, 0xFF, 0xFF, 0xFF, 0xFF, 0xFF,
    0x9F, 0xEF, 0xDC, 0xDE, 0x9A, 0xCE, 0x9B, 0xD6, 0xBC, 0xCE, 0xDC, 0xD6, 0xBC, 0xCE, 0x9B, 0xCE,
    0x9B, 0xCE, 0x9B, 0xCE, 0x9B, 0xCE, 0x9B, 0xCE, 0xBB, 0xCE, 0xBB, 0xCE, 0xBB, 0xCE, 0xBB, 0xCE,
    0xBB, 0xCE, 0xBB, 0xCE, 0x9B, 0xCE, 0x7A, 0xC6, 0x1D, 0xE7, 0x9E, 0xF7, 0xFF, 0xFF, 0xFF, 0xFF,
    0xFF, 0xFF, 0xFF, 0xFF, 0xFF, 0xFF, 0xFF, 0xFF, 0xFF, 0xFF, 0xFF, 0xFF, 0xFF, 0xFF, 0xFF, 0xFF,
    0xFF, 0xFF, 0xFF, 0xFF, 0xFF, 0xFF, 0xFF, 0xFF, 0xFF, 0xFF, 0xFF, 0xFF, 0xFF, 0xFF, 0xFF, 0xFF,
    0xFF, 0xFF, 0xFF, 0xFF, 0xFF, 0xFF, 0xFF, 0xFF, 0xFF, 0xFF, 0xFF, 0xFF, 0xFF, 0xFF, 0xFF, 0xFF,
    0xFF, 0xFF, 0xFF, 0xFF, 0xFF, 0xFF, 0xFF, 0xFF, 0xFF, 0xFF, 0xFF, 0xFF, 0xFF, 0xFF, 0xFF, 0xFF,
    0xFF, 0xFF, 0xFF, 0xFF, 0xFF, 0xFF, 0xFF, 0xFF, 0xFF, 0xFF, 0xFF, 0xFF, 0xFF, 0xFF, 0xFF, 0xFF,
    0xFF, 0xFF, 0xFF, 0xFF, 0xFF, 0xFF, 0xFF, 0xFF, 0xFF, 0xFF, 0xFF, 0xFF, 0xFF, 0xFF, 0xFF, 0xFF,
    0xFF, 0xFF, 0xFF, 0xFF, 0xFF, 0xFF, 0xFF, 0xFF, 0xFF, 0xFF, 0xFF, 0xFF, 0xFF, 0xFF, 0xFF, 0xFF,
    0xFF, 0xFF, 0xFF, 0xFF, 0xFF, 0xFF, 0xFF, 0xFF, 0xFF, 0xFF, 0xFF, 0xFF, 0xFF, 0xFF, 0xFF, 0xFF,
    0xFF, 0xFF, 0xFF, 0xFF, 0xFF, 0xFF, 0xFF, 0xFF, 0xFF, 0xFF, 0xFF, 0xFF, 0xFF, 0xFF, 0xFF, 0xFF,
    0xFF, 0xFF, 0xFF, 0xFF, 0xFF, 0xFF, 0xFF, 0xFF, 0xFF, 0xFF, 0xFF, 0xFF, 0xFF, 0xFF, 0xFF, 0xFF,
    0xFF, 0xFF, 0xFF, 0xFF, 0xFF, 0xFF, 0xDF, 0xFF, 0x5D, 0xEF, 0x1C, 0xE7, 0xBB, 0xCE, 0xBB, 0xD6,
    0xBB, 0xD6, 0xBB, 0xD6, 0xBB, 0xCE, 0xBA, 0xCE, 0xBB, 0xCE, 0xDB, 0xD6, 0xBB, 0xD6, 0xBB, 0xD6,
    0x9B, 0xD6, 0x9B, 0xCE, 0x9B, 0xCE, 0x9B, 0xCE, 0xBB, 0xCE, 0xBB, 0xCE, 0x9B, 0xCE, 0x9B, 0xCE,
    0x9B, 0xCE, 0xBB, 0xCE, 0x7A, 0xCE, 0x7A, 0xCE, 0x1C, 0xE7, 0xDF, 0xFF, 0xFF, 0xFF, 0xFF, 0xFF,
    0xFF, 0xFF, 0xFF, 0xFF, 0xFF, 0xFF, 0xFF, 0xFF, 0xFF, 0xFF, 0xFF, 0xFF, 0xFF, 0xFF, 0xFF, 0xFF,
    0xFF, 0xFF, 0xFF, 0xFF, 0xFF, 0xFF, 0xFF, 0xFF, 0xFF, 0xFF, 0xFF, 0xFF, 0xFF, 0xFF, 0xFF, 0xFF,
    0xFF, 0xFF, 0xFF, 0xFF, 0xFF, 0xFF, 0xFF, 0xFF, 0xFF, 0xFF, 0xFF, 0xFF, 0xFF, 0xFF, 0xFF, 0xFF,
    0xFF, 0xFF, 0xFF, 0xFF, 0xFF, 0xFF, 0xFF, 0xFF, 0xFF, 0xFF, 0xFF, 0xFF, 0xFF, 0xFF, 0xFF, 0xFF,
    0xFF, 0xFF, 0xFF, 0xFF, 0xFF, 0xFF, 0xFF, 0xFF, 0xFF, 0xFF, 0xFF, 0xFF, 0xFF, 0xFF, 0xFF, 0xFF,
    0xFF, 0xFF, 0xFF, 0xFF, 0xFF, 0xFF, 0xFF, 0xFF, 0xFF, 0xFF, 0xFF, 0xFF, 0xFF, 0xFF, 0xFF, 0xFF,
    0xFF, 0xFF, 0xFF, 0xFF, 0xFF, 0xFF, 0xFF, 0xFF, 0xFF, 0xFF, 0xFF, 0xFF, 0xFF, 0xFF, 0xFF, 0xFF,
    0xFF, 0xFF, 0xFF, 0xFF, 0xFF, 0xFF, 0xFF, 0xFF, 0xFF, 0xFF, 0xFF, 0xFF, 0xFF, 0xFF, 0xFF, 0xFF,
    0xFF, 0xFF, 0xFF, 0xFF, 0xFF, 0xFF, 0xFF, 0xFF, 0xFF, 0xFF, 0xFF, 0xFF, 0xFF, 0xFF, 0xFF, 0xFF,
    0xFF, 0xFF, 0xFF, 0xFF, 0xFF, 0xFF, 0xFF, 0xFF, 0xFF, 0xFF, 0xFF, 0xFF, 0xFF, 0xFF, 0xFF, 0xFF,
    0xBE, 0xF7, 0x1C, 0xDF, 0xBC, 0xD6, 0x9C, 0xD6, 0xBB, 0xCE, 0xBB, 0xCE, 0xBB, 0xCE, 0xBB, 0xCE,
    0xBB, 0xD6, 0xBB, 0xD6, 0xBB, 0xD6, 0xBB, 0xD6, 0xBB, 0xCE, 0xBB, 0xCE, 0xBB, 0xCE, 0xBB, 0xCE,
    0xBB, 0xCE, 0xBB, 0xCE, 0xBB, 0xCE, 0xBB, 0xCE, 0xBB, 0xCE, 0xBB, 0xCE, 0xBB, 0xCE, 0xBB, 0xCE,
    0xBB, 0xCE, 0xBB, 0xCE, 0x9B, 0xCE, 0xDC, 0xD6, 0x9E, 0xEF, 0xFF, 0xFF, 0xFF, 0xFF, 0xDF, 0xFF,
    0xFF, 0xFF, 0xFF, 0xFF, 0xFF, 0xFF, 0xFF, 0xFF, 0xFF, 0xFF, 0xFF, 0xFF, 0xFF, 0xFF, 0xFF, 0xFF,
    0xFF, 0xFF, 0xFF, 0xFF, 0xFF, 0xFF, 0xFF, 0xFF, 0xFF, 0xFF, 0xFF, 0xFF, 0xFF, 0xFF, 0xFF, 0xFF,
    0xFF, 0xFF, 0xFF, 0xFF, 0xFF, 0xFF, 0xFF, 0xFF, 0xFF, 0xFF, 0xFF, 0xFF, 0xFF, 0xFF, 0xFF, 0xFF,
    0xFF, 0xFF, 0xFF, 0xFF, 0xFF, 0xFF, 0xFF, 0xFF, 0xFF, 0xFF, 0xFF, 0xFF, 0xFF, 0xFF, 0xFF, 0xFF,
    0xFF, 0xFF, 0xFF, 0xFF, 0xFF, 0xFF, 0xFF, 0xFF, 0xFF, 0xFF, 0xFF, 0xFF, 0xFF, 0xFF, 0xFF, 0xFF,
    0xFF, 0xFF, 0xFF, 0xFF, 0xFF, 0xFF, 0xFF, 0xFF, 0xFF, 0xFF, 0xFF, 0xFF, 0xFF, 0xFF, 0xFF, 0xFF,
    0xFF, 0xFF, 0xFF, 0xFF, 0xFF, 0xFF, 0xFF, 0xFF, 0xFF, 0xFF, 0xFF, 0xFF, 0xFF, 0xFF, 0xFF, 0xFF,
    0xFF, 0xFF, 0xFF, 0xFF, 0xFF, 0xFF, 0xFF, 0xFF, 0xFF, 0xFF, 0xFF, 0xFF, 0xFF, 0xFF, 0xFF, 0xFF,
    0xFF, 0xFF, 0xFF, 0xFF, 0xFF, 0xFF, 0xFF, 0xFF, 0xFF, 0xFF, 0xFF, 0xFF, 0xFF, 0xFF, 0xFF, 0xFF,
    0xFF, 0xFF, 0xFF, 0xFF, 0xFF, 0xFF, 0xFF, 0xFF, 0xFF, 0xFF, 0x9E, 0xEF, 0xDB, 0xD6, 0x7A, 0xCE,
    0x9B, 0xCE, 0x9B, 0xD6, 0xBB, 0xCE, 0xBB, 0xCE, 0xBB, 0xCE, 0xBB, 0xCE, 0xBB, 0xD6, 0xBB, 0xD6,
    0xBB, 0xD6, 0xBB, 0xD6, 0xBB, 0xCE, 0xBB, 0xCE, 0xBB, 0xCE, 0xBB, 0xCE, 0xBB, 0xCE, 0xBB, 0xCE,
    0xBB, 0xCE, 0xBB, 0xCE, 0xBB, 0xCE, 0xBB, 0xCE, 0xBB, 0xCE, 0xBB, 0xCE, 0xBB, 0xCE, 0xDC, 0xD6,
    0xBB, 0xD6, 0xBB, 0xCE, 0xBB, 0xD6, 0x5D, 0xE7, 0xFF, 0xFF, 0xFF, 0xFF, 0xFF, 0xFF, 0xFF, 0xFF,
    0xFF, 0xFF, 0xFF, 0xFF, 0xFF, 0xFF, 0xFF, 0xFF, 0xFF, 0xFF, 0xFF, 0xFF, 0xFF, 0xFF, 0xFF, 0xFF,
    0xFF, 0xFF, 0xFF, 0xFF, 0xFF, 0xFF, 0xFF, 0xFF, 0xFF, 0xFF, 0xFF, 0xFF, 0xFF, 0xFF, 0xFF, 0xFF,
    0xFF, 0xFF, 0xFF, 0xFF, 0xFF, 0xFF, 0xFF, 0xFF, 0xFF, 0xFF, 0xFF, 0xFF, 0xFF, 0xFF, 0xFF, 0xFF,
    0xFF, 0xFF, 0xFF, 0xFF, 0xFF, 0xFF, 0xFF, 0xFF, 0xFF, 0xFF, 0xFF, 0xFF, 0xFF, 0xFF, 0xFF, 0xFF,
    0xFF, 0xFF, 0xFF, 0xFF, 0xFF, 0xFF, 0xFF, 0xFF, 0xFF, 0xFF, 0xFF, 0xFF, 0xFF, 0xFF, 0xFF, 0xFF,
    0xFF, 0xFF, 0xFF, 0xFF, 0xFF, 0xFF, 0xFF, 0xFF, 0xFF, 0xFF, 0xFF, 0xFF, 0xFF, 0xFF, 0xFF, 0xFF,
    0xFF, 0xFF, 0xFF, 0xFF, 0xFF, 0xFF, 0xFF, 0xFF, 0xFF, 0xFF, 0xFF, 0xFF, 0xFF, 0xFF, 0xFF, 0xFF,
    0xFF, 0xFF, 0xFF, 0xFF, 0xFF, 0xFF, 0xFF, 0xFF, 0xFF, 0xFF, 0xFF, 0xFF, 0xFF, 0xFF, 0xFF, 0xFF,
    0xFF, 0xFF, 0xFF, 0xFF, 0xFF, 0xFF, 0xFF, 0xFF, 0xFF, 0xFF, 0xFF, 0xFF, 0xFF, 0xFF, 0xFF, 0xFF,
    0xFF, 0xFF, 0xFF, 0xFF, 0x5D, 0xEF, 0x9B, 0xCE, 0x9B, 0xD6, 0xBC, 0xD6, 0xBB, 0xD6, 0x9B, 0xCE,
    0xBB, 0xCE, 0xBB, 0xCE, 0xBB, 0xCE, 0xBB, 0xCE, 0x9B, 0xD6, 0x9B, 0xD6, 0x9B, 0xD6, 0x9B, 0xD6,
    0xBB, 0xCE, 0xBB, 0xCE, 0xBB, 0xCE, 0xBB, 0xCE, 0xBB, 0xCE, 0xBB, 0xCE, 0xBB, 0xCE, 0xBB, 0xCE,
    0xBB, 0xCE, 0xBB, 0xCE, 0xBB, 0xCE, 0xBB, 0xCE, 0xBB, 0xCE, 0xBB, 0xCE, 0x9B, 0xCE, 0xBB, 0xCE,
    0xBB, 0xCE, 0x9A, 0xCE, 0x5D, 0xE7, 0xFF, 0xFF, 0xFF, 0xFF, 0xFF, 0xFF, 0xFF, 0xFF, 0xFF, 0xFF,
    0xFF, 0xFF, 0xFF, 0xFF, 0xFF, 0xFF, 0xFF, 0xFF, 0xFF, 0xFF, 0xFF, 0xFF, 0xFF, 0xFF, 0xFF, 0xFF,
    0xFF, 0xFF, 0xFF, 0xFF, 0xFF, 0xFF, 0xFF, 0xFF, 0xFF, 0xFF, 0xFF, 0xFF, 0xFF, 0xFF, 0xFF, 0xFF,
    0xFF, 0xFF, 0xFF, 0xFF, 0xFF, 0xFF, 0xFF, 0xFF, 0xFF, 0xFF, 0xFF, 0xFF, 0xFF, 0xFF, 0xFF, 0xFF,
    0xFF, 0xFF, 0xFF, 0xFF, 0xFF, 0xFF, 0xFF, 0xFF, 0xFF, 0xFF, 0xFF, 0xFF, 0xFF, 0xFF, 0xFF, 0xFF,
    0xFF, 0xFF, 0xFF, 0xFF, 0xFF, 0xFF, 0xFF, 0xFF, 0xFF, 0xFF, 0xFF, 0xFF, 0xFF, 0xFF, 0xFF, 0xFF,
    0xFF, 0xFF, 0xFF, 0xFF, 0xFF, 0xFF, 0xFF, 0xFF, 0xFF, 0xFF, 0xFF, 0xFF, 0xFF, 0xFF, 0xFF, 0xFF,
    0xFF, 0xFF, 0xFF, 0xFF, 0xFF, 0xFF, 0xFF, 0xFF, 0xFF, 0xFF, 0xFF, 0xFF, 0xFF, 0xFF, 0xFF, 0xFF,
    0xFF, 0xFF, 0xFF, 0xFF, 0xFF, 0xFF, 0xFF, 0xFF, 0xFF, 0xFF, 0xFF, 0xFF, 0xFF, 0xFF, 0xFF, 0xFF,
    0xFF, 0xFF, 0xFF, 0xFF, 0xFF, 0xFF, 0xFF, 0xFF, 0xFF, 0xFF, 0xDF, 0xFF, 0xFF, 0xFF, 0x5D, 0xEF,
    0x9A, 0xD6, 0x9B, 0xD6, 0xBC, 0xD6, 0x7B, 0xCE, 0xBB, 0xD6, 0xDB, 0xD6, 0xBB, 0xCE, 0xBB, 0xCE,
    0xBB, 0xCE, 0xBB, 0xCE, 0x9B, 0xD6, 0x9B, 0xD6, 0x9B, 0xD6, 0x9B, 0xD6, 0xBB, 0xCE, 0xBB, 0xCE,
    0xBB, 0xCE, 0xBB, 0xCE, 0xBB, 0xCE, 0xBB, 0xCE, 0xBB, 0xCE, 0xBB, 0xCE, 0xBB, 0xCE, 0xBB, 0xCE,
    0xBB, 0xCE, 0xBB, 0xCE, 0x9B, 0xCE, 0xBB, 0xCE, 0xDC, 0xD6, 0xDC, 0xD6, 0xBB, 0xCE, 0xDB, 0xD6,
    0xBB, 0xCE, 0x9E, 0xEF, 0xFF, 0xFF, 0xFF, 0xFF, 0xFF, 0xFF, 0xFF, 0xFF, 0xFF, 0xFF, 0xFF, 0xFF,
    0xFF, 0xFF, 0xFF, 0xFF, 0xFF, 0xFF, 0xFF, 0xFF, 0xFF, 0xFF, 0xFF, 0xFF, 0xFF, 0xFF, 0xFF, 0xFF,
    0xFF, 0xFF, 0xFF, 0xFF, 0xFF, 0xFF, 0xFF, 0xFF, 0xFF, 0xFF, 0xFF, 0xFF, 0xFF, 0xFF, 0xFF, 0xFF,
    0xFF, 0xFF, 0xFF, 0xFF, 0xFF, 0xFF, 0xFF, 0xFF, 0xFF, 0xFF, 0xFF, 0xFF, 0xFF, 0xFF, 0xFF, 0xFF,
    0xFF, 0xFF, 0xFF, 0xFF, 0xFF, 0xFF, 0xFF, 0xFF, 0xFF, 0xFF, 0xFF, 0xFF, 0xFF, 0xFF, 0xFF, 0xFF,
    0xFF, 0xFF, 0xFF, 0xFF, 0xFF, 0xFF, 0xFF, 0xFF, 0xFF, 0xFF, 0xFF, 0xFF, 0xFF, 0xFF, 0xFF, 0xFF,
    0xFF, 0xFF, 0xFF, 0xFF, 0xFF, 0xFF, 0xFF, 0xFF, 0xFF, 0xFF, 0xFF, 0xFF, 0xFF, 0xFF, 0xFF, 0xFF,
    0xFF, 0xFF, 0xFF, 0xFF, 0xFF, 0xFF, 0xFF, 0xFF, 0xFF, 0xFF, 0xFF, 0xFF, 0xFF, 0xFF, 0xFF, 0xFF,
    0xFF, 0xFF, 0xFF, 0xFF, 0xFF, 0xFF, 0xFF, 0xFF, 0xFF, 0xFF, 0xFF, 0xFF, 0xFF, 0xFF, 0xFF, 0xFF,
    0xFF, 0xFF, 0xFF, 0xFF, 0xDF, 0xFF, 0xFF, 0xFF, 0x7D, 0xEF, 0xDB, 0xD6, 0x9B, 0xD6, 0x9B, 0xD6,
    0x9B, 0xD6, 0x9B, 0xD6, 0x9B, 0xD6, 0x9B, 0xD6, 0xBB, 0xD6, 0xBB, 0xD6, 0xBB, 0xD6, 0xBB, 0xD6,
    0xBB, 0xCE, 0xBB, 0xCE, 0xBB, 0xCE, 0xBB, 0xCE, 0xBB, 0xD6, 0xBB, 0xD6, 0xBB, 0xD6, 0xBB, 0xD6,
    0xBB, 0xD6, 0xBB, 0xD6, 0xBB, 0xD6, 0xBB, 0xD6, 0xBB, 0xD6, 0xBB, 0xD6, 0xBB, 0xD6, 0xBB, 0xD6,
    0xBB, 0xD6, 0xBB, 0xD6, 0xBB, 0xD6, 0xBB, 0xD6, 0xBB, 0xCE, 0xDC, 0xD6, 0x9B, 0xCE, 0xDC, 0xD6,
    0xBF, 0xF7, 0xFF, 0xFF, 0xFF, 0xFF, 0xFF, 0xFF, 0xFF, 0xFF, 0xFF, 0xFF, 0xFF, 0xFF, 0xFF, 0xFF,
    0xFF, 0xFF, 0xFF, 0xFF, 0xFF, 0xFF, 0xFF, 0xFF, 0xFF, 0xFF, 0xFF, 0xFF, 0xFF, 0xFF, 0xFF, 0xFF,
    0xFF, 0xFF, 0xFF, 0xFF, 0xFF, 0xFF, 0xFF, 0xFF, 0xFF, 0xFF, 0xFF, 0xFF, 0xFF, 0xFF, 0xFF, 0xFF,
    0xFF, 0xFF, 0xFF, 0xFF, 0xFF, 0xFF, 0xFF, 0xFF, 0xFF, 0xFF, 0xFF, 0xFF, 0xFF, 0xFF, 0xFF, 0xFF,
    0xFF, 0xFF, 0xFF, 0xFF, 0xFF, 0xFF, 0xFF, 0xFF, 0xFF, 0xFF, 0xFF, 0xFF, 0xFF, 0xFF, 0xFF, 0xFF,
    0xFF, 0xFF, 0xFF, 0xFF, 0xFF, 0xFF, 0xFF, 0xFF, 0xFF, 0xFF, 0xFF, 0xFF, 0xFF, 0xFF, 0xFF, 0xFF,
    0xFF, 0xFF, 0xFF, 0xFF, 0xFF, 0xFF, 0xFF, 0xFF, 0xFF, 0xFF, 0xFF, 0xFF, 0xFF, 0xFF, 0xFF, 0xFF,
    0xFF, 0xFF, 0xFF, 0xFF, 0xFF, 0xFF, 0xFF, 0xFF, 0xFF, 0xFF, 0xFF, 0xFF, 0xFF, 0xFF, 0xFF, 0xFF,
    0xFF, 0xFF, 0xFF, 0xFF, 0xFF, 0xFF, 0xFF, 0xFF, 0xFF, 0xFF, 0xFF, 0xFF, 0xFF, 0xFF, 0xFF, 0xFF,
    0xFF, 0xFF, 0xBE, 0xF7, 0xBB, 0xD6, 0x9B, 0xCE, 0xBB, 0xD6, 0x9B, 0xD6, 0x9B, 0xD6, 0x9B, 0xD6,
    0x9B, 0xD6, 0x9B, 0xD6, 0xBB, 0xD6, 0xBB, 0xD6, 0xBB, 0xD6, 0xBB, 0xD6, 0xBB, 0xCE, 0xBB, 0xCE,
    0xBB, 0xCE, 0xBB, 0xCE, 0xBB, 0xD6, 0xBB, 0xD6, 0xBB, 0xD6, 0xBB, 0xD6, 0xBB, 0xD6, 0xBB, 0xD6,
    0xBB, 0xD6, 0xBB, 0xD6, 0xBB, 0xD6, 0xBB, 0xD6, 0xBB, 0xD6, 0xBB, 0xD6, 0xBB, 0xD6, 0xBB, 0xD6,
    0xBB, 0xD6, 0xBB, 0xD6, 0x9B, 0xCE, 0xBB, 0xD6, 0x9B, 0xCE, 0x9B, 0xCE, 0xDB, 0xD6, 0xFF, 0xFF,
    0xFF, 0xFF, 0xFF, 0xFF, 0xFF, 0xFF, 0xFF, 0xFF, 0xFF, 0xFF, 0xFF, 0xFF, 0xFF, 0xFF, 0xFF, 0xFF,
    0xFF, 0xFF, 0xFF, 0xFF, 0xFF, 0xFF, 0xFF, 0xFF, 0xFF, 0xFF, 0xFF, 0xFF, 0xFF, 0xFF, 0xFF, 0xFF,
    0xFF, 0xFF, 0xFF, 0xFF, 0xFF, 0xFF, 0xFF, 0xFF, 0xFF, 0xFF, 0xFF, 0xFF, 0xFF, 0xFF, 0xFF, 0xFF,
    0xFF, 0xFF, 0xFF, 0xFF, 0xFF, 0xFF, 0xFF, 0xFF, 0xFF, 0xFF, 0xFF, 0xFF, 0xFF, 0xFF, 0xFF, 0xFF,
    0xFF, 0xFF, 0xFF, 0xFF, 0xFF, 0xFF, 0xFF, 0xFF, 0xFF, 0xFF, 0xFF, 0xFF, 0xFF, 0xFF, 0xFF, 0xFF,
    0xFF, 0xFF, 0xFF, 0xFF, 0xFF, 0xFF, 0xFF, 0xFF, 0xFF, 0xFF, 0xFF, 0xFF, 0xFF, 0xFF, 0xFF, 0xFF,
    0xFF, 0xFF, 0xFF, 0xFF, 0xFF, 0xFF, 0xFF, 0xFF, 0xFF, 0xFF, 0xFF, 0xFF, 0xFF, 0xFF, 0xFF, 0xFF,
    0xFF, 0xFF, 0xFF, 0xFF, 0xFF, 0xFF, 0xFF, 0xFF, 0xFF, 0xFF, 0xFF, 0xFF, 0xFF, 0xFF, 0xFF, 0xFF,
    0xFF, 0xFF, 0xFF, 0xFF, 0xFF, 0xFF, 0xDF, 0xFF, 0xFF, 0xFF, 0xFF, 0xFF, 0xDF, 0xFF, 0xBB, 0xD6,
    0xBB, 0xD6, 0x9B, 0xCE, 0x9B, 0xCE, 0x9B, 0xD6, 0x9B, 0xD6, 0x9B, 0xD6, 0x9B, 0xD6, 0x9B, 0xD6,
    0xBB, 0xD6, 0xBB, 0xD6, 0xBB, 0xD6, 0xBB, 0xD6, 0xBB, 0xCE, 0xBB, 0xCE, 0xBB, 0xCE, 0xBB, 0xCE,
    0xBB, 0xD6, 0xBB, 0xD6, 0xBB, 0xD6, 0xBB, 0xD6, 0xBB, 0xD6, 0xBB, 0xD6, 0xBB, 0xD6, 0xBB, 0xD6,
    0xBB, 0xD6, 0xBB, 0xD6, 0xBB, 0xD6, 0xBB, 0xD6, 0xBB, 0xD6, 0xBB, 0xD6, 0xBB, 0xD6, 0xBB, 0xD6,
    0x9B, 0xCE, 0xBB, 0xCE, 0xBB, 0xCE, 0xBB, 0xCE, 0x7A, 0xCE, 0x3D, 0xE7, 0xFF, 0xFF, 0xFF, 0xFF,
    0xFF, 0xFF, 0xFF, 0xFF, 0xFF, 0xFF, 0xFF, 0xFF, 0xFF, 0xFF, 0xFF, 0xFF, 0xFF, 0xFF, 0xFF, 0xFF,
    0xFF, 0xFF, 0xFF, 0xFF, 0xFF, 0xFF, 0xFF, 0xFF, 0xFF, 0xFF, 0xFF, 0xFF, 0xFF, 0xFF, 0xFF, 0xFF,
    0xFF, 0xFF, 0xFF, 0xFF, 0xFF, 0xFF, 0xFF, 0xFF, 0xFF, 0xFF, 0xFF, 0xFF, 0xFF, 0xFF, 0xFF, 0xFF,
    0xFF, 0xFF, 0xFF, 0xFF, 0xFF, 0xFF, 0xFF, 0xFF, 0xFF, 0xFF, 0xFF, 0xFF, 0xFF, 0xFF, 0xFF, 0xFF,
    0xFF, 0xFF, 0xFF, 0xFF, 0xFF, 0xFF, 0xFF, 0xFF, 0xFF, 0xFF, 0xFF, 0xFF, 0xFF, 0xFF, 0xFF, 0xFF,
    0xFF, 0xFF, 0xFF, 0xFF, 0xFF, 0xFF, 0xFF, 0xFF, 0xFF, 0xFF, 0xFF, 0xFF, 0xFF, 0xFF, 0xFF, 0xFF,
    0xFF, 0xFF, 0xFF, 0xFF, 0xFF, 0xFF, 0xFF, 0xFF, 0xFF, 0xFF, 0xFF, 0xFF, 0xFF, 0xFF, 0xFF, 0xFF,
    0xFF, 0xFF, 0xFF, 0xFF, 0xFF, 0xFF, 0xFF, 0xFF, 0xFF, 0xFF, 0xFF, 0xFF, 0xFF, 0xFF, 0xFF, 0xFF,
    0xFF, 0xFF, 0xFF, 0xFF, 0xFF, 0xFF, 0xFF, 0xFF, 0x5D, 0xEF, 0xBB, 0xD6, 0x9B, 0xCE, 0x9B, 0xD6,
    0xBC, 0xD6, 0x9B, 0xD6, 0x9B, 0xD6, 0x9B, 0xD6, 0x9B, 0xD6, 0x9B, 0xD6, 0xBB, 0xD6, 0xBB, 0xD6,
    0xBB, 0xD6, 0xBB, 0xD6, 0xBB, 0xCE, 0xBB, 0xCE, 0xBB, 0xCE, 0xBB, 0xCE, 0xBB, 0xD6, 0xBB, 0xD6,
    0xBB, 0xD6, 0xBB, 0xD6, 0xBB, 0xD6, 0xBB, 0xD6, 0xBB, 0xD6, 0xBB, 0xD6, 0xBB, 0xD6, 0xBB, 0xD6,
    0xBB, 0xD6, 0xBB, 0xD6, 0xBB, 0xD6, 0xBB, 0xD6, 0xBB, 0xD6, 0xBB, 0xD6, 0xDC, 0xD6, 0x9B, 0xCE,
    0x9B, 0xCE, 0x9B, 0xCE, 0xBB, 0xD6, 0x9B, 0xD6, 0xDF, 0xFF, 0xFF, 0xFF, 0xFF, 0xFF, 0xFF, 0xFF,
    0xFF, 0xFF, 0xFF, 0xFF, 0xFF, 0xFF, 0xFF, 0xFF, 0xFF, 0xFF, 0xFF, 0xFF, 0xFF, 0xFF, 0xFF, 0xFF,
    0xFF, 0xFF, 0xFF, 0xFF, 0xFF, 0xFF, 0xFF, 0xFF, 0xFF, 0xFF, 0xFF, 0xFF, 0xFF, 0xFF, 0xFF, 0xFF,
    0xFF, 0xFF, 0xFF, 0xFF, 0xFF, 0xFF, 0xFF, 0xFF, 0xFF, 0xFF, 0xFF, 0xFF, 0xFF, 0xFF, 0xFF, 0xFF,
    0xFF, 0xFF, 0xFF, 0xFF, 0xFF, 0xFF, 0xFF, 0xFF, 0xFF, 0xFF, 0xFF, 0xFF, 0xFF, 0xFF, 0xFF, 0xFF,
    0xFF, 0xFF, 0xFF, 0xFF, 0xFF, 0xFF, 0xFF, 0xFF, 0xFF, 0xFF, 0xFF, 0xFF, 0xFF, 0xFF, 0xFF, 0xFF,
    0xFF, 0xFF, 0xFF, 0xFF, 0xFF, 0xFF, 0xFF, 0xFF, 0xFF, 0xFF, 0xFF, 0xFF, 0xFF, 0xFF, 0xFF, 0xFF,
    0xFF, 0xFF, 0xFF, 0xFF, 0xFF, 0xFF, 0xFF, 0xFF, 0xFF, 0xFF, 0xFF, 0xFF, 0xFF, 0xFF, 0xFF, 0xFF,
    0xFF, 0xFF, 0xFF, 0xFF, 0xFF, 0xFF, 0xFF, 0xFF, 0xFF, 0xFF, 0xFF, 0xFF, 0xFF, 0xFF, 0xFF, 0xFF,
    0xFF, 0xFF, 0xBF, 0xF7, 0xDB, 0xD6, 0x9B, 0xD6, 0x9B, 0xD6, 0x9B, 0xD6, 0x9B, 0xD6, 0xBB, 0xD6,
    0xBB, 0xD6, 0xBB, 0xD6, 0xBB, 0xD6, 0xBB, 0xD6, 0xBB, 0xCE, 0xBB, 0xCE, 0xBB, 0xCE, 0xBB, 0xCE,
    0x9B, 0xD6, 0x9B, 0xD6, 0x9B, 0xD6, 0x9B, 0xD6, 0xBB, 0xD6, 0xBB, 0xD6, 0xBB, 0xD6, 0xBB, 0xD6,
    0xBB, 0xD6, 0xBB, 0xD6, 0xBB, 0xD6, 0xBB, 0xD6, 0xBB, 0xD6, 0xBB, 0xD6, 0xBB, 0xD6, 0xBB, 0xD6,
    0xBB, 0xCE, 0xBB, 0xCE, 0xBB, 0xCE, 0xBB, 0xCE, 0xBB, 0xCE, 0xBB, 0xCE, 0xBB, 0xCE, 0xBB, 0xCE,
    0xBB, 0xCE, 0x9B, 0xCE, 0x1D, 0xE7, 0xFF, 0xFF, 0xFF, 0xFF, 0xFF, 0xFF, 0xFF, 0xFF, 0xFF, 0xFF,
    0xFF, 0xFF, 0xFF, 0xFF, 0xFF, 0xFF, 0xFF, 0xFF, 0xFF, 0xFF, 0xFF, 0xFF, 0xFF, 0xFF, 0xFF, 0xFF,
    0xFF, 0xFF, 0xFF, 0xFF, 0xFF, 0xFF, 0xFF, 0xFF, 0xFF, 0xFF, 0xFF, 0xFF, 0xFF, 0xFF, 0xFF, 0xFF,
    0xFF, 0xFF, 0xFF, 0xFF, 0xFF, 0xFF, 0xFF, 0xFF, 0xFF, 0xFF, 0xFF, 0xFF, 0xFF, 0xFF, 0xFF, 0xFF,
    0xFF, 0xFF, 0xFF, 0xFF, 0xFF, 0xFF, 0xFF, 0xFF, 0xFF, 0xFF, 0xFF, 0xFF, 0xFF, 0xFF, 0xFF, 0xFF,
    0xFF, 0xFF, 0xFF, 0xFF, 0xFF, 0xFF, 0xFF, 0xFF, 0xFF, 0xFF, 0xFF, 0xFF, 0xFF, 0xFF, 0xFF, 0xFF,
    0xFF, 0xFF, 0xFF, 0xFF, 0xFF, 0xFF, 0xFF, 0xFF, 0xFF, 0xFF, 0xFF, 0xFF, 0xFF, 0xFF, 0xFF, 0xFF,
    0xFF, 0xFF, 0xFF, 0xFF, 0xFF, 0xFF, 0xFF, 0xFF, 0xFF, 0xFF, 0xFF, 0xFF, 0xFF, 0xFF, 0xFF, 0xFF,
    0xFF, 0xFF, 0xFF, 0xFF, 0xFF, 0xFF, 0xFF, 0xFF, 0xFF, 0xFF, 0xDF, 0xFF, 0xFF, 0xFF, 0x1C, 0xDF,
    0x9A, 0xCE, 0xBB, 0xD6, 0xBB, 0xD6, 0xBB, 0xD6, 0xBB, 0xD6, 0xBB, 0xD6, 0xBB, 0xD6, 0xBB, 0xD6,
    0xBB, 0xD6, 0xBB, 0xD6, 0xBB, 0xCE, 0xBB, 0xCE, 0xBB, 0xCE, 0xBB, 0xCE, 0x9B, 0xD6, 0x9B, 0xD6,
    0x9B, 0xD6, 0x9B, 0xD6, 0xBB, 0xD6, 0xBB, 0xD6, 0xBB, 0xD6, 0xBB, 0xD6, 0xBB, 0xD6, 0xBB, 0xD6,
    0xBB, 0xD6, 0xBB, 0xD6, 0xBB, 0xD6, 0xBB, 0xD6, 0xBB, 0xD6, 0xBB, 0xD6, 0xBB, 0xCE, 0xBB, 0xCE,
    0xBB, 0xCE, 0xBB, 0xCE, 0xBB, 0xCE, 0xBB, 0xCE, 0xBB, 0xCE, 0xBB, 0xCE, 0x9B, 0xCE, 0xBB, 0xCE,
    0xBB, 0xD6, 0xBF, 0xF7, 0xFF, 0xFF, 0xFF, 0xFF, 0xFF, 0xFF, 0xFF, 0xFF, 0xFF, 0xFF, 0xFF, 0xFF,
    0xFF, 0xFF, 0xFF, 0xFF, 0xFF, 0xFF, 0xFF, 0xFF, 0xFF, 0xFF, 0xFF, 0xFF, 0xFF, 0xFF, 0xFF, 0xFF,
    0xFF, 0xFF, 0xFF, 0xFF, 0xFF, 0xFF, 0xFF, 0xFF, 0xFF, 0xFF, 0xFF, 0xFF, 0xFF, 0xFF, 0xFF, 0xFF,
    0xFF, 0xFF, 0xFF, 0xFF, 0xFF, 0xFF, 0xFF, 0xFF, 0xFF, 0xFF, 0xFF, 0xFF, 0xFF, 0xFF, 0xFF, 0xFF,
    0xFF, 0xFF, 0xFF, 0xFF, 0xFF, 0xFF, 0xFF, 0xFF, 0xFF, 0xFF, 0xFF, 0xFF, 0xFF, 0xFF, 0xFF, 0xFF,
    0xFF, 0xFF, 0xFF, 0xFF, 0xFF, 0xFF, 0xFF, 0xFF, 0xFF, 0xFF, 0xFF, 0xFF, 0xFF, 0xFF, 0xFF, 0xFF,
    0xFF, 0xFF, 0xFF, 0xFF, 0xFF, 0xFF, 0xFF, 0xFF, 0xFF, 0xFF, 0xFF, 0xFF, 0xFF, 0xFF, 0xFF, 0xFF,
    0xFF, 0xFF, 0xFF, 0xFF, 0xFF, 0xFF, 0xFF, 0xFF, 0xFF, 0xFF, 0xFF, 0xFF, 0xFF, 0xFF, 0xFF, 0xFF,
    0xFF, 0xFF, 0xFF, 0xFF, 0xFF, 0xFF, 0xFF, 0xFF, 0xBF, 0xF7, 0xBB, 0xD6, 0xBB, 0xD6, 0xBB, 0xD6,
    0xBB, 0xD6, 0xBB, 0xD6, 0xBB, 0xD6, 0xBB, 0xD6, 0xBB, 0xD6, 0xBB, 0xD6, 0xBB, 0xD6, 0xBB, 0xD6,
    0xBB, 0xCE, 0xBB, 0xCE, 0xBB, 0xCE, 0xBB, 0xCE, 0x9B, 0xD6, 0x9B, 0xD6, 0x9B, 0xD6, 0x9B, 0xD6,
    0xBB, 0xD6, 0xBB, 0xD6, 0xBB, 0xD6, 0xBB, 0xD6, 0xBB, 0xD6, 0xBB, 0xD6, 0xBB, 0xD6, 0xBB, 0xD6,
    0xBB, 0xD6, 0xBB, 0xD6, 0xBB, 0xD6, 0xBB, 0xD6, 0xBB, 0xCE, 0xBB, 0xCE, 0xBB, 0xCE, 0xBB, 0xCE,
    0xBB, 0xCE, 0xBB, 0xCE, 0xBB, 0xCE, 0xBB, 0xCE, 0x9B, 0xCE, 0xBB, 0xCE, 0x7A, 0xCE, 0x3D, 0xE7,
    0xFF, 0xFF, 0xFF, 0xFF, 0xFF, 0xFF, 0xFF, 0xFF, 0xFF, 0xFF, 0xFF, 0xFF, 0xFF, 0xFF, 0xFF, 0xFF,
    0xFF, 0xFF, 0xFF, 0xFF, 0xFF, 0xFF, 0xFF, 0xFF, 0xFF, 0xFF, 0xFF, 0xFF, 0xFF, 0xFF, 0xFF, 0xFF,
    0xFF, 0xFF, 0xFF, 0xFF, 0xFF, 0xFF, 0xFF, 0xFF, 0xFF, 0xFF, 0xFF, 0xFF, 0xFF, 0xFF, 0xFF, 0xFF,
    0xFF, 0xFF, 0xFF, 0xFF, 0xFF, 0xFF, 0xFF, 0xFF, 0xFF, 0xFF, 0xFF, 0xFF, 0xFF, 0xFF, 0xFF, 0xFF,
    0xFF, 0xFF, 0xFF, 0xFF, 0xFF, 0xFF, 0xFF, 0xFF, 0xFF, 0xFF, 0xFF, 0xFF, 0xFF, 0xFF, 0xFF, 0xFF,
    0xFF, 0xFF, 0xFF, 0xFF, 0xFF, 0xFF, 0xFF, 0xFF, 0xFF, 0xFF, 0xFF, 0xFF, 0xFF, 0xFF, 0xFF, 0xFF,
    0xFF, 0xFF, 0xFF, 0xFF, 0xFF, 0xFF, 0xFF, 0xFF, 0xFF, 0xFF, 0xFF, 0xFF, 0xFF, 0xFF, 0xFF, 0xFF,
    0xFF, 0xFF, 0xFF, 0xFF, 0xFF, 0xFF, 0xFF, 0xFF, 0xFF, 0xFF, 0xFF, 0xFF, 0xFF, 0xFF, 0xFF, 0xFF,
    0xFF, 0xFF, 0xFF, 0xFF, 0x3D, 0xE7, 0x9B, 0xD6, 0xDC, 0xD6, 0xBB, 0xD6, 0xBB, 0xD6, 0xBB, 0xD6,
    0xBB, 0xD6, 0xBB, 0xD6, 0xBB, 0xD6, 0xBB, 0xD6, 0xBB, 0xD6, 0xBB, 0xD6, 0xBB, 0xCE, 0xBB, 0xCE,
    0xBB, 0xCE, 0xBB, 0xCE, 0x9B, 0xD6, 0x9B, 0xD6, 0x9B, 0xD6, 0x9B, 0xD6, 0xBB, 0xD6, 0xBB, 0xD6,
    0xBB, 0xD6, 0xBB, 0xD6, 0xBB, 0xD6, 0xBB, 0xD6, 0xBB, 0xD6, 0xBB, 0xD6, 0xBB, 0xD6, 0xBB, 0xD6,
    0xBB, 0xD6, 0xBB, 0xD6, 0xBB, 0xCE, 0xBB, 0xCE, 0xBB, 0xCE, 0xBB, 0xCE, 0xBB, 0xCE, 0xBB, 0xCE,
    0xBB, 0xCE, 0xBB, 0xCE, 0xBB, 0xCE, 0xBB, 0xCE, 0x7A, 0xCE, 0xFC, 0xDE, 0xFF, 0xFF, 0xFF, 0xFF,
    0xFF, 0xFF, 0xFF, 0xFF, 0xFF, 0xFF, 0xFF, 0xFF, 0xFF, 0xFF, 0xFF, 0xFF, 0xFF, 0xFF, 0xFF, 0xFF,
    0xFF, 0xFF, 0xFF, 0xFF, 0xFF, 0xFF, 0xFF, 0xFF, 0xFF, 0xFF, 0xFF, 0xFF, 0xFF, 0xFF, 0xFF, 0xFF,
    0xFF, 0xFF, 0xFF, 0xFF, 0xFF, 0xFF, 0xFF, 0xFF, 0xFF, 0xFF, 0xFF, 0xFF, 0xFF, 0xFF, 0xFF, 0xFF,
    0xFF, 0xFF, 0xFF, 0xFF, 0xFF, 0xFF, 0xFF, 0xFF, 0xFF, 0xFF, 0xFF, 0xFF, 0xFF, 0xFF, 0xFF, 0xFF,
    0xFF, 0xFF, 0xFF, 0xFF, 0xFF, 0xFF, 0xFF, 0xFF, 0xFF, 0xFF, 0xFF, 0xFF, 0xFF, 0xFF, 0xFF, 0xFF,
    0xFF, 0xFF, 0xFF, 0xFF, 0xFF, 0xFF, 0xFF, 0xFF, 0xFF, 0xFF, 0xFF, 0xFF, 0xFF, 0xFF, 0xFF, 0xFF,
    0xFF, 0xFF, 0xFF, 0xFF, 0xFF, 0xFF, 0xFF, 0xFF, 0xFF, 0xFF, 0xFF, 0xFF, 0xFF, 0xFF, 0xFF, 0xFF,
    0xFF, 0xFF, 0xFF, 0xFF, 0xFF, 0xFF, 0xFF, 0xFF, 0xFF, 0xFF, 0xFF, 0xFF, 0xFF, 0xFF, 0xFF, 0xFF,
    0xDC, 0xD6, 0xBB, 0xD6, 0xBB, 0xD6, 0xBB, 0xD6, 0xBB, 0xD6, 0xBB, 0xD6, 0xBB, 0xD6, 0xBB, 0xD6,
    0xBB, 0xD6, 0xBB, 0xD6, 0xBB, 0xD6, 0xBB, 0xD6, 0xBB, 0xCE, 0xBB, 0xCE, 0xBB, 0xCE, 0xBB, 0xCE,
    0xBB, 0xD6, 0xBB, 0xD6, 0xBB, 0xD6, 0xBB, 0xD6, 0xBB, 0xD6, 0xBB, 0xD6, 0xBB, 0xD6, 0xBB, 0xD6,
    0xBB, 0xD6, 0xBB, 0xD6, 0xBB, 0xD6, 0xBB, 0xD6, 0xBB, 0xCE, 0xBB, 0xCE, 0xBB, 0xCE, 0xBB, 0xCE,
    0xBB, 0xD6, 0xBB, 0xD6, 0xBB, 0xD6, 0xBB, 0xD6, 0xBB, 0xD6, 0xBB, 0xD6, 0xBB, 0xD6, 0xBB, 0xD6,
    0x9B, 0xCE, 0xBB, 0xCE, 0x9B, 0xCE, 0xDC, 0xD6, 0xFF, 0xFF, 0xFF, 0xFF, 0xFF, 0xFF, 0xFF, 0xFF,
    0xDE, 0xFF, 0xDF, 0xFF, 0xFF, 0xFF, 0xFF, 0xFF, 0xFF, 0xFF, 0xFF, 0xFF, 0xFF, 0xFF, 0xFF, 0xFF,
    0xFF, 0xFF, 0xFF, 0xFF, 0xFF, 0xFF, 0xFF, 0xFF, 0xFF, 0xFF, 0xFF, 0xFF, 0xFF, 0xFF, 0xFF, 0xFF,
    0xFF, 0xFF, 0xFF, 0xFF, 0xFF, 0xFF, 0xFF, 0xFF, 0xFF, 0xFF, 0xFF, 0xFF, 0xFF, 0xFF, 0xFF, 0xFF,
    0xFF, 0xFF, 0xFF, 0xFF, 0xFF, 0xFF, 0xFF, 0xFF, 0xFF, 0xFF, 0xFF, 0xFF, 0xFF, 0xFF, 0xFF, 0xFF,
    0xFF, 0xFF, 0xFF, 0xFF, 0xFF, 0xFF, 0xFF, 0xFF, 0xFF, 0xFF, 0xFF, 0xFF, 0xFF, 0xFF, 0xFF, 0xFF,
    0xFF, 0xFF, 0xFF, 0xFF, 0xFF, 0xFF, 0xFF, 0xFF, 0xFF, 0xFF, 0xFF, 0xFF, 0xFF, 0xFF, 0xFF, 0xFF,
    0xFF, 0xFF, 0xFF, 0xFF, 0xFF, 0xFF, 0xFF, 0xFF, 0xFF, 0xFF, 0xFF, 0xFF, 0xFF, 0xFF, 0xFF, 0xFF,
    0xFF, 0xFF, 0xFF, 0xFF, 0xFF, 0xFF, 0xFF, 0xFF, 0xFF, 0xFF, 0x9F, 0xF7, 0xBB, 0xD6, 0xBB, 0xD6,
    0xBB, 0xD6, 0xBB, 0xD6, 0xBB, 0xD6, 0xBB, 0xD6, 0xBB, 0xD6, 0xBB, 0xD6, 0xBB, 0xD6, 0xBB, 0xD6,
    0xBB, 0xD6, 0xBB, 0xD6, 0xBB, 0xCE, 0xBB, 0xCE, 0xBB, 0xCE, 0xBB, 0xCE, 0xBB, 0xD6, 0xBB, 0xD6,
    0xBB, 0xD6, 0xBB, 0xD6, 0xBB, 0xD6, 0xBB, 0xD6, 0xBB, 0xD6, 0xBB, 0xD6, 0xBB, 0xD6, 0xBB, 0xD6,
    0xBB, 0xD6, 0xBB, 0xD6, 0xBB, 0xCE, 0xBB, 0xCE, 0xBB, 0xCE, 0xBB, 0xCE, 0xBB, 0xD6, 0xBB, 0xD6,
    0xBB, 0xD6, 0xBB, 0xD6, 0xBB, 0xD6, 0xBB, 0xD6, 0xBB, 0xD6, 0xBB, 0xD6, 0x9B, 0xCE, 0xBB, 0xD6,
    0xBB, 0xCE, 0xBB, 0xCE, 0x5D, 0xE7, 0x5D, 0xE7, 0x5D, 0xE7, 0x5D, 0xE7, 0x9E, 0xF7, 0xBF, 0xF7,
    0xDF, 0xFF, 0xFF, 0xFF, 0xFF, 0xFF, 0xFF, 0xFF, 0xFF, 0xFF, 0xFF, 0xFF, 0xFF, 0xFF, 0xFF, 0xFF,
    0xFF, 0xFF, 0xFF, 0xFF, 0xFF, 0xFF, 0xFF, 0xFF, 0xFF, 0xFF, 0xFF, 0xFF, 0xFF, 0xFF, 0xFF, 0xFF,
    0xFF, 0xFF, 0xFF, 0xFF, 0xFF, 0xFF, 0xFF, 0xFF, 0xFF, 0xFF, 0xFF, 0xFF, 0xFF, 0xFF, 0xFF, 0xFF,
    0xFF, 0xFF, 0xFF, 0xFF, 0xFF, 0xFF, 0xFF, 0xFF, 0xFF, 0xFF, 0xFF, 0xFF, 0xFF, 0xFF, 0xFF, 0xFF,
    0xFF, 0xFF, 0xFF, 0xFF, 0xFF, 0xFF, 0xFF, 0xFF, 0xFF, 0xFF, 0xFF, 0xFF, 0xFF, 0xFF, 0xFF, 0xFF,
    0xFF, 0xFF, 0xFF, 0xFF, 0xFF, 0xFF, 0xFF, 0xFF, 0xFF, 0xFF, 0xFF, 0xFF, 0xFF, 0xFF, 0xFF, 0xFF,
    0xFF, 0xFF, 0xFF, 0xFF, 0xFF, 0xFF, 0xFF, 0xFF, 0xFF, 0xFF, 0xFF, 0xFF, 0xFF, 0xFF, 0xFF, 0xFF,
    0xFF, 0xFF, 0xFF, 0xFF, 0xFF, 0xFF, 0x1D, 0xDF, 0x9A, 0xCE, 0xBB, 0xD6, 0x9B, 0xD6, 0xBB, 0xD6,
    0xBB, 0xD6, 0xBB, 0xD6, 0xBB, 0xD6, 0xBB, 0xD6, 0xBB, 0xD6, 0xBB, 0xD6, 0xBB, 0xD6, 0xBB, 0xD6,
    0xBB, 0xCE, 0xBB, 0xCE, 0xBB, 0xCE, 0xBB, 0xCE, 0xBB, 0xD6, 0xBB, 0xD6, 0xBB, 0xD6, 0xBB, 0xD6,
    0xBB, 0xD6, 0xBB, 0xD6, 0xBB, 0xD6, 0xBB, 0xD6, 0xBB, 0xD6, 0xBB, 0xD6, 0xBB, 0xD6, 0xBB, 0xD6,
    0xBB, 0xCE, 0xBB, 0xCE, 0xBB, 0xCE, 0xBB, 0xCE, 0xBB, 0xD6, 0xBB, 0xD6, 0xBB, 0xD6, 0xBB, 0xD6,
    0xBB, 0xD6, 0xBB, 0xD6, 0xBB, 0xD6, 0xBB, 0xD6, 0xBB, 0xCE, 0xBB, 0xCE, 0xBB, 0xCE, 0xBB, 0xCE,
    0x9B, 0xCE, 0x9B, 0xCE, 0x9B, 0xCE, 0x9B, 0xCE, 0x9B, 0xCE, 0x7B, 0xCE, 0x9B, 0xCE, 0xFC, 0xDE,
    0x9E, 0xF7, 0xDF, 0xFF, 0xFF, 0xFF, 0xFF, 0xFF, 0xFF, 0xFF, 0xFF, 0xFF, 0xFF, 0xFF, 0xFF, 0xFF,
    0xFF, 0xFF, 0xFF, 0xFF, 0xFF, 0xFF, 0xFF, 0xFF, 0xFF, 0xFF, 0xFF, 0xFF, 0xFF, 0xFF, 0xFF, 0xFF,
    0xFF, 0xFF, 0xFF, 0xFF, 0xFF, 0xFF, 0xFF, 0xFF, 0xFF, 0xFF, 0xFF, 0xFF, 0xFF, 0xFF, 0xFF, 0xFF,
    0xFF, 0xFF, 0xFF, 0xFF, 0xFF, 0xFF, 0xFF, 0xFF, 0xFF, 0xFF, 0xFF, 0xFF, 0xFF, 0xFF, 0xFF, 0xFF,
    0xFF, 0xFF, 0xFF, 0xFF, 0xFF, 0xFF, 0xFF, 0xFF, 0xFF, 0xFF, 0xFF, 0xFF, 0xFF, 0xFF, 0xFF, 0xFF,
    0xFF, 0xFF, 0xFF, 0xFF, 0xFF, 0xFF, 0xFF, 0xFF, 0xFF, 0xFF, 0xFF, 0xFF, 0xFF, 0xFF, 0xFF, 0xFF,
    0xFF, 0xFF, 0xFF, 0xFF, 0xFF, 0xFF, 0xFF, 0xFF, 0xFF, 0xFF, 0xDF, 0xFF, 0xDF, 0xFF, 0xDF, 0xFF,
    0xBE, 0xF7, 0xDB, 0xD6, 0x7A, 0xCE, 0xBB, 0xD6, 0x9B, 0xCE, 0xBB, 0xD6, 0xBB, 0xD6, 0xBB, 0xD6,
    0xBB, 0xD6, 0xBB, 0xD6, 0xBB, 0xD6, 0xBB, 0xD6, 0xBB, 0xD6, 0xBB, 0xD6, 0xBB, 0xCE, 0xBB, 0xCE,
    0xBB, 0xCE, 0xBB, 0xCE, 0xBB, 0xD6, 0xBB, 0xD6, 0xBB, 0xD6, 0xBB, 0xD6, 0xBB, 0xD6, 0xBB, 0xD6,
    0xBB, 0xD6, 0xBB, 0xD6, 0xBB, 0xD6, 0xBB, 0xD6, 0xBB, 0xD6, 0xBB, 0xD6, 0xBB, 0xCE, 0xBB, 0xCE,
    0xBB, 0xCE, 0xBB, 0xCE, 0xBB, 0xD6, 0xBB, 0xD6, 0xBB, 0xD6, 0xBB, 0xD6, 0xBB, 0xD6, 0xBB, 0xD6,
    0xBB, 0xD6, 0xBB, 0xD6, 0xBB, 0xCE, 0x9B, 0xCE, 0xBB, 0xCE, 0xBB, 0xD6, 0xBB, 0xCE, 0xBB, 0xCE,
    0xBB, 0xCE, 0xBB, 0xCE, 0x9B, 0xCE, 0x9B, 0xCE, 0x9B, 0xCE, 0xBC, 0xD6, 0x79, 0xCE, 0xFB, 0xDE,
    0x9E, 0xF7, 0xDF, 0xFF, 0xFF, 0xFF, 0xFF, 0xFF, 0xFF, 0xFF, 0xFF, 0xFF, 0xFF, 0xFF, 0xFF, 0xFF,
    0xFF, 0xFF, 0xFF, 0xFF, 0xFF, 0xFF, 0xFF, 0xFF, 0xFF, 0xFF, 0xFF, 0xFF, 0xFF, 0xFF, 0xFF, 0xFF,
    0xFF, 0xFF, 0xFF, 0xFF, 0xFF, 0xFF, 0xFF, 0xFF, 0xFF, 0xFF, 0xFF, 0xFF, 0xFF, 0xFF, 0xFF, 0xFF,
    0xFF, 0xFF, 0xFF, 0xFF, 0xFF, 0xFF, 0xFF, 0xFF, 0xFF, 0xFF, 0xFF, 0xFF, 0xFF, 0xFF, 0xFF, 0xFF,
    0xFF, 0xFF, 0xFF, 0xFF, 0xFF, 0xFF, 0xFF, 0xFF, 0xFF, 0xFF, 0xFF, 0xFF, 0xFF, 0xFF, 0xFF, 0xFF,
    0xFF, 0xFF, 0xFF, 0xFF, 0xFF, 0xFF, 0xFF, 0xFF, 0xDF, 0xFF, 0xFF, 0xFF, 0xFF, 0xFF, 0xFF, 0xFF,
    0x9E, 0xF7, 0x1C, 0xE7, 0xDB, 0xD6, 0xDC, 0xD6, 0xBC, 0xD6, 0xBB, 0xD6, 0x9B, 0xD6, 0x9B, 0xD6,
    0x9B, 0xD6, 0x9B, 0xD6, 0x9B, 0xD6, 0xBB, 0xD6, 0xBB, 0xD6, 0xBB, 0xD6, 0xBB, 0xD6, 0xBB, 0xD6,
    0xBB, 0xD6, 0xBB, 0xD6, 0xBB, 0xD6, 0xBB, 0xD6, 0xBB, 0xD6, 0xBB, 0xD6, 0xBB, 0xD6, 0xBB, 0xD6,
    0xBB, 0xD6, 0xBB, 0xD6, 0xBB, 0xD6, 0xBB, 0xD6, 0xBB, 0xD6, 0xBB, 0xD6, 0xBB, 0xD6, 0xBB, 0xD6,
    0xBB, 0xD6, 0xBB, 0xD6, 0xBB, 0xD6, 0xBB, 0xD6, 0x9B, 0xD6, 0x9B, 0xD6, 0x9B, 0xD6, 0x9B, 0xD6,
    0xBB, 0xD6, 0xBB, 0xD6, 0xBB, 0xD6, 0xBB, 0xD6, 0xBB, 0xD6, 0xBB, 0xD6, 0xBB, 0xD6, 0xBB, 0xD6,
    0xBB, 0xD6, 0xBB, 0xD6, 0xBB, 0xD6, 0xBB, 0xD6, 0xBB, 0xCE, 0xBB, 0xCE, 0xBB, 0xCE, 0xBB, 0xCE,
    0xBB, 0xCE, 0xBB, 0xCE, 0xBB, 0xCE, 0xBB, 0xCE, 0x9B, 0xD6, 0xBB, 0xD6, 0x9B, 0xCE, 0xBB, 0xD6,
    0x5E, 0xE7, 0xDF, 0xFF, 0xFF, 0xFF, 0xDF, 0xFF, 0xFF, 0xFF, 0xFF, 0xFF, 0xFF, 0xFF, 0xFF, 0xFF,
    0xFF, 0xFF, 0xFF, 0xFF, 0xFF, 0xFF, 0xFF, 0xFF, 0xFF, 0xFF, 0xFF, 0xFF, 0xFF, 0xFF, 0xFF, 0xFF,
    0xFF, 0xFF, 0xFF, 0xFF, 0xFF, 0xFF, 0xFF, 0xFF, 0xFF, 0xFF, 0xFF, 0xFF, 0xFF, 0xFF, 0xFF, 0xFF,
    0xFF, 0xFF, 0xFF, 0xFF, 0xFF, 0xFF, 0xFF, 0xFF, 0xFF, 0xFF, 0xFF, 0xFF, 0xFF, 0xFF, 0xFF, 0xFF,
    0xFF, 0xFF, 0xFF, 0xFF, 0xFF, 0xFF, 0xFF, 0xFF, 0xFF, 0xFF, 0xFF, 0xFF, 0xFF, 0xFF, 0xFF, 0xFF,
    0xFF, 0xFF, 0xFF, 0xFF, 0xFF, 0xFF, 0xFF, 0xFF, 0x5D, 0xEF, 0x9B, 0xD6, 0x9A, 0xCE, 0x9A, 0xCE,
    0xDB, 0xD6, 0xDC, 0xD6, 0xBC, 0xD6, 0xBB, 0xD6, 0xBB, 0xD6, 0xBB, 0xD6, 0xBB, 0xD6, 0xBB, 0xD6,
    0xBB, 0xD6, 0xBB, 0xD6, 0xBB, 0xD6, 0xBB, 0xD6, 0xBB, 0xD6, 0xBB, 0xD6, 0xBB, 0xD6, 0xBB, 0xD6,
    0xBB, 0xD6, 0xBB, 0xD6, 0xBB, 0xD6, 0xBB, 0xD6, 0xBB, 0xD6, 0xBB, 0xD6, 0xBB, 0xD6, 0xBB, 0xD6,
    0xBB, 0xD6, 0xBB, 0xD6, 0xBB, 0xD6, 0xBB, 0xD6, 0xBB, 0xD6, 0xBB, 0xD6, 0xBB, 0xD6, 0xBB, 0xD6,
    0xBB, 0xD6, 0xBB, 0xD6, 0x9B, 0xD6, 0x9B, 0xD6, 0x9B, 0xD6, 0x9B, 0xD6, 0xBB, 0xD6, 0xBB, 0xD6,
    0xBB, 0xD6, 0xBB, 0xD6, 0xBB, 0xD6, 0xBB, 0xD6, 0xBB, 0xD6, 0xBB, 0xD6, 0xBB, 0xD6, 0xBB, 0xD6,
    0xBB, 0xD6, 0xBB, 0xD6, 0xBB, 0xCE, 0xBB, 0xCE, 0xBB, 0xCE, 0xBB, 0xCE, 0xBB, 0xCE, 0xBB, 0xCE,
    0xBB, 0xCE, 0xBB, 0xCE, 0x9B, 0xCE, 0xBB, 0xD6, 0xBB, 0xD6, 0x9B, 0xCE, 0xBB, 0xD6, 0x3D, 0xE7,
    0xFF, 0xFF, 0xFF, 0xFF, 0xFF, 0xFF, 0xFF, 0xFF, 0xFF, 0xFF, 0xFF, 0xFF, 0xFF, 0xFF, 0xFF, 0xFF,
    0xFF, 0xFF, 0xFF, 0xFF, 0xFF, 0xFF, 0xFF, 0xFF, 0xFF, 0xFF, 0xFF, 0xFF, 0xFF, 0xFF, 0xFF, 0xFF,
    0xFF, 0xFF, 0xFF, 0xFF, 0xFF, 0xFF, 0xFF, 0xFF, 0xFF, 0xFF, 0xFF, 0xFF, 0xFF, 0xFF, 0xFF, 0xFF,
    0xFF, 0xFF, 0xFF, 0xFF, 0xFF, 0xFF, 0xFF, 0xFF, 0xFF, 0xFF, 0xFF, 0xFF, 0xFF, 0xFF, 0xFF, 0xFF,
    0xFF, 0xFF, 0xFF, 0xFF, 0xFF, 0xFF, 0xFF, 0xFF, 0xFF, 0xFF, 0xFF, 0xFF, 0xFF, 0xFF, 0xFF, 0xFF,
    0x1C, 0xDF, 0x9B, 0xD6, 0x9A, 0xCE, 0x9B, 0xCE, 0xBB, 0xCE, 0xDC, 0xD6, 0xBB, 0xCE, 0xBB, 0xD6,
    0xBB, 0xD6, 0xBB, 0xD6, 0xBB, 0xD6, 0xBB, 0xD6, 0xBB, 0xD6, 0xBB, 0xD6, 0xBB, 0xD6, 0xBB, 0xD6,
    0xBB, 0xD6, 0xBB, 0xD6, 0xBB, 0xD6, 0xBB, 0xD6, 0xBB, 0xD6, 0xBB, 0xD6, 0xBB, 0xD6, 0xBB, 0xD6,
    0xBB, 0xD6, 0xBB, 0xD6, 0xBB, 0xD6, 0xBB, 0xD6, 0xBB, 0xD6, 0xBB, 0xD6, 0xBB, 0xD6, 0xBB, 0xD6,
    0xBB, 0xD6, 0xBB, 0xD6, 0xBB, 0xD6, 0xBB, 0xD6, 0xBB, 0xD6, 0xBB, 0xD6, 0xBB, 0xD6, 0xBB, 0xD6,
    0x9B, 0xD6, 0x9B, 0xD6, 0x9B, 0xD6, 0x9B, 0xD6, 0xBB, 0xD6, 0xBB, 0xD6, 0xBB, 0xD6, 0xBB, 0xD6,
    0xBB, 0xD6, 0xBB, 0xD6, 0xBB, 0xD6, 0xBB, 0xD6, 0xBB, 0xD6, 0xBB, 0xD6, 0xBB, 0xD6, 0xBB, 0xD6,
    0xBB, 0xCE, 0xBB, 0xCE, 0xBB, 0xCE, 0xBB, 0xCE, 0xBB, 0xCE, 0xBB, 0xCE, 0xBB, 0xCE, 0xBB, 0xCE,
    0xDB, 0xD6, 0xBB, 0xD6, 0x9B, 0xCE, 0x9B, 0xD6, 0xBB, 0xD6, 0x9B, 0xCE, 0x1C, 0xDF, 0xFF, 0xFF,
    0xFF, 0xFF, 0xFF, 0xFF, 0xFF, 0xFF, 0xFF, 0xFF, 0xFF, 0xFF, 0xFF, 0xFF, 0xFF, 0xFF, 0xFF, 0xFF,
    0xFF, 0xFF, 0xFF, 0xFF, 0xFF, 0xFF, 0xFF, 0xFF, 0xFF, 0xFF, 0xFF, 0xFF, 0xFF, 0xFF, 0xFF, 0xFF,
    0xFF, 0xFF, 0xFF, 0xFF, 0xFF, 0xFF, 0xFF, 0xFF, 0xFF, 0xFF, 0xFF, 0xFF, 0xFF, 0xFF, 0xFF, 0xFF,
    0xFF, 0xFF, 0xFF, 0xFF, 0xFF, 0xFF, 0xFF, 0xFF, 0xFF, 0xFF, 0xFF, 0xFF, 0xFF, 0xFF, 0xFF, 0xFF,
    0xFF, 0xFF, 0xFF, 0xFF, 0xFF, 0xFF, 0xFF, 0xFF, 0xFF, 0xFF, 0xFC, 0xDE, 0x9A, 0xCE, 0xBB, 0xD6,
    0xBB, 0xD6, 0xDC, 0xD6, 0xBB, 0xCE, 0x7B, 0xCE, 0x9B, 0xCE, 0xBB, 0xD6, 0xBB, 0xD6, 0xBB, 0xD6,
    0xBB, 0xD6, 0xBB, 0xD6, 0xBB, 0xD6, 0xBB, 0xD6, 0xBB, 0xD6, 0xBB, 0xD6, 0xBB, 0xD6, 0xBB, 0xD6,
    0xBB, 0xD6, 0xBB, 0xD6, 0xBB, 0xD6, 0xBB, 0xD6, 0xBB, 0xD6, 0xBB, 0xD6, 0xBB, 0xD6, 0xBB, 0xD6,
    0xBB, 0xD6, 0xBB, 0xD6, 0xBB, 0xD6, 0xBB, 0xD6, 0xBB, 0xD6, 0xBB, 0xD6, 0xBB, 0xD6, 0xBB, 0xD6,
    0xBB, 0xD6, 0xBB, 0xD6, 0xBB, 0xD6, 0xBB, 0xD6, 0xBB, 0xD6, 0xBB, 0xD6, 0x9B, 0xD6, 0x9B, 0xD6,
    0x9B, 0xD6, 0x9B, 0xD6, 0xBB, 0xD6, 0xBB, 0xD6, 0xBB, 0xD6, 0xBB, 0xD6, 0xBB, 0xD6, 0xBB, 0xD6,
    0xBB, 0xD6, 0xBB, 0xD6, 0xBB, 0xD6, 0xBB, 0xD6, 0xBB, 0xD6, 0xBB, 0xD6, 0xBB, 0xCE, 0xBB, 0xCE,
    0xBB, 0xCE, 0xBB, 0xCE, 0xBB, 0xCE, 0xBB, 0xCE, 0xBB, 0xCE, 0xBB, 0xCE, 0x7A, 0xCE, 0x9B, 0xCE,
    0xDB, 0xD6, 0xDB, 0xD6, 0xBB, 0xD6, 0xBB, 0xCE, 0xBB, 0xCE, 0x5D, 0xE7, 0xFF, 0xFF, 0xFF, 0xFF,
    0xFF, 0xFF, 0xFF, 0xFF, 0xFF, 0xFF, 0xFF, 0xFF, 0xFF, 0xFF, 0xFF, 0xFF, 0xFF, 0xFF, 0xFF, 0xFF,
    0xFF, 0xFF, 0xFF, 0xFF, 0xFF, 0xFF, 0xFF, 0xFF, 0xFF, 0xFF, 0xFF, 0xFF, 0xFF, 0xFF, 0xFF, 0xFF,
    0xFF, 0xFF, 0xFF, 0xFF, 0xFF, 0xFF, 0xFF, 0xFF, 0xFF, 0xFF, 0xFF, 0xFF, 0xFF, 0xFF, 0xFF, 0xFF,
    0xFF, 0xFF, 0xFF, 0xFF, 0xFF, 0xFF, 0xFF, 0xFF, 0xFF, 0xFF, 0xFF, 0xFF, 0xFF, 0xFF, 0xDF, 0xFF,
    0xFF, 0xFF, 0xBF, 0xF7, 0xFC, 0xDE, 0xBB, 0xD6, 0xBB, 0xD6, 0xBB, 0xD6, 0xBB, 0xD6, 0xBB, 0xD6,
    0xBB, 0xD6, 0xBB, 0xD6, 0xBB, 0xD6, 0xBB, 0xD6, 0xBB, 0xD6, 0xBB, 0xD6, 0xBB, 0xD6, 0xBB, 0xD6,
    0xBB, 0xD6, 0xBB, 0xD6, 0xBB, 0xD6, 0xBB, 0xD6, 0xBB, 0xD6, 0xBB, 0xD6, 0xBB, 0xD6, 0xBB, 0xCE,
    0xBB, 0xCE, 0xBB, 0xCE, 0xBB, 0xCE, 0xBB, 0xCE, 0xBB, 0xD6, 0xBB, 0xD6, 0xBB, 0xD6, 0xBB, 0xD6,
    0xBB, 0xD6, 0xBB, 0xD6, 0xBB, 0xD6, 0xBB, 0xD6, 0xBB, 0xD6, 0xBB, 0xD6, 0xBB, 0xD6, 0xBB, 0xD6,
    0xBB, 0xD6, 0xBB, 0xD6, 0xBB, 0xD6, 0xBB, 0xD6, 0xBB, 0xD6, 0xBB, 0xD6, 0xBB, 0xD6, 0xBB, 0xD6,
    0xBB, 0xD6, 0xBB, 0xD6, 0xBB, 0xD6, 0xBB, 0xD6, 0xBB, 0xD6, 0xBB, 0xD6, 0xBB, 0xD6, 0xBB, 0xD6,
    0xBB, 0xD6, 0xBB, 0xD6, 0xBB, 0xD6, 0xBB, 0xD6, 0xBB, 0xCE, 0xBB, 0xCE, 0xBB, 0xCE, 0xBB, 0xCE,
    0xBB, 0xCE, 0xBB, 0xCE, 0xBB, 0xCE, 0xBB, 0xCE, 0xBB, 0xCE, 0xBB, 0xCE, 0xBB, 0xCE, 0xBB, 0xCE,
    0xBB, 0xCE, 0x9B, 0xCE, 0xBB, 0xCE, 0x9B, 0xCE, 0x9F, 0xEF, 0xFF, 0xFF, 0xDF, 0xFF, 0xFF, 0xFF,
    0xFF, 0xFF, 0xFF, 0xFF, 0xFF, 0xFF, 0xFF, 0xFF, 0xFF, 0xFF, 0xFF, 0xFF, 0xFF, 0xFF, 0xFF, 0xFF,
    0xFF, 0xFF, 0xFF, 0xFF, 0xFF, 0xFF, 0xFF, 0xFF, 0xFF, 0xFF, 0xFF, 0xFF, 0xFF, 0xFF, 0xFF, 0xFF,
    0xFF, 0xFF, 0xFF, 0xFF, 0xFF, 0xFF, 0xFF, 0xFF, 0xFF, 0xFF, 0xFF, 0xFF, 0xFF, 0xFF, 0xFF, 0xFF,
    0xFF, 0xFF, 0xFF, 0xFF, 0xFF, 0xFF, 0xFF, 0xFF, 0xFF, 0xFF, 0xDF, 0xFF, 0xDF, 0xFF, 0xBB, 0xD6,
    0x9B, 0xCE, 0xBB, 0xD6, 0xBB, 0xD6, 0xBB, 0xD6, 0xBB, 0xD6, 0xBB, 0xD6, 0xBB, 0xD6, 0xBB, 0xD6,
    0xBB, 0xD6, 0xBB, 0xD6, 0xBB, 0xD6, 0xBB, 0xD6, 0xBB, 0xD6, 0xBB, 0xD6, 0xBB, 0xD6, 0xBB, 0xD6,
    0xBB, 0xD6, 0xBB, 0xD6, 0xBB, 0xD6, 0xBB, 0xD6, 0xBB, 0xD6, 0xBB, 0xCE, 0xBB, 0xCE, 0xBB, 0xCE,
    0xBB, 0xCE, 0xBB, 0xCE, 0xBB, 0xD6, 0xBB, 0xD6, 0xBB, 0xD6, 0xBB, 0xD6, 0xBB, 0xD6, 0xBB, 0xD6,
    0xBB, 0xD6, 0xBB, 0xD6, 0xBB, 0xD6, 0xBB, 0xD6, 0xBB, 0xD6, 0xBB, 0xD6, 0xBB, 0xD6, 0xBB, 0xD6,
    0xBB, 0xD6, 0xBB, 0xD6, 0xBB, 0xD6, 0xBB, 0xD6, 0xBB, 0xD6, 0xBB, 0xD6, 0xBB, 0xD6, 0xBB, 0xD6,
    0xBB, 0xD6, 0xBB, 0xD6, 0xBB, 0xD6, 0xBB, 0xD6, 0xBB, 0xD6, 0xBB, 0xD6, 0xBB, 0xD6, 0xBB, 0xD6,
    0xBB, 0xD6, 0xBB, 0xD6, 0xBB, 0xCE, 0xBB, 0xCE, 0xBB, 0xCE, 0xBB, 0xCE, 0xBB, 0xCE, 0xBB, 0xCE,
    0xBB, 0xCE, 0xBB, 0xCE, 0xBB, 0xCE, 0xBB, 0xCE, 0xBB, 0xCE, 0xBB, 0xCE, 0xBB, 0xCE, 0x9B, 0xCE,
    0x9B, 0xCE, 0x9B, 0xCE, 0xBB, 0xCE, 0xDF, 0xFF, 0xFF, 0xFF, 0xFF, 0xFF, 0xFF, 0xFF, 0xFF, 0xFF,
    0xFF, 0xFF, 0xFF, 0xFF, 0xFF, 0xFF, 0xFF, 0xFF, 0xFF, 0xFF, 0xFF, 0xFF, 0xFF, 0xFF, 0xFF, 0xFF,
    0xFF, 0xFF, 0xFF, 0xFF, 0xFF, 0xFF, 0xFF, 0xFF, 0xFF, 0xFF, 0xFF, 0xFF, 0xFF, 0xFF, 0xFF, 0xFF,
    0xFF, 0xFF, 0xFF, 0xFF, 0xFF, 0xFF, 0xFF, 0xFF, 0xFF, 0xFF, 0xFF, 0xFF, 0xFF, 0xFF, 0xFF, 0xFF,
    0xFF, 0xFF, 0xFF, 0xFF, 0xFF, 0xFF, 0xFF, 0xFF, 0xDB, 0xD6, 0xBB, 0xD6, 0x9B, 0xCE, 0xBB, 0xD6,
    0xBB, 0xD6, 0xBB, 0xD6, 0xBB, 0xD6, 0xBB, 0xD6, 0xBB, 0xD6, 0xBB, 0xD6, 0xBB, 0xD6, 0xBB, 0xD6,
    0xBB, 0xD6, 0xBB, 0xD6, 0xBB, 0xD6, 0xBB, 0xD6, 0xBB, 0xD6, 0xBB, 0xD6, 0xBB, 0xD6, 0xBB, 0xD6,
    0xBB, 0xD6, 0xBB, 0xD6, 0xBB, 0xD6, 0xBB, 0xCE, 0xBB, 0xCE, 0xBB, 0xCE, 0xBB, 0xCE, 0xBB, 0xCE,
    0xBB, 0xD6, 0xBB, 0xD6, 0xBB, 0xD6, 0xBB, 0xD6, 0xBB, 0xD6, 0xBB, 0xD6, 0xBB, 0xD6, 0xBB, 0xD6,
    0xBB, 0xD6, 0xBB, 0xD6, 0xBB, 0xD6, 0xBB, 0xD6, 0xBB, 0xD6, 0xBB, 0xD6, 0xBB, 0xD6, 0xBB, 0xD6,
    0xBB, 0xD6, 0xBB, 0xD6, 0xBB, 0xD6, 0xBB, 0xD6, 0xBB, 0xD6, 0xBB, 0xD6, 0xBB, 0xD6, 0xBB, 0xD6,
    0xBB, 0xD6, 0xBB, 0xD6, 0xBB, 0xD6, 0xBB, 0xD6, 0xBB, 0xD6, 0xBB, 0xD6, 0xBB, 0xD6, 0xBB, 0xD6,
    0xBB, 0xCE, 0xBB, 0xCE, 0xBB, 0xCE, 0xBB, 0xCE, 0xBB, 0xCE, 0xBB, 0xCE, 0xBB, 0xCE, 0xBB, 0xCE,
    0x9B, 0xCE, 0x9B, 0xCE, 0x9B, 0xCE, 0x9B, 0xCE, 0x9B, 0xCE, 0x9B, 0xCE, 0x9B, 0xCE, 0xBB, 0xCE,
    0x9B, 0xCE, 0x5D, 0xEF, 0xFF, 0xFF, 0xFF, 0xFF, 0xFF, 0xFF, 0xFF, 0xFF, 0xFF, 0xFF, 0xFF, 0xFF,
    0xFF, 0xFF, 0xFF, 0xFF, 0xFF, 0xFF, 0xFF, 0xFF, 0xFF, 0xFF, 0xFF, 0xFF, 0xFF, 0xFF, 0xFF, 0xFF,
    0xFF, 0xFF, 0xFF, 0xFF, 0xFF, 0xFF, 0xFF, 0xFF, 0xFF, 0xFF, 0xFF, 0xFF, 0xFF, 0xFF, 0xFF, 0xFF,
    0xFF, 0xFF, 0xFF, 0xFF, 0xFF, 0xFF, 0xFF, 0xFF, 0xFF, 0xFF, 0xFF, 0xFF, 0xFF, 0xFF, 0xFF, 0xFF,
    0xFF, 0xFF, 0x5D, 0xE7, 0xBB, 0xCE, 0x9B, 0xCE, 0xBC, 0xCE, 0xBB, 0xD6, 0xBB, 0xD6, 0xBB, 0xD6,
    0xBB, 0xD6, 0xBB, 0xD6, 0xBB, 0xD6, 0xBB, 0xD6, 0xBB, 0xD6, 0xBB, 0xD6, 0xBB, 0xD6, 0xBB, 0xD6,
    0xBB, 0xD6, 0xBB, 0xD6, 0xBB, 0xD6, 0xBB, 0xD6, 0xBB, 0xD6, 0xBB, 0xD6, 0xBB, 0xD6, 0xBB, 0xD6,
    0xBB, 0xD6, 0xBB, 0xCE, 0xBB, 0xCE, 0xBB, 0xCE, 0xBB, 0xCE, 0xBB, 0xCE, 0xBB, 0xD6, 0xBB, 0xD6,
    0xBB, 0xD6, 0xBB, 0xD6, 0xBB, 0xD6, 0xBB, 0xD6, 0xBB, 0xD6, 0xBB, 0xD6, 0xBB, 0xD6, 0xBB, 0xD6,
    0xBB, 0xD6, 0xBB, 0xD6, 0xBB, 0xD6, 0xBB, 0xD6, 0xBB, 0xD6, 0xBB, 0xD6, 0xBB, 0xD6, 0xBB, 0xD6,
    0xBB, 0xD6, 0xBB, 0xD6, 0xBB, 0xD6, 0xBB, 0xD6, 0xBB, 0xD6, 0xBB, 0xD6, 0xBB, 0xD6, 0xBB, 0xD6,
    0xBB, 0xD6, 0xBB, 0xD6, 0xBB, 0xD6, 0xBB, 0xD6, 0xBB, 0xD6, 0xBB, 0xD6, 0xBB, 0xCE, 0xBB, 0xCE,
    0xBB, 0xCE, 0xBB, 0xCE, 0xBB, 0xCE, 0xBB, 0xCE, 0xBB, 0xCE, 0xBB, 0xCE, 0x9B, 0xCE, 0x9B, 0xCE,
    0x9B, 0xCE, 0x9B, 0xCE, 0x9B, 0xCE, 0xBB, 0xCE, 0x9B, 0xCE, 0x9B, 0xCE, 0x9B, 0xCE, 0xFC, 0xDE,
    0xDF, 0xFF, 0xFF, 0xFF, 0xDF, 0xFF, 0xFF, 0xFF, 0xFF, 0xFF, 0xFF, 0xFF, 0xFF, 0xFF, 0xFF, 0xFF,
    0xFF, 0xFF, 0xFF, 0xFF, 0xFF, 0xFF, 0xFF, 0xFF, 0xFF, 0xFF, 0xFF, 0xFF, 0xFF, 0xFF, 0xFF, 0xFF,
    0xFF, 0xFF, 0xFF, 0xFF, 0xFF, 0xFF, 0xFF, 0xFF, 0xFF, 0xFF, 0xFF, 0xFF, 0xFF, 0xFF, 0xFF, 0xFF,
    0xFF, 0xFF, 0xFF, 0xFF, 0xFF, 0xFF, 0xFF, 0xFF, 0xDF, 0xFF, 0xFF, 0xFF, 0xDF, 0xFF, 0xDC, 0xD6,
    0x9B, 0xD6, 0x9B, 0xD6, 0xDC, 0xD6, 0xBB, 0xD6, 0xBB, 0xD6, 0xBB, 0xD6, 0xBB, 0xD6, 0xBB, 0xD6,
    0xBB, 0xD6, 0xBB, 0xD6, 0xBB, 0xD6, 0xBB, 0xD6, 0xBB, 0xD6, 0xBB, 0xD6, 0xBB, 0xD6, 0xBB, 0xD6,
    0xBB, 0xD6, 0xBB, 0xD6, 0xBB, 0xD6, 0xBB, 0xD6, 0xBB, 0xD6, 0xBB, 0xD6, 0xBB, 0xD6, 0xBB, 0xD6,
    0xBB, 0xD6, 0xBB, 0xD6, 0xBB, 0xD6, 0xBB, 0xD6, 0xBB, 0xD6, 0xBB, 0xD6, 0xBB, 0xD6, 0xBB, 0xD6,
    0xBB, 0xCE, 0xBB, 0xCE, 0xBB, 0xCE, 0xBB, 0xCE, 0xBB, 0xD6, 0xBB, 0xD6, 0xBB, 0xD6, 0xBB, 0xD6,
    0xBB, 0xD6, 0xBB, 0xD6, 0xBB, 0xD6, 0xBB, 0xD6, 0xBB, 0xD6, 0xBB, 0xD6, 0xBB, 0xD6, 0xBB, 0xD6,
    0xBB, 0xD6, 0xBB, 0xD6, 0xBB, 0xD6, 0xBB, 0xD6, 0xBB, 0xD6, 0xBB, 0xD6, 0xBB, 0xD6, 0xBB, 0xD6,
    0xBB, 0xD6, 0xBB, 0xD6, 0xBB, 0xD6, 0xBB, 0xD6, 0xBB, 0xD6, 0xBB, 0xD6, 0xBB, 0xD6, 0xBB, 0xD6,
    0xBB, 0xCE, 0xBB, 0xCE, 0xBB, 0xCE, 0xBB, 0xCE, 0x9B, 0xD6, 0x9B, 0xD6, 0x9B, 0xD6, 0x9B, 0xD6,
    0x9B, 0xD6, 0xBB, 0xCE, 0xBB, 0xCE, 0xBB, 0xCE, 0xBB, 0xCE, 0xBB, 0xCE, 0x9E, 0xEF, 0xFF, 0xFF,
    0xFF, 0xFF, 0xFF, 0xFF, 0xFF, 0xFF, 0xFF, 0xFF, 0xFF, 0xFF, 0xFF, 0xFF, 0xFF, 0xFF, 0xFF, 0xFF,
    0xFF, 0xFF, 0xFF, 0xFF, 0xFF, 0xFF, 0xFF, 0xFF, 0xFF, 0xFF, 0xFF, 0xFF, 0xFF, 0xFF, 0xFF, 0xFF,
    0xFF, 0xFF, 0xFF, 0xFF, 0xFF, 0xFF, 0xFF, 0xFF, 0xFF, 0xFF, 0xFF, 0xFF, 0xFF, 0xFF, 0xFF, 0xFF,
    0xFF, 0xFF, 0xFF, 0xFF, 0xDF, 0xFF, 0xFF, 0xFF, 0x7D, 0xEF, 0x9B, 0xCE, 0xBB, 0xD6, 0x9B, 0xCE,
    0xDC, 0xD6, 0xBB, 0xD6, 0xBB, 0xD6, 0xBB, 0xD6, 0xBB, 0xD6, 0xBB, 0xD6, 0xBB, 0xD6, 0xBB, 0xD6,
    0xBB, 0xD6, 0xBB, 0xD6, 0xBB, 0xD6, 0xBB, 0xD6, 0xBB, 0xD6, 0xBB, 0xD6, 0xBB, 0xD6, 0xBB, 0xD6,
    0xBB, 0xD6, 0xBB, 0xD6, 0xBB, 0xD6, 0xBB, 0xD6, 0xBB, 0xD6, 0xBB, 0xD6, 0xBB, 0xD6, 0xBB, 0xD6,
    0xBB, 0xD6, 0xBB, 0xD6, 0xBB, 0xD6, 0xBB, 0xD6, 0xBB, 0xD6, 0xBB, 0xD6, 0xBB, 0xCE, 0xBB, 0xCE,
    0xBB, 0xCE, 0xBB, 0xCE, 0xBB, 0xD6, 0xBB, 0xD6, 0xBB, 0xD6, 0xBB, 0xD6, 0xBB, 0xD6, 0xBB, 0xD6,
    0xBB, 0xD6, 0xBB, 0xD6, 0xBB, 0xD6, 0xBB, 0xD6, 0xBB, 0xD6, 0xBB, 0xD6, 0xBB, 0xD6, 0xBB, 0xD6,
    0xBB, 0xD6, 0xBB, 0xD6, 0xBB, 0xD6, 0xBB, 0xD6, 0xBB, 0xD6, 0xBB, 0xD6, 0xBB, 0xD6, 0xBB, 0xD6,
    0xBB, 0xD6, 0xBB, 0xD6, 0xBB, 0xD6, 0xBB, 0xD6, 0xBB, 0xD6, 0xBB, 0xD6, 0xBB, 0xCE, 0xBB, 0xCE,
    0xBB, 0xCE, 0xBB, 0xCE, 0xBB, 0xD6, 0xBB, 0xD6, 0xBB, 0xD6, 0xBB, 0xD6, 0xBB, 0xD6, 0xBB, 0xCE,
    0xBB, 0xCE, 0xBB, 0xCE, 0xBB, 0xCE, 0x9B, 0xCE, 0x3D, 0xE7, 0xFF, 0xFF, 0xDF, 0xFF, 0xFF, 0xFF,
    0xFF, 0xFF, 0xFF, 0xFF, 0xFF, 0xFF, 0xFF, 0xFF, 0xFF, 0xFF, 0xFF, 0xFF, 0xFF, 0xFF, 0xFF, 0xFF,
    0xFF, 0xFF, 0xFF, 0xFF, 0xFF, 0xFF, 0xFF, 0xFF, 0xFF, 0xFF, 0xFF, 0xFF, 0xFF, 0xFF, 0xFF, 0xFF,
    0xFF, 0xFF, 0xFF, 0xFF, 0xFF, 0xFF, 0xFF, 0xFF, 0xFF, 0xFF, 0xFF, 0xFF, 0xFF, 0xFF, 0xFF, 0xFF,
    0xFF, 0xFF, 0xDF, 0xFF, 0xFB, 0xDE, 0xBB, 0xD6, 0xBB, 0xD6, 0x9B, 0xCE, 0x9B, 0xD6, 0xBB, 0xD6,
    0xBB, 0xD6, 0xBB, 0xD6, 0xBB, 0xD6, 0xBB, 0xD6, 0xBB, 0xD6, 0xBB, 0xD6, 0xBB, 0xD6, 0xBB, 0xD6,
    0xBB, 0xD6, 0xBB, 0xD6, 0xBB, 0xD6, 0xBB, 0xD6, 0xBB, 0xD6, 0xBB, 0xD6, 0xBB, 0xD6, 0xBB, 0xD6,
    0xBB, 0xD6, 0xBB, 0xD6, 0xBB, 0xD6, 0xBB, 0xD6, 0xBB, 0xD6, 0xBB, 0xD6, 0xBB, 0xD6, 0xBB, 0xD6,
    0xBB, 0xD6, 0xBB, 0xD6, 0xBB, 0xD6, 0xBB, 0xD6, 0xBB, 0xCE, 0xBB, 0xCE, 0xBB, 0xCE, 0xBB, 0xCE,
    0xBB, 0xD6, 0xBB, 0xD6, 0xBB, 0xD6, 0xBB, 0xD6, 0xBB, 0xD6, 0xBB, 0xD6, 0xBB, 0xD6, 0xBB, 0xD6,
    0xBB, 0xD6, 0xBB, 0xD6, 0xBB, 0xD6, 0xBB, 0xD6, 0xBB, 0xD6, 0xBB, 0xD6, 0xBB, 0xD6, 0xBB, 0xD6,
    0xBB, 0xD6, 0xBB, 0xD6, 0xBB, 0xD6, 0xBB, 0xD6, 0xBB, 0xD6, 0xBB, 0xD6, 0xBB, 0xD6, 0xBB, 0xD6,
    0xBB, 0xD6, 0xBB, 0xD6, 0xBB, 0xD6, 0xBB, 0xD6, 0xBB, 0xCE, 0xBB, 0xCE, 0xBB, 0xCE, 0xBB, 0xCE,
    0xBB, 0xD6, 0xBB, 0xD6, 0xBB, 0xD6, 0xBB, 0xD6, 0xBB, 0xD6, 0xBB, 0xCE, 0xBB, 0xCE, 0xBB, 0xCE,
    0xBB, 0xCE, 0xBB, 0xCE, 0xDB, 0xD6, 0xFF, 0xFF, 0xDF, 0xFF, 0xFF, 0xFF, 0xFF, 0xFF, 0xFF, 0xFF,
    0xFF, 0xFF, 0xFF, 0xFF, 0xFF, 0xFF, 0xFF, 0xFF, 0xFF, 0xFF, 0xFF, 0xFF, 0xFF, 0xFF, 0xFF, 0xFF,
    0xFF, 0xFF, 0xFF, 0xFF, 0xFF, 0xFF, 0xFF, 0xFF, 0xFF, 0xFF, 0xFF, 0xFF, 0xFF, 0xFF, 0xFF, 0xFF,
    0xFF, 0xFF, 0xFF, 0xFF, 0xFF, 0xFF, 0xFF, 0xFF, 0xFF, 0xFF, 0xFF, 0xFF, 0xFF, 0xFF, 0xBE, 0xF7,
    0x9A, 0xD6, 0xBB, 0xD6, 0x9B, 0xCE, 0xDC, 0xD6, 0xBB, 0xD6, 0xBB, 0xD6, 0xBB, 0xD6, 0xBB, 0xD6,
    0xBB, 0xD6, 0xBB, 0xD6, 0xBB, 0xD6, 0xBB, 0xD6, 0xBB, 0xD6, 0xBB, 0xD6, 0xBB, 0xD6, 0xBB, 0xD6,
    0xBB, 0xD6, 0xBB, 0xD6, 0xBB, 0xD6, 0xBB, 0xD6, 0xBB, 0xD6, 0xBB, 0xD6, 0xBB, 0xD6, 0xBB, 0xD6,
    0xBB, 0xD6, 0xBB, 0xD6, 0xBB, 0xD6, 0xBB, 0xD6, 0xBB, 0xD6, 0xBB, 0xD6, 0xBB, 0xD6, 0xBB, 0xD6,
    0xBB, 0xD6, 0xBB, 0xD6, 0xBB, 0xCE, 0xBB, 0xCE, 0xBB, 0xCE, 0xBB, 0xCE, 0xBB, 0xD6, 0xBB, 0xD6,
    0xBB, 0xD6, 0xBB, 0xD6, 0xBB, 0xD6, 0xBB, 0xD6, 0xBB, 0xD6, 0xBB, 0xD6, 0xBB, 0xD6, 0xBB, 0xD6,
    0xBB, 0xD6, 0xBB, 0xD6, 0xBB, 0xD6, 0xBB, 0xD6, 0xBB, 0xD6, 0xBB, 0xD6, 0xBB, 0xD6, 0xBB, 0xD6,
    0xBB, 0xD6, 0xBB, 0xD6, 0xBB, 0xD6, 0xBB, 0xD6, 0xBB, 0xD6, 0xBB, 0xD6, 0xBB, 0xD6, 0xBB, 0xD6,
    0xBB, 0xD6, 0xBB, 0xD6, 0xBB, 0xCE, 0xBB, 0xCE, 0xBB, 0xCE, 0xBB, 0xCE, 0xBB, 0xD6, 0xBB, 0xD6,
    0xBB, 0xD6, 0xBB, 0xD6, 0xBB, 0xD6, 0xBB, 0xCE, 0xBB, 0xCE, 0xBB, 0xCE, 0xBB, 0xCE, 0xBB, 0xD6,
    0xBB, 0xD6, 0xBF, 0xF7, 0xDF, 0xFF, 0xFF, 0xFF, 0xFF, 0xFF, 0xFF, 0xFF, 0xFF, 0xFF, 0xFF, 0xFF,
    0xFF, 0xFF, 0xFF, 0xFF, 0xFF, 0xFF, 0xFF, 0xFF, 0xFF, 0xFF, 0xFF, 0xFF, 0xFF, 0xFF, 0xFF, 0xFF,
    0xFF, 0xFF, 0xFF, 0xFF, 0xFF, 0xFF, 0xFF, 0xFF, 0xFF, 0xFF, 0xFF, 0xFF, 0xFF, 0xFF, 0xFF, 0xFF,
    0xFF, 0xFF, 0xFF, 0xFF, 0xFF, 0xFF, 0xFF, 0xFF, 0xFF, 0xFF, 0x7D, 0xEF, 0xBB, 0xCE, 0xBB, 0xD6,
    0xBB, 0xD6, 0xBB, 0xD6, 0xBB, 0xD6, 0xBB, 0xD6, 0xBB, 0xD6, 0xBB, 0xD6, 0xBB, 0xD6, 0xBB, 0xD6,
    0xBB, 0xD6, 0xBB, 0xD6, 0xBB, 0xD6, 0xBB, 0xD6, 0xBB, 0xD6, 0xBB, 0xD6, 0xBB, 0xD6, 0xBB, 0xD6,
    0xBB, 0xD6, 0xBB, 0xD6, 0xBB, 0xD6, 0xBB, 0xD6, 0xBB, 0xD6, 0xBB, 0xD6, 0xBB, 0xD6, 0xBB, 0xCE,
    0xBB, 0xCE, 0xBB, 0xCE, 0xBB, 0xCE, 0xBB, 0xCE, 0xBB, 0xD6, 0xBB, 0xD6, 0xBB, 0xD6, 0xBB, 0xD6,
    0xBB, 0xD6, 0xBB, 0xD6, 0xBB, 0xD6, 0xBB, 0xD6, 0xBB, 0xD6, 0xBB, 0xD6, 0xBB, 0xD6, 0xBB, 0xD6,
    0xBB, 0xD6, 0xBB, 0xD6, 0xBB, 0xD6, 0xBB, 0xD6, 0xBB, 0xD6, 0xBB, 0xD6, 0xBB, 0xD6, 0xBB, 0xD6,
    0xBB, 0xD6, 0xBB, 0xD6, 0xBB, 0xD6, 0xBB, 0xD6, 0xBB, 0xD6, 0xBB, 0xD6, 0xBB, 0xD6, 0xBB, 0xD6,
    0xBB, 0xD6, 0xBB, 0xD6, 0xBB, 0xD6, 0xBB, 0xD6, 0xBB, 0xD6, 0xBB, 0xD6, 0xBB, 0xD6, 0xBB, 0xD6,
    0xBB, 0xD6, 0xBB, 0xD6, 0xBB, 0xD6, 0xBB, 0xD6, 0xBB, 0xD6, 0xBB, 0xD6, 0xBB, 0xD6, 0xBB, 0xD6,
    0xBB, 0xD6, 0xBB, 0xD6, 0xBB, 0xD6, 0xBB, 0xD6, 0xBB, 0xD6, 0xBB, 0xCE, 0x9A, 0xCE, 0xBE, 0xF7,
    0xFF, 0xFF, 0xFF, 0xFF, 0xFF, 0xFF, 0xFF, 0xFF, 0xFF, 0xFF, 0xFF, 0xFF, 0xFF, 0xFF, 0xFF, 0xFF,
    0xFF, 0xFF, 0xFF, 0xFF, 0xFF, 0xFF, 0xFF, 0xFF, 0xFF, 0xFF, 0xFF, 0xFF, 0xFF, 0xFF, 0xFF, 0xFF,
    0xFF, 0xFF, 0xFF, 0xFF, 0xFF, 0xFF, 0xFF, 0xFF, 0xFF, 0xFF, 0xFF, 0xFF, 0xFF, 0xFF, 0xFF, 0xFF,
    0xFF, 0xFF, 0xFF, 0xFF, 0xFF, 0xFF, 0x5D, 0xE7, 0xBB, 0xD6, 0xBB, 0xD6, 0xBB, 0xD6, 0xBB, 0xD6,
    0xBB, 0xD6, 0xBB, 0xD6, 0xBB, 0xD6, 0xBB, 0xD6, 0xBB, 0xD6, 0xBB, 0xD6, 0xBB, 0xD6, 0xBB, 0xD6,
    0xBB, 0xD6, 0xBB, 0xD6, 0xBB, 0xD6, 0xBB, 0xD6, 0xBB, 0xD6, 0xBB, 0xD6, 0xBB, 0xD6, 0xBB, 0xD6,
    0xBB, 0xD6, 0xBB, 0xD6, 0xBB, 0xD6, 0xBB, 0xD6, 0xBB, 0xD6, 0xBB, 0xCE, 0xBB, 0xCE, 0xBB, 0xCE,
    0xBB, 0xCE, 0xBB, 0xCE, 0xBB, 0xD6, 0xBB, 0xD6, 0xBB, 0xD6, 0xBB, 0xD6, 0xBB, 0xD6, 0xBB, 0xD6,
    0xBB, 0xD6, 0xBB, 0xD6, 0xBB, 0xD6, 0xBB, 0xD6, 0xBB, 0xD6, 0xBB, 0xD6, 0xBB, 0xD6, 0xBB, 0xD6,
    0xBB, 0xD6, 0xBB, 0xD6, 0xBB, 0xD6, 0xBB, 0xD6, 0xBB, 0xD6, 0xBB, 0xD6, 0xBB, 0xD6, 0xBB, 0xD6,
    0xBB, 0xD6, 0xBB, 0xD6, 0xBB, 0xD6, 0xBB, 0xD6, 0xBB, 0xD6, 0xBB, 0xD6, 0xBB, 0xD6, 0xBB, 0xD6,
    0xBB, 0xD6, 0xBB, 0xD6, 0xBB, 0xD6, 0xBB, 0xD6, 0xBB, 0xD6, 0xBB, 0xD6, 0xBB, 0xD6, 0xBB, 0xD6,
    0xBB, 0xD6, 0xBB, 0xD6, 0xBB, 0xD6, 0xBB, 0xD6, 0xBB, 0xD6, 0xBB, 0xD6, 0xBB, 0xD6, 0xBB, 0xD6,
    0xBB, 0xD6, 0xBB, 0xD6, 0xBB, 0xD6, 0xBB, 0xCE, 0x9A, 0xCE, 0xBE, 0xF7, 0xFF, 0xFF, 0xFF, 0xFF,
    0xFF, 0xFF, 0xFF, 0xFF, 0xFF, 0xFF, 0xFF, 0xFF, 0xFF, 0xFF, 0xFF, 0xFF, 0xFF, 0xFF, 0xFF, 0xFF,
    0xFF, 0xFF, 0xFF, 0xFF, 0xFF, 0xFF, 0xFF, 0xFF, 0xFF, 0xFF, 0xFF, 0xFF, 0xFF, 0xFF, 0xFF, 0xFF,
    0xFF, 0xFF, 0xFF, 0xFF, 0xFF, 0xFF, 0xFF, 0xFF, 0xFF, 0xFF, 0xFF, 0xFF, 0xFF, 0xFF, 0xFF, 0xFF,
    0xDF, 0xFF, 0x3C, 0xE7, 0xBB, 0xD6, 0xBB, 0xD6, 0xBB, 0xD6, 0xBB, 0xD6, 0xBB, 0xD6, 0xBB, 0xD6,
    0xBB, 0xD6, 0xBB, 0xD6, 0xBB, 0xD6, 0xBB, 0xD6, 0xBB, 0xD6, 0xBB, 0xD6, 0xBB, 0xD6, 0xBB, 0xD6,
    0xBB, 0xD6, 0xBB, 0xD6, 0xBB, 0xD6, 0xBB, 0xD6, 0xBB, 0xD6, 0xBB, 0xD6, 0xBB, 0xD6, 0xBB, 0xD6,
    0xBB, 0xD6, 0xBB, 0xD6, 0xBB, 0xD6, 0xBB, 0xCE, 0xBB, 0xCE, 0xBB, 0xCE, 0xBB, 0xCE, 0xBB, 0xCE,
    0xBB, 0xD6, 0xBB, 0xD6, 0xBB, 0xD6, 0xBB, 0xD6, 0xBB, 0xD6, 0xBB, 0xD6, 0xBB, 0xD6, 0xBB, 0xD6,
    0xBB, 0xD6, 0xBB, 0xD6, 0xBB, 0xD6, 0xBB, 0xD6, 0xBB, 0xD6, 0xBB, 0xD6, 0xBB, 0xD6, 0xBB, 0xD6,
    0xBB, 0xD6, 0xBB, 0xD6, 0xBB, 0xD6, 0xBB, 0xD6, 0xBB, 0xD6, 0xBB, 0xD6, 0xBB, 0xD6, 0xBB, 0xD6,
    0xBB, 0xD6, 0xBB, 0xD6, 0xBB, 0xD6, 0xBB, 0xD6, 0xBB, 0xD6, 0xBB, 0xD6, 0xBB, 0xD6, 0xBB, 0xD6,
    0xBB, 0xD6, 0xBB, 0xD6, 0xBB, 0xD6, 0xBB, 0xD6, 0xBB, 0xD6, 0xBB, 0xD6, 0xBB, 0xD6, 0xBB, 0xD6,
    0xBB, 0xD6, 0xBB, 0xD6, 0xBB, 0xD6, 0xBB, 0xD6, 0xBB, 0xD6, 0xBB, 0xD6, 0xBB, 0xD6, 0xBB, 0xD6,
    0xBB, 0xD6, 0xBB, 0xCE, 0x9A, 0xCE, 0xBE, 0xF7, 0xFF, 0xFF, 0xFF, 0xFF, 0xFF, 0xFF, 0xFF, 0xFF,
    0xFF, 0xFF, 0xFF, 0xFF, 0xFF, 0xFF, 0xFF, 0xFF, 0xFF, 0xFF, 0xFF, 0xFF, 0xFF, 0xFF, 0xFF, 0xFF,
    0xFF, 0xFF, 0xFF, 0xFF, 0xFF, 0xFF, 0xFF, 0xFF, 0xFF, 0xFF, 0xFF, 0xFF, 0xFF, 0xFF, 0xFF, 0xFF,
    0xFF, 0xFF, 0xFF, 0xFF, 0xFF, 0xFF, 0xFF, 0xFF, 0xFF, 0xFF, 0xFF, 0xFF, 0xDF, 0xFF, 0x1C, 0xDF,
    0xBB, 0xD6, 0xBB, 0xD6, 0xBB, 0xD6, 0xBB, 0xD6, 0xBB, 0xD6, 0xBB, 0xD6, 0xBB, 0xD6, 0xBB, 0xD6,
    0xBB, 0xD6, 0xBB, 0xD6, 0xBB, 0xD6, 0xBB, 0xD6, 0xBB, 0xD6, 0xBB, 0xD6, 0xBB, 0xD6, 0xBB, 0xD6,
    0xBB, 0xD6, 0xBB, 0xD6, 0xBB, 0xD6, 0xBB, 0xD6, 0xBB, 0xD6, 0xBB, 0xD6, 0xBB, 0xD6, 0xBB, 0xD6,
    0xBB, 0xD6, 0xBB, 0xCE, 0xBB, 0xCE, 0xBB, 0xCE, 0xBB, 0xCE, 0xBB, 0xCE, 0xBB, 0xD6, 0xBB, 0xD6,
    0xBB, 0xD6, 0xBB, 0xD6, 0xBB, 0xD6, 0xBB, 0xD6, 0xBB, 0xD6, 0xBB, 0xD6, 0xBB, 0xD6, 0xBB, 0xD6,
    0xBB, 0xD6, 0xBB, 0xD6, 0xBB, 0xD6, 0xBB, 0xD6, 0xBB, 0xD6, 0xBB, 0xD6, 0xBB, 0xD6, 0xBB, 0xD6,
    0xBB, 0xD6, 0xBB, 0xD6, 0xBB, 0xD6, 0xBB, 0xD6, 0xBB, 0xD6, 0xBB, 0xD6, 0xBB, 0xD6, 0xBB, 0xD6,
    0xBB, 0xD6, 0xBB, 0xD6, 0xBB, 0xD6, 0xBB, 0xD6, 0xBB, 0xD6, 0xBB, 0xD6, 0xBB, 0xD6, 0xBB, 0xD6,
    0xBB, 0xD6, 0xBB, 0xD6, 0xBB, 0xD6, 0xBB, 0xD6, 0xBB, 0xD6, 0xBB, 0xD6, 0xBB, 0xD6, 0xBB, 0xD6,
    0xBB, 0xD6, 0xBB, 0xD6, 0xBB, 0xD6, 0xBB, 0xD6, 0xBB, 0xD6, 0xBB, 0xD6, 0xBB, 0xD6, 0xBB, 0xCE,
    0x9A, 0xCE, 0xBE, 0xF7, 0xFF, 0xFF, 0xFF, 0xFF, 0xFF, 0xFF, 0xFF, 0xFF, 0xFF, 0xFF, 0xFF, 0xFF,
    0xFF, 0xFF, 0xFF, 0xFF, 0xFF, 0xFF, 0xFF, 0xFF, 0xFF, 0xFF, 0xFF, 0xFF, 0xFF, 0xFF, 0xFF, 0xFF,
    0xFF, 0xFF, 0xFF, 0xFF, 0xFF, 0xFF, 0xFF, 0xFF, 0xFF, 0xFF, 0xFF, 0xFF, 0xFF, 0xFF, 0xFF, 0xFF,
    0xFF, 0xFF, 0xFF, 0xFF, 0xFF, 0xFF, 0xFF, 0xFF, 0xDF, 0xFF, 0x1C, 0xDF, 0xBB, 0xD6, 0xBB, 0xD6,
    0xBB, 0xD6, 0xBB, 0xD6, 0xBB, 0xD6, 0xBB, 0xD6, 0xBB, 0xD6, 0xBB, 0xD6, 0xBB, 0xD6, 0xBB, 0xD6,
    0xBB, 0xD6, 0xBB, 0xD6, 0xBB, 0xD6, 0xBB, 0xD6, 0xBB, 0xD6, 0xBB, 0xD6, 0xBB, 0xD6, 0xBB, 0xD6,
    0xBB, 0xD6, 0xBB, 0xD6, 0xBB, 0xD6, 0xBB, 0xD6, 0xBB, 0xD6, 0xBB, 0xD6, 0xBB, 0xD6, 0xBB, 0xD6,
    0xBB, 0xD6, 0xBB, 0xD6, 0xBB, 0xD6, 0xBB, 0xD6, 0xBB, 0xD6, 0xBB, 0xD6, 0xBB, 0xD6, 0xBB, 0xD6,
    0xBB, 0xD6, 0xBB, 0xD6, 0xBB, 0xD6, 0xBB, 0xD6, 0xBB, 0xD6, 0xBB, 0xD6, 0xBB, 0xD6, 0xBB, 0xD6,
    0xBB, 0xD6, 0xBB, 0xD6, 0xBB, 0xD6, 0xBB, 0xD6, 0xBB, 0xD6, 0xBB, 0xD6, 0xBB, 0xD6, 0xBB, 0xD6,
    0xBB, 0xD6, 0xBB, 0xD6, 0xBB, 0xD6, 0xBB, 0xD6, 0xBB, 0xD6, 0xBB, 0xD6, 0xBB, 0xD6, 0xBB, 0xD6,
    0xBB, 0xD6, 0xBB, 0xD6, 0xBB, 0xD6, 0xBB, 0xD6, 0xBB, 0xD6, 0xBB, 0xD6, 0xBB, 0xD6, 0xBB, 0xD6,
    0xBB, 0xD6, 0xBB, 0xD6, 0xBB, 0xD6, 0xBB, 0xD6, 0xBB, 0xCE, 0xBB, 0xCE, 0xBB, 0xCE, 0xBB, 0xCE,
    0xBB, 0xCE, 0xBB, 0xD6, 0xBB, 0xD6, 0xBB, 0xD6, 0xBB, 0xD6, 0xBB, 0xCE, 0xBB, 0xD6, 0xDF, 0xFF,
    0xDF, 0xFF, 0xFF, 0xFF, 0xFF, 0xFF, 0xFF, 0xFF, 0xFF, 0xFF, 0xFF, 0xFF, 0xFF, 0xFF, 0xFF, 0xFF,
    0xFF, 0xFF, 0xFF, 0xFF, 0xFF, 0xFF, 0xFF, 0xFF, 0xFF, 0xFF, 0xFF, 0xFF, 0xFF, 0xFF, 0xFF, 0xFF,
    0xFF, 0xFF, 0xFF, 0xFF, 0xFF, 0xFF, 0xFF, 0xFF, 0xFF, 0xFF, 0xFF, 0xFF, 0xFF, 0xFF, 0xFF, 0xFF,
    0xFF, 0xFF, 0xFF, 0xFF, 0xFF, 0xFF, 0x3D, 0xE7, 0xBB, 0xD6, 0xBB, 0xD6, 0xBB, 0xD6, 0xBB, 0xD6,
    0xBB, 0xD6, 0xBB, 0xD6, 0xBB, 0xD6, 0xBB, 0xD6, 0xBB, 0xD6, 0xBB, 0xD6, 0xBB, 0xD6, 0xBB, 0xD6,
    0xBB, 0xD6, 0xBB, 0xD6, 0xBB, 0xD6, 0xBB, 0xD6, 0xBB, 0xD6, 0xBB, 0xD6, 0xBB, 0xD6, 0xBB, 0xD6,
    0xBB, 0xD6, 0xBB, 0xD6, 0xBB, 0xD6, 0xBB, 0xD6, 0xBB, 0xD6, 0xBB, 0xD6, 0xBB, 0xD6, 0xBB, 0xD6,
    0xBB, 0xD6, 0xBB, 0xD6, 0xBB, 0xD6, 0xBB, 0xD6, 0xBB, 0xD6, 0xBB, 0xD6, 0xBB, 0xD6, 0xBB, 0xD6,
    0xBB, 0xD6, 0xBB, 0xD6, 0xBB, 0xD6, 0xBB, 0xD6, 0xBB, 0xD6, 0xBB, 0xD6, 0xBB, 0xD6, 0xBB, 0xD6,
    0xBB, 0xD6, 0xBB, 0xD6, 0xBB, 0xD6, 0xBB, 0xD6, 0xBB, 0xD6, 0xBB, 0xD6, 0xBB, 0xD6, 0xBB, 0xD6,
    0xBB, 0xD6, 0xBB, 0xD6, 0xBB, 0xD6, 0xBB, 0xD6, 0xBB, 0xD6, 0xBB, 0xD6, 0xBB, 0xD6, 0xBB, 0xD6,
    0xBB, 0xD6, 0xBB, 0xD6, 0xBB, 0xD6, 0xBB, 0xD6, 0xBB, 0xD6, 0xBB, 0xD6, 0xBB, 0xD6, 0xBB, 0xD6,
    0xBB, 0xD6, 0xBB, 0xD6, 0xBB, 0xCE, 0xBB, 0xCE, 0xBB, 0xCE, 0xBB, 0xCE, 0xBB, 0xCE, 0xBB, 0xD6,
    0xBB, 0xD6, 0xBB, 0xD6, 0xBB, 0xD6, 0xBB, 0xD6, 0xDB, 0xD6, 0xDF, 0xFF, 0xFF, 0xFF, 0xFF, 0xFF,
    0xFF, 0xFF, 0xFF, 0xFF, 0xFF, 0xFF, 0xFF, 0xFF, 0xFF, 0xFF, 0xFF, 0xFF, 0xFF, 0xFF, 0xFF, 0xFF,
    0xFF, 0xFF, 0xFF, 0xFF, 0xFF, 0xFF, 0xFF, 0xFF, 0xFF, 0xFF, 0xFF, 0xFF, 0xFF, 0xFF, 0xFF, 0xFF,
    0xFF, 0xFF, 0xFF, 0xFF, 0xFF, 0xFF, 0xFF, 0xFF, 0xFF, 0xFF, 0xFF, 0xFF, 0xFF, 0xFF, 0xFF, 0xFF,
    0xFF, 0xFF, 0x7D, 0xEF, 0xBB, 0xD6, 0xBB, 0xD6, 0xBB, 0xD6, 0xBB, 0xD6, 0xBB, 0xD6, 0xBB, 0xD6,
    0xBB, 0xD6, 0xBB, 0xD6, 0xBB, 0xD6, 0xBB, 0xD6, 0xBB, 0xD6, 0xBB, 0xD6, 0xBB, 0xD6, 0xBB, 0xD6,
    0xBB, 0xD6, 0xBB, 0xD6, 0xBB, 0xD6, 0xBB, 0xD6, 0xBB, 0xD6, 0xBB, 0xD6, 0xBB, 0xD6, 0xBB, 0xD6,
    0xBB, 0xD6, 0xBB, 0xD6, 0xBB, 0xD6, 0xBB, 0xD6, 0xBB, 0xD6, 0xBB, 0xD6, 0xBB, 0xD6, 0xBB, 0xD6,
    0xBB, 0xD6, 0xBB, 0xD6, 0xBB, 0xD6, 0xBB, 0xD6, 0xBB, 0xD6, 0xBB, 0xD6, 0xBB, 0xD6, 0xBB, 0xD6,
    0xBB, 0xD6, 0xBB, 0xD6, 0xBB, 0xD6, 0xBB, 0xD6, 0xBB, 0xD6, 0xBB, 0xD6, 0xBB, 0xD6, 0xBB, 0xD6,
    0xBB, 0xD6, 0xBB, 0xD6, 0xBB, 0xD6, 0xBB, 0xD6, 0xBB, 0xD6, 0xBB, 0xD6, 0xBB, 0xD6, 0xBB, 0xD6,
    0xBB, 0xD6, 0xBB, 0xD6, 0xBB, 0xD6, 0xBB, 0xD6, 0xBB, 0xD6, 0xBB, 0xD6, 0xBB, 0xD6, 0xBB, 0xD6,
    0xBB, 0xD6, 0xBB, 0xD6, 0xBB, 0xD6, 0xBB, 0xD6, 0xBB, 0xD6, 0xBB, 0xD6, 0xBB, 0xD6, 0xBB, 0xD6,
    0xBB, 0xCE, 0xBB, 0xCE, 0xBB, 0xCE, 0xBB, 0xCE, 0xBB, 0xCE, 0xBB, 0xD6, 0xBB, 0xD6, 0xBB, 0xD6,
    0xBB, 0xD6, 0x9B, 0xCE, 0x3D, 0xE7, 0xFF, 0xFF, 0xFF, 0xFF, 0xFF, 0xFF, 0xFF, 0xFF, 0xFF, 0xFF,
    0xFF, 0xFF, 0xFF, 0xFF, 0xFF, 0xFF, 0xFF, 0xFF, 0xFF, 0xFF, 0xFF, 0xFF, 0xFF, 0xFF, 0xFF, 0xFF,
    0xFF, 0xFF, 0xFF, 0xFF, 0xFF, 0xFF, 0xFF, 0xFF, 0xFF, 0xFF, 0xFF, 0xFF, 0xFF, 0xFF, 0xFF, 0xFF,
    0xFF, 0xFF, 0xFF, 0xFF, 0xFF, 0xFF, 0xFF, 0xFF, 0xFF, 0xFF, 0xFF, 0xFF, 0xFF, 0xFF, 0x7E, 0xEF,
    0xBB, 0xD6, 0xBB, 0xD6, 0xBB, 0xD6, 0xBB, 0xD6, 0xBB, 0xD6, 0xBB, 0xD6, 0xBB, 0xD6, 0xBB, 0xD6,
    0xBB, 0xD6, 0xBB, 0xD6, 0xBB, 0xD6, 0xBB, 0xD6, 0xBB, 0xD6, 0xBB, 0xD6, 0xBB, 0xD6, 0xBB, 0xD6,
    0xBB, 0xD6, 0xBB, 0xD6, 0xBB, 0xD6, 0xBB, 0xD6, 0xBB, 0xD6, 0xBB, 0xD6, 0xBB, 0xD6, 0xBB, 0xD6,
    0xBB, 0xD6, 0xBB, 0xD6, 0xBB, 0xD6, 0xBB, 0xD6, 0xBB, 0xD6, 0xBB, 0xD6, 0xBB, 0xD6, 0xBB, 0xD6,
    0xBB, 0xD6, 0xBB, 0xD6, 0xBB, 0xD6, 0xBB, 0xD6, 0xBB, 0xD6, 0xBB, 0xD6, 0xBB, 0xD6, 0xBB, 0xD6,
    0xBB, 0xD6, 0xBB, 0xD6, 0xBB, 0xD6, 0xBB, 0xD6, 0xBB, 0xD6, 0xBB, 0xD6, 0xBB, 0xD6, 0xBB, 0xD6,
    0xBB, 0xD6, 0xBB, 0xD6, 0xBB, 0xD6, 0xBB, 0xD6, 0xBB, 0xD6, 0xBB, 0xD6, 0xBB, 0xD6, 0xBB, 0xD6,
    0xBB, 0xD6, 0xBB, 0xD6, 0xBB, 0xD6, 0xBB, 0xD6, 0xBB, 0xD6, 0xBB, 0xD6, 0xBB, 0xD6, 0xBB, 0xD6,
    0xBB, 0xD6, 0xBB, 0xD6, 0xBB, 0xD6, 0xBB, 0xD6, 0xBB, 0xD6, 0xBB, 0xD6, 0xBB, 0xCE, 0xBB, 0xCE,
    0xBB, 0xCE, 0xBB, 0xCE, 0xBB, 0xCE, 0xBB, 0xD6, 0xBB, 0xD6, 0xBB, 0xD6, 0xBB, 0xD6, 0x9A, 0xCE,
    0x7E, 0xEF, 0xFF, 0xFF, 0xDF, 0xFF, 0xFF, 0xFF, 0xFF, 0xFF, 0xFF, 0xFF, 0xFF, 0xFF, 0xFF, 0xFF,
    0xFF, 0xFF, 0xFF, 0xFF, 0xFF, 0xFF, 0xFF, 0xFF, 0xFF, 0xFF, 0xFF, 0xFF, 0xFF, 0xFF, 0xFF, 0xFF,
    0xFF, 0xFF, 0xFF, 0xFF, 0xFF, 0xFF, 0xFF, 0xFF, 0xFF, 0xFF, 0xFF, 0xFF, 0xFF, 0xFF, 0xFF, 0xFF,
    0xFF, 0xFF, 0xFF, 0xFF, 0xFF, 0xFF, 0xFF, 0xFF, 0xDF, 0xFF, 0xFF, 0xFF, 0xBA, 0xD6, 0xBB, 0xD6,
    0x9B, 0xCE, 0xBB, 0xD6, 0x9B, 0xCE, 0xBB, 0xD6, 0xBB, 0xD6, 0xBB, 0xD6, 0xBB, 0xD6, 0xBB, 0xD6,
    0xBB, 0xD6, 0xBB, 0xD6, 0xBB, 0xD6, 0xBB, 0xD6, 0xBB, 0xD6, 0xBB, 0xD6, 0xBB, 0xD6, 0xBB, 0xD6,
    0xBB, 0xD6, 0xBB, 0xD6, 0xBB, 0xD6, 0xBB, 0xD6, 0xBB, 0xD6, 0xBB, 0xD6, 0xBB, 0xD6, 0xBB, 0xD6,
    0xBB, 0xD6, 0xBB, 0xD6, 0xBB, 0xD6, 0xBB, 0xD6, 0xBB, 0xD6, 0xBB, 0xD6, 0xBB, 0xD6, 0xBB, 0xD6,
    0xBB, 0xD6, 0xBB, 0xD6, 0xBB, 0xD6, 0xBB, 0xD6, 0xBB, 0xD6, 0xBB, 0xD6, 0xBB, 0xD6, 0xBB, 0xD6,
    0xBB, 0xD6, 0xBB, 0xD6, 0xBB, 0xD6, 0xBB, 0xD6, 0xBB, 0xD6, 0xBB, 0xD6, 0xBB, 0xD6, 0xBB, 0xD6,
    0xBB, 0xD6, 0xBB, 0xD6, 0xBB, 0xD6, 0xBB, 0xD6, 0xBB, 0xD6, 0xBB, 0xD6, 0xBB, 0xD6, 0xBB, 0xD6,
    0xBB, 0xD6, 0xBB, 0xD6, 0xBB, 0xD6, 0xBB, 0xD6, 0xBB, 0xD6, 0xBB, 0xD6, 0xBB, 0xD6, 0xBB, 0xD6,
    0xBB, 0xD6, 0xBB, 0xD6, 0xBB, 0xD6, 0xBB, 0xD6, 0xBB, 0xD6, 0xBB, 0xD6, 0xBB, 0xD6, 0xBB, 0xD6,
    0xBB, 0xD6, 0xBB, 0xD6, 0xBB, 0xD6, 0xBB, 0xD6, 0xBC, 0xD6, 0xBB, 0xD6, 0xDF, 0xFF, 0xDF, 0xFF,
    0xFF, 0xFF, 0xFF, 0xFF, 0xFF, 0xFF, 0xFF, 0xFF, 0xFF, 0xFF, 0xFF, 0xFF, 0xFF, 0xFF, 0xFF, 0xFF,
    0xFF, 0xFF, 0xFF, 0xFF, 0xFF, 0xFF, 0xFF, 0xFF, 0xFF, 0xFF, 0xFF, 0xFF, 0xFF, 0xFF, 0xFF, 0xFF,
    0xFF, 0xFF, 0xFF, 0xFF, 0xFF, 0xFF, 0xFF, 0xFF, 0xFF, 0xFF, 0xFF, 0xFF, 0xFF, 0xFF, 0xFF, 0xFF,
    0xFF, 0xFF, 0xFF, 0xFF, 0xDF, 0xFF, 0xFF, 0xFF, 0x7D, 0xEF, 0xBB, 0xD6, 0xBC, 0xD6, 0x9B, 0xCE,
    0xDC, 0xD6, 0xBB, 0xD6, 0xBB, 0xD6, 0xBB, 0xD6, 0xBB, 0xD6, 0xBB, 0xD6, 0xBB, 0xD6, 0xBB, 0xD6,
    0xBB, 0xD6, 0xBB, 0xD6, 0xBB, 0xD6, 0xBB, 0xD6, 0xBB, 0xD6, 0xBB, 0xD6, 0xBB, 0xD6, 0xBB, 0xD6,
    0xBB, 0xD6, 0xBB, 0xD6, 0xBB, 0xD6, 0xBB, 0xD6, 0xBB, 0xD6, 0xBB, 0xD6, 0xBB, 0xD6, 0xBB, 0xD6,
    0xBB, 0xD6, 0xBB, 0xD6, 0xBB, 0xD6, 0xBB, 0xD6, 0xBB, 0xD6, 0xBB, 0xD6, 0xBB, 0xD6, 0xBB, 0xD6,
    0xBB, 0xD6, 0xBB, 0xD6, 0xBB, 0xD6, 0xBB, 0xD6, 0xBB, 0xD6, 0xBB, 0xD6, 0xBB, 0xD6, 0xBB, 0xD6,
    0xBB, 0xD6, 0xBB, 0xD6, 0xBB, 0xD6, 0xBB, 0xD6, 0xBB, 0xD6, 0xBB, 0xD6, 0xBB, 0xD6, 0xBB, 0xD6,
    0xBB, 0xD6, 0xBB, 0xD6, 0xBB, 0xD6, 0xBB, 0xD6, 0xBB, 0xD6, 0xBB, 0xD6, 0xBB, 0xD6, 0xBB, 0xD6,
    0xBB, 0xD6, 0xBB, 0xD6, 0xBB, 0xD6, 0xBB, 0xD6, 0xBB, 0xD6, 0xBB, 0xD6, 0xBB, 0xD6, 0xBB, 0xD6,
    0xBB, 0xD6, 0xBB, 0xD6, 0xBB, 0xD6, 0xBB, 0xD6, 0xBB, 0xD6, 0xBB, 0xD6, 0xBB, 0xD6, 0x9B, 0xCE,
    0xBB, 0xD6, 0xBB, 0xD6, 0x9B, 0xCE, 0x5D, 0xEF, 0xFF, 0xFF, 0xFF, 0xFF, 0xFF, 0xFF, 0xFF, 0xFF,
    0xFF, 0xFF, 0xFF, 0xFF, 0xFF, 0xFF, 0xFF, 0xFF, 0xFF, 0xFF, 0xFF, 0xFF, 0xFF, 0xFF, 0xFF, 0xFF,
    0xFF, 0xFF, 0xFF, 0xFF, 0xFF, 0xFF, 0xFF, 0xFF, 0xFF, 0xFF, 0xFF, 0xFF, 0xFF, 0xFF, 0xFF, 0xFF,
    0xFF, 0xFF, 0xFF, 0xFF, 0xFF, 0xFF, 0xFF, 0xFF, 0xFF, 0xFF, 0xFF, 0xFF, 0xFF, 0xFF, 0xFF, 0xFF,
    0xFF, 0xFF, 0xFF, 0xFF, 0xDF, 0xFF, 0xBC, 0xD6, 0xBB, 0xD6, 0x9B, 0xCE, 0xDC, 0xD6, 0xBB, 0xD6,
    0xBB, 0xD6, 0xBB, 0xD6, 0xBB, 0xD6, 0xBB, 0xD6, 0xBB, 0xD6, 0xBB, 0xD6, 0xBB, 0xD6, 0xBB, 0xD6,
    0xBB, 0xD6, 0xBB, 0xD6, 0xBB, 0xD6, 0xBB, 0xD6, 0xBB, 0xD6, 0xBB, 0xD6, 0xBB, 0xD6, 0xBB, 0xD6,
    0xBB, 0xD6, 0xBB, 0xD6, 0xBB, 0xD6, 0xBB, 0xD6, 0xBB, 0xD6, 0xBB, 0xD6, 0xBB, 0xD6, 0xBB, 0xD6,
    0xBB, 0xD6, 0xBB, 0xD6, 0xBB, 0xD6, 0xBB, 0xD6, 0xBB, 0xD6, 0xBB, 0xD6, 0xBB, 0xD6, 0xBB, 0xD6,
    0xBB, 0xD6, 0xBB, 0xD6, 0xBB, 0xD6, 0xBB, 0xD6, 0xBB, 0xD6, 0xBB, 0xD6, 0xBB, 0xD6, 0xBB, 0xD6,
    0xBB, 0xD6, 0xBB, 0xD6, 0xBB, 0xD6, 0xBB, 0xD6, 0xBB, 0xD6, 0xBB, 0xD6, 0xBB, 0xD6, 0xBB, 0xD6,
    0xBB, 0xD6, 0xBB, 0xD6, 0xBB, 0xD6, 0xBB, 0xD6, 0xBB, 0xD6, 0xBB, 0xD6, 0xBB, 0xD6, 0xBB, 0xD6,
    0xBB, 0xD6, 0xBB, 0xD6, 0xBB, 0xD6, 0xBB, 0xD6, 0x9B, 0xD6, 0x9B, 0xD6, 0x9B, 0xD6, 0x9B, 0xD6,
    0xBB, 0xD6, 0xBB, 0xD6, 0xBB, 0xD6, 0xBB, 0xD6, 0xBB, 0xD6, 0xBC, 0xD6, 0xBB, 0xD6, 0x9B, 0xCE,
    0xBC, 0xD6, 0xBF, 0xFF, 0xFF, 0xFF, 0xFF, 0xFF, 0xFF, 0xFF, 0xFF, 0xFF, 0xFF, 0xFF, 0xFF, 0xFF,
    0xFF, 0xFF, 0xFF, 0xFF, 0xFF, 0xFF, 0xFF, 0xFF, 0xFF, 0xFF, 0xFF, 0xFF, 0xFF, 0xFF, 0xFF, 0xFF,
    0xFF, 0xFF, 0xFF, 0xFF, 0xFF, 0xFF, 0xFF, 0xFF, 0xFF, 0xFF, 0xFF, 0xFF, 0xFF, 0xFF, 0xFF, 0xFF,
    0xFF, 0xFF, 0xFF, 0xFF, 0xFF, 0xFF, 0xFF, 0xFF, 0xFF, 0xFF, 0xFF, 0xFF, 0xFF, 0xFF, 0xFF, 0xFF,
    0xFF, 0xFF, 0xFD, 0xDE, 0xBB, 0xD6, 0x9B, 0xD6, 0xBC, 0xD6, 0xBB, 0xD6, 0xBB, 0xD6, 0xBB, 0xD6,
    0xBB, 0xD6, 0xBB, 0xD6, 0xBB, 0xD6, 0xBB, 0xD6, 0xBB, 0xD6, 0xBB, 0xD6, 0xBB, 0xD6, 0xBB, 0xD6,
    0xBB, 0xD6, 0xBB, 0xD6, 0xBB, 0xD6, 0xBB, 0xD6, 0xBB, 0xD6, 0xBB, 0xD6, 0xBB, 0xD6, 0xBB, 0xD6,
    0xBB, 0xD6, 0xBB, 0xD6, 0xBB, 0xD6, 0xBB, 0xD6, 0xBB, 0xD6, 0xBB, 0xD6, 0xBB, 0xD6, 0xBB, 0xD6,
    0xBB, 0xD6, 0xBB, 0xD6, 0xBB, 0xD6, 0xBB, 0xD6, 0xBB, 0xD6, 0xBB, 0xD6, 0xBB, 0xD6, 0xBB, 0xD6,
    0xBB, 0xD6, 0xBB, 0xD6, 0xBB, 0xD6, 0xBB, 0xD6, 0xBB, 0xD6, 0xBB, 0xD6, 0xBB, 0xD6, 0xBB, 0xD6,
    0xBB, 0xD6, 0xBB, 0xD6, 0xBB, 0xD6, 0xBB, 0xD6, 0xBB, 0xD6, 0xBB, 0xD6, 0xBB, 0xD6, 0xBB, 0xD6,
    0xBB, 0xD6, 0xBB, 0xD6, 0xBB, 0xD6, 0xBB, 0xD6, 0xBB, 0xD6, 0xBB, 0xD6, 0xBB, 0xD6, 0xBB, 0xD6,
    0xBB, 0xD6, 0xBB, 0xD6, 0x9B, 0xD6, 0x9B, 0xD6, 0x9B, 0xD6, 0x9B, 0xD6, 0xBB, 0xD6, 0xBB, 0xD6,
    0xBB, 0xD6, 0xBB, 0xD6, 0xBB, 0xD6, 0xBC, 0xD6, 0xBB, 0xD6, 0x9B, 0xCE, 0x1D, 0xDF, 0xDF, 0xFF,
    0xFF, 0xFF, 0xFF, 0xFF, 0xFF, 0xFF, 0xFF, 0xFF, 0xFF, 0xFF, 0xFF, 0xFF, 0xFF, 0xFF, 0xFF, 0xFF,
    0xFF, 0xFF, 0xFF, 0xFF, 0xFF, 0xFF, 0xFF, 0xFF, 0xFF, 0xFF, 0xFF, 0xFF, 0xFF, 0xFF, 0xFF, 0xFF,
    0xFF, 0xFF, 0xFF, 0xFF, 0xFF, 0xFF, 0xFF, 0xFF, 0xFF, 0xFF, 0xFF, 0xFF, 0xFF, 0xFF, 0xFF, 0xFF,
    0xFF, 0xFF, 0xFF, 0xFF, 0xFF, 0xFF, 0xFF, 0xFF, 0xFF, 0xFF, 0xFF, 0xFF, 0xFF, 0xFF, 0x9E, 0xEF,
    0xBB, 0xD6, 0xBB, 0xCE, 0xBB, 0xCE, 0xBB, 0xD6, 0xBB, 0xD6, 0xBB, 0xD6, 0xBB, 0xD6, 0x9B, 0xD6,
    0x9B, 0xD6, 0x9B, 0xD6, 0x9B, 0xD6, 0xBB, 0xD6, 0xBB, 0xD6, 0xBB, 0xD6, 0xBB, 0xD6, 0xBB, 0xD6,
    0xBB, 0xD6, 0xBB, 0xD6, 0xBB, 0xD6, 0xBB, 0xD6, 0xBB, 0xD6, 0xBB, 0xD6, 0xBB, 0xD6, 0xBB, 0xD6,
    0xBB, 0xD6, 0xBB, 0xD6, 0xBB, 0xD6, 0xBB, 0xD6, 0xBB, 0xD6, 0xBB, 0xD6, 0xBB, 0xD6, 0xBB, 0xD6,
    0xBB, 0xD6, 0xBB, 0xD6, 0xBB, 0xD6, 0xBB, 0xD6, 0xBB, 0xD6, 0xBB, 0xD6, 0xBB, 0xD6, 0xBB, 0xD6,
    0xBB, 0xD6, 0xBB, 0xD6, 0xBB, 0xD6, 0xBB, 0xD6, 0xBB, 0xD6, 0xBB, 0xD6, 0xBB, 0xD6, 0xBB, 0xD6,
    0xBB, 0xD6, 0xBB, 0xD6, 0xBB, 0xD6, 0xBB, 0xD6, 0xBB, 0xD6, 0xBB, 0xD6, 0xBB, 0xD6, 0xBB, 0xD6,
    0xBB, 0xD6, 0xBB, 0xD6, 0xBB, 0xD6, 0xBB, 0xD6, 0xBB, 0xD6, 0xBB, 0xD6, 0xBB, 0xD6, 0xBB, 0xD6,
    0x9B, 0xD6, 0x9B, 0xD6, 0x9B, 0xD6, 0x9B, 0xD6, 0x9B, 0xCE, 0xBB, 0xCE, 0xBB, 0xD6, 0xBB, 0xCE,
    0x9B, 0xCE, 0xDC, 0xD6, 0xBB, 0xCE, 0x9B, 0xD6, 0xFF, 0xFF, 0xFF, 0xFF, 0xFF, 0xFF, 0xFF, 0xFF,
    0xFF, 0xFF, 0xFF, 0xFF, 0xFF, 0xFF, 0xFF, 0xFF, 0xFF, 0xFF, 0xFF, 0xFF, 0xFF, 0xFF, 0xFF, 0xFF,
    0xFF, 0xFF, 0xFF, 0xFF, 0xFF, 0xFF, 0xFF, 0xFF, 0xFF, 0xFF, 0xFF, 0xFF, 0xFF, 0xFF, 0xFF, 0xFF,
    0xFF, 0xFF, 0xFF, 0xFF, 0xFF, 0xFF, 0xFF, 0xFF, 0xFF, 0xFF, 0xFF, 0xFF, 0xFF, 0xFF, 0xFF, 0xFF,
    0xFF, 0xFF, 0xFF, 0xFF, 0xFF, 0xFF, 0xFF, 0xFF, 0xFF, 0xFF, 0xFF, 0xFF, 0x3D, 0xE7, 0x7A, 0xCE,
    0xDC, 0xD6, 0x9B, 0xD6, 0x9B, 0xD6, 0x9B, 0xD6, 0x9B, 0xD6, 0x9B, 0xD6, 0x9B, 0xD6, 0x9B, 0xD6,
    0x9B, 0xD6, 0xBB, 0xD6, 0xBB, 0xD6, 0xBB, 0xD6, 0xBB, 0xD6, 0xBB, 0xD6, 0xBB, 0xD6, 0xBB, 0xD6,
    0xBB, 0xD6, 0xBB, 0xD6, 0xBB, 0xD6, 0xBB, 0xD6, 0xBB, 0xD6, 0xBB, 0xD6, 0xBB, 0xD6, 0xBB, 0xD6,
    0xBB, 0xD6, 0xBB, 0xD6, 0xBB, 0xD6, 0xBB, 0xD6, 0xBB, 0xD6, 0xBB, 0xD6, 0xBB, 0xD6, 0xBB, 0xD6,
    0xBB, 0xD6, 0xBB, 0xD6, 0xBB, 0xD6, 0xBB, 0xD6, 0xBB, 0xD6, 0xBB, 0xD6, 0xBB, 0xD6, 0xBB, 0xD6,
    0xBB, 0xD6, 0xBB, 0xD6, 0xBB, 0xD6, 0xBB, 0xD6, 0xBB, 0xD6, 0xBB, 0xD6, 0xBB, 0xD6, 0xBB, 0xD6,
    0xBB, 0xD6, 0xBB, 0xD6, 0xBB, 0xD6, 0xBB, 0xD6, 0xBB, 0xD6, 0xBB, 0xD6, 0xBB, 0xD6, 0xBB, 0xD6,
    0xBB, 0xD6, 0xBB, 0xD6, 0xBB, 0xD6, 0xBB, 0xD6, 0xBB, 0xD6, 0xBB, 0xD6, 0x9B, 0xD6, 0x9B, 0xD6,
    0x9B, 0xD6, 0x9B, 0xD6, 0x9B, 0xCE, 0xBB, 0xCE, 0xBB, 0xCE, 0xBB, 0xCE, 0x9B, 0xCE, 0x9B, 0xCE,
    0xBB, 0xD6, 0x9F, 0xF7, 0xFF, 0xFF, 0xFF, 0xFF, 0xFF, 0xFF, 0xFF, 0xFF, 0xFF, 0xFF, 0xFF, 0xFF,
    0xFF, 0xFF, 0xFF, 0xFF, 0xFF, 0xFF, 0xFF, 0xFF, 0xFF, 0xFF, 0xFF, 0xFF, 0xFF, 0xFF, 0xFF, 0xFF,
    0xFF, 0xFF, 0xFF, 0xFF, 0xFF, 0xFF, 0xFF, 0xFF, 0xFF, 0xFF, 0xFF, 0xFF, 0xFF, 0xFF, 0xFF, 0xFF,
    0xFF, 0xFF, 0xFF, 0xFF, 0xFF, 0xFF, 0xFF, 0xFF, 0xFF, 0xFF, 0xFF, 0xFF, 0xFF, 0xFF, 0xFF, 0xFF,
    0xFF, 0xFF, 0xFF, 0xFF, 0xFF, 0xFF, 0xFF, 0xFF, 0xDF, 0xFF, 0x1C, 0xDF, 0x7A, 0xCE, 0x9B, 0xCE,
    0x9B, 0xCE, 0x9B, 0xCE, 0x9B, 0xCE, 0xBB, 0xD6, 0xBB, 0xD6, 0xBB, 0xD6, 0xBB, 0xD6, 0xBB, 0xD6,
    0xBB, 0xD6, 0xBB, 0xD6, 0xBB, 0xD6, 0xBB, 0xD6, 0xBB, 0xD6, 0xBB, 0xD6, 0xBB, 0xD6, 0xBB, 0xD6,
    0xBB, 0xD6, 0xBB, 0xD6, 0xBB, 0xD6, 0xBB, 0xD6, 0xBB, 0xD6, 0xBB, 0xD6, 0xBB, 0xD6, 0xBB, 0xD6,
    0xBB, 0xD6, 0xBB, 0xD6, 0xBB, 0xD6, 0xBB, 0xD6, 0xBB, 0xD6, 0xBB, 0xD6, 0xBB, 0xD6, 0xBB, 0xD6,
    0xBB, 0xD6, 0xBB, 0xD6, 0xBB, 0xD6, 0xBB, 0xD6, 0xBB, 0xD6, 0xBB, 0xD6, 0xBB, 0xD6, 0xBB, 0xD6,
    0xBB, 0xD6, 0xBB, 0xD6, 0xBB, 0xD6, 0xBB, 0xD6, 0xBB, 0xD6, 0xBB, 0xD6, 0xBB, 0xD6, 0xBB, 0xD6,
    0xBB, 0xD6, 0xBB, 0xD6, 0xBB, 0xD6, 0xBB, 0xD6, 0xBB, 0xD6, 0xBB, 0xD6, 0xBB, 0xD6, 0xBB, 0xD6,
    0xBB, 0xD6, 0xBB, 0xD6, 0xBB, 0xD6, 0xBB, 0xD6, 0xBB, 0xD6, 0xBB, 0xD6, 0xBB, 0xD6, 0xBB, 0xD6,
    0xBB, 0xCE, 0xBB, 0xCE, 0x9B, 0xCE, 0xBB, 0xCE, 0xBB, 0xCE, 0xBB, 0xD6, 0x7E, 0xEF, 0xFF, 0xFF,
    0xFF, 0xFF, 0xFF, 0xFF, 0xFF, 0xFF, 0xFF, 0xFF, 0xFF, 0xFF, 0xFF, 0xFF, 0xFF, 0xFF, 0xFF, 0xFF,
    0xFF, 0xFF, 0xFF, 0xFF, 0xFF, 0xFF, 0xFF, 0xFF, 0xFF, 0xFF, 0xFF, 0xFF, 0xFF, 0xFF, 0xFF, 0xFF,
    0xFF, 0xFF, 0xFF, 0xFF, 0xFF, 0xFF, 0xFF, 0xFF, 0xFF, 0xFF, 0xFF, 0xFF, 0xFF, 0xFF, 0xFF, 0xFF,
    0xFF, 0xFF, 0xFF, 0xFF, 0xFF, 0xFF, 0xFF, 0xFF, 0xFF, 0xFF, 0xFF, 0xFF, 0xFF, 0xFF, 0xFF, 0xFF,
    0xFF, 0xFF, 0xDF, 0xFF, 0xFF, 0xFF, 0xDF, 0xFF, 0x1D, 0xE7, 0xBB, 0xD6, 0xBB, 0xD6, 0xBB, 0xD6,
    0xBB, 0xD6, 0xBB, 0xD6, 0xBB, 0xD6, 0xBB, 0xD6, 0xBB, 0xD6, 0xBB, 0xD6, 0xBB, 0xD6, 0xBB, 0xD6,
    0xBB, 0xD6, 0xBB, 0xD6, 0xBB, 0xD6, 0xBB, 0xD6, 0xBB, 0xD6, 0xBB, 0xD6, 0xBB, 0xD6, 0xBB, 0xD6,
    0xBB, 0xD6, 0xBB, 0xD6, 0xBB, 0xD6, 0xBB, 0xD6, 0xBB, 0xD6, 0xBB, 0xD6, 0xBB, 0xD6, 0xBB, 0xD6,
    0xBB, 0xD6, 0xBB, 0xD6, 0xBB, 0xD6, 0xBB, 0xD6, 0xBB, 0xD6, 0xBB, 0xD6, 0xBB, 0xD6, 0xBB, 0xD6,
    0xBB, 0xD6, 0xBB, 0xD6, 0xBB, 0xD6, 0xBB, 0xD6, 0xBB, 0xD6, 0xBB, 0xD6, 0xBB, 0xD6, 0xBB, 0xD6,
    0xBB, 0xD6, 0xBB, 0xD6, 0xBB, 0xD6, 0xBB, 0xD6, 0xBB, 0xD6, 0xBB, 0xD6, 0xBB, 0xD6, 0xBB, 0xD6,
    0xBB, 0xD6, 0xBB, 0xD6, 0xBB, 0xD6, 0xBB, 0xD6, 0xBB, 0xD6, 0xBB, 0xD6, 0xBB, 0xD6, 0xBB, 0xD6,
    0xBB, 0xD6, 0xBB, 0xD6, 0xBB, 0xD6, 0xBB, 0xD6, 0xBB, 0xD6, 0xBB, 0xD6, 0xDC, 0xD6, 0xBB, 0xCE,
    0xBB, 0xCE, 0xBB, 0xCE, 0xDC, 0xD6, 0x9E, 0xEF, 0xFF, 0xFF, 0xDF, 0xFF, 0xFF, 0xFF, 0xFF, 0xFF,
    0xFF, 0xFF, 0xFF, 0xFF, 0xFF, 0xFF, 0xFF, 0xFF, 0xFF, 0xFF, 0xFF, 0xFF, 0xFF, 0xFF, 0xFF, 0xFF,
    0xFF, 0xFF, 0xFF, 0xFF, 0xFF, 0xFF, 0xFF, 0xFF, 0xFF, 0xFF, 0xFF, 0xFF, 0xFF, 0xFF, 0xFF, 0xFF,
    0xFF, 0xFF, 0xFF, 0xFF, 0xFF, 0xFF, 0xFF, 0xFF, 0xFF, 0xFF, 0xFF, 0xFF, 0xFF, 0xFF, 0xFF, 0xFF,
    0xFF, 0xFF, 0xFF, 0xFF, 0xFF, 0xFF, 0xFF, 0xFF, 0xFF, 0xFF, 0xFF, 0xFF, 0xFF, 0xFF, 0xFF, 0xFF,
    0xFF, 0xFF, 0xFF, 0xFF, 0xFF, 0xFF, 0x5D, 0xE7, 0x9A, 0xCE, 0x9A, 0xCE, 0xDC, 0xD6, 0xBC, 0xCE,
    0xBB, 0xCE, 0xBC, 0xCE, 0xBC, 0xD6, 0xBB, 0xD6, 0xBB, 0xD6, 0x9B, 0xD6, 0x9B, 0xCE, 0x9B, 0xCE,
    0x9B, 0xCE, 0x9B, 0xCE, 0x9B, 0xCE, 0x9B, 0xD6, 0x9B, 0xD6, 0x9B, 0xD6, 0x9B, 0xD6, 0x9B, 0xD6,
    0x9B, 0xD6, 0x9B, 0xD6, 0x9B, 0xD6, 0x9B, 0xD6, 0x9B, 0xD6, 0x9B, 0xD6, 0x9B, 0xD6, 0x9B, 0xD6,
    0x9B, 0xCE, 0x9B, 0xCE, 0x9B, 0xCE, 0x9B, 0xCE, 0x9B, 0xCE, 0x9B, 0xCE, 0x9B, 0xCE, 0x9B, 0xCE,
    0x9B, 0xD6, 0x9B, 0xD6, 0x9B, 0xD6, 0x9B, 0xD6, 0xBB, 0xD6, 0xBB, 0xD6, 0xBB, 0xD6, 0xBB, 0xD6,
    0xBB, 0xD6, 0xBB, 0xD6, 0xBB, 0xD6, 0xBB, 0xD6, 0xBB, 0xD6, 0xBB, 0xD6, 0xBB, 0xD6, 0xBB, 0xD6,
    0xBB, 0xD6, 0xBB, 0xD6, 0xBB, 0xD6, 0xBB, 0xD6, 0x9B, 0xCE, 0x9B, 0xD6, 0xBB, 0xD6, 0xBB, 0xD6,
    0xBB, 0xCE, 0x9B, 0xCE, 0xBB, 0xCE, 0xBB, 0xD6, 0xFC, 0xD6, 0x9A, 0xCE, 0xBB, 0xD6, 0x1C, 0xDF,
    0xBF, 0xF7, 0xFF, 0xFF, 0xFF, 0xFF, 0xFF, 0xFF, 0xFF, 0xFF, 0xFF, 0xFF, 0xFF, 0xFF, 0xFF, 0xFF,
    0xFF, 0xFF, 0xFF, 0xFF, 0xFF, 0xFF, 0xFF, 0xFF, 0xFF, 0xFF, 0xFF, 0xFF, 0xFF, 0xFF, 0xFF, 0xFF,
    0xFF, 0xFF, 0xFF, 0xFF, 0xFF, 0xFF, 0xFF, 0xFF, 0xFF, 0xFF, 0xFF, 0xFF, 0xFF, 0xFF, 0xFF, 0xFF,
    0xFF, 0xFF, 0xFF, 0xFF, 0xFF, 0xFF, 0xFF, 0xFF, 0xFF, 0xFF, 0xFF, 0xFF, 0xFF, 0xFF, 0xFF, 0xFF,
    0xFF, 0xFF, 0xFF, 0xFF, 0xFF, 0xFF, 0xFF, 0xFF, 0xFF, 0xFF, 0xFF, 0xFF, 0xFF, 0xFF, 0xFF, 0xFF,
    0xFF, 0xFF, 0xFF, 0xFF, 0xBF, 0xF7, 0x3D, 0xE7, 0x9B, 0xCE, 0xBB, 0xCE, 0xDC, 0xD6, 0xDC, 0xD6,
    0xBB, 0xCE, 0x9B, 0xCE, 0x9B, 0xD6, 0x9B, 0xD6, 0xBB, 0xD6, 0xBB, 0xD6, 0xBB, 0xD6, 0xBB, 0xD6,
    0xBB, 0xD6, 0x9B, 0xD6, 0x9B, 0xD6, 0x9B, 0xD6, 0x9B, 0xD6, 0x9B, 0xD6, 0x9B, 0xD6, 0x9B, 0xD6,
    0x9B, 0xD6, 0x9B, 0xD6, 0x9B, 0xD6, 0x9B, 0xD6, 0x9B, 0xD6, 0x9B, 0xD6, 0xBB, 0xD6, 0xBB, 0xD6,
    0xBB, 0xD6, 0xBB, 0xD6, 0xBB, 0xD6, 0xBB, 0xD6, 0xBB, 0xD6, 0xBB, 0xD6, 0x9B, 0xD6, 0x9B, 0xD6,
    0x9B, 0xD6, 0x9B, 0xD6, 0xBB, 0xD6, 0xBB, 0xD6, 0xBB, 0xD6, 0xBB, 0xD6, 0xBB, 0xD6, 0xBB, 0xD6,
    0xBB, 0xD6, 0xBB, 0xD6, 0xBB, 0xD6, 0xBB, 0xD6, 0xBB, 0xD6, 0xBB, 0xD6, 0xBB, 0xD6, 0xBB, 0xD6,
    0xBB, 0xD6, 0xBB, 0xD6, 0x9B, 0xD6, 0x9B, 0xD6, 0x9B, 0xCE, 0x9B, 0xCE, 0xBB, 0xD6, 0xDB, 0xD6,
    0xBB, 0xD6, 0xBB, 0xCE, 0x9A, 0xCE, 0x1C, 0xDF, 0xBF, 0xF7, 0xFF, 0xFF, 0xFF, 0xFF, 0xFF, 0xFF,
    0xFF, 0xFF, 0xFF, 0xFF, 0xFF, 0xFF, 0xFF, 0xFF, 0xFF, 0xFF, 0xFF, 0xFF, 0xFF, 0xFF, 0xFF, 0xFF,
    0xFF, 0xFF, 0xFF, 0xFF, 0xFF, 0xFF, 0xFF, 0xFF, 0xFF, 0xFF, 0xFF, 0xFF, 0xFF, 0xFF, 0xFF, 0xFF,
    0xFF, 0xFF, 0xFF, 0xFF, 0xFF, 0xFF, 0xFF, 0xFF, 0xFF, 0xFF, 0xFF, 0xFF, 0xFF, 0xFF, 0xFF, 0xFF,
    0xFF, 0xFF, 0xFF, 0xFF, 0xFF, 0xFF, 0xFF, 0xFF, 0xFF, 0xFF, 0xFF, 0xFF, 0xFF, 0xFF, 0xFF, 0xFF,
    0xFF, 0xFF, 0xFF, 0xFF, 0xFF, 0xFF, 0xFF, 0xFF, 0xFF, 0xFF, 0xFF, 0xFF, 0xFF, 0xFF, 0xFF, 0xFF,
    0xFF, 0xFF, 0xFF, 0xFF, 0xBF, 0xF7, 0xFC, 0xDE, 0xBB, 0xD6, 0x9A, 0xCE, 0xBB, 0xD6, 0x9B, 0xCE,
    0x9B, 0xD6, 0xBB, 0xD6, 0xBB, 0xD6, 0xBB, 0xD6, 0xBB, 0xD6, 0xBB, 0xD6, 0xBB, 0xD6, 0xBB, 0xD6,
    0xBB, 0xD6, 0xBB, 0xD6, 0xBB, 0xD6, 0xBB, 0xD6, 0xBB, 0xD6, 0xBB, 0xD6, 0xBB, 0xD6, 0xBB, 0xD6,
    0xBB, 0xD6, 0xBB, 0xD6, 0xBB, 0xD6, 0xBB, 0xD6, 0xBB, 0xD6, 0xBB, 0xD6, 0xBB, 0xD6, 0xBB, 0xD6,
    0xBB, 0xD6, 0xBB, 0xD6, 0xBB, 0xD6, 0xBB, 0xD6, 0xBB, 0xD6, 0xBB, 0xD6, 0xBB, 0xD6, 0xBB, 0xD6,
    0xBB, 0xD6, 0xBB, 0xD6, 0xBB, 0xD6, 0xBB, 0xD6, 0xBB, 0xD6, 0xBB, 0xD6, 0xBB, 0xD6, 0xBB, 0xD6,
    0xBB, 0xD6, 0xBB, 0xD6, 0xBB, 0xD6, 0xBB, 0xD6, 0xBB, 0xD6, 0xBB, 0xD6, 0xBB, 0xD6, 0xBB, 0xD6,
    0xBB, 0xD6, 0xBB, 0xD6, 0xBB, 0xD6, 0xBB, 0xD6, 0x9A, 0xCE, 0x9A, 0xCE, 0xBB, 0xD6, 0x1C, 0xDF,
    0x9E, 0xF7, 0xDF, 0xFF, 0xFF, 0xFF, 0xFF, 0xFF, 0xDF, 0xFF, 0xFF, 0xFF, 0xFF, 0xFF, 0xFF, 0xFF,
    0xFF, 0xFF, 0xFF, 0xFF, 0xFF, 0xFF, 0xFF, 0xFF, 0xFF, 0xFF, 0xFF, 0xFF, 0xFF, 0xFF, 0xFF, 0xFF,
    0xFF, 0xFF, 0xFF, 0xFF, 0xFF, 0xFF, 0xFF, 0xFF, 0xFF, 0xFF, 0xFF, 0xFF, 0xFF, 0xFF, 0xFF, 0xFF,
    0xFF, 0xFF, 0xFF, 0xFF, 0xFF, 0xFF, 0xFF, 0xFF, 0xFF, 0xFF, 0xFF, 0xFF, 0xFF, 0xFF, 0xFF, 0xFF,
    0xFF, 0xFF, 0xFF, 0xFF, 0xFF, 0xFF, 0xFF, 0xFF, 0xFF, 0xFF, 0xFF, 0xFF, 0xFF, 0xFF, 0xFF, 0xFF,
    0xFF, 0xFF, 0xFF, 0xFF, 0xFF, 0xFF, 0xFF, 0xFF, 0xFF, 0xFF, 0xFF, 0xFF, 0xFF, 0xFF, 0xFF, 0xFF,
    0xFF, 0xFF, 0xFF, 0xFF, 0xDF, 0xFF, 0x7E, 0xEF, 0x3D, 0xE7, 0xDC, 0xDE, 0xDC, 0xDE, 0xDC, 0xD6,
    0xDC, 0xD6, 0xDC, 0xD6, 0xDC, 0xD6, 0xDC, 0xD6, 0xDC, 0xD6, 0xDC, 0xD6, 0xDC, 0xD6, 0xDC, 0xD6,
    0xDC, 0xD6, 0xDC, 0xD6, 0xDC, 0xD6, 0xDC, 0xD6, 0xDC, 0xD6, 0xDC, 0xD6, 0xDC, 0xD6, 0xDC, 0xD6,
    0xDC, 0xD6, 0xDC, 0xD6, 0xDC, 0xD6, 0xDC, 0xD6, 0xDC, 0xD6, 0xDC, 0xD6, 0xDC, 0xD6, 0xDC, 0xD6,
    0xDC, 0xD6, 0xDC, 0xD6, 0xDC, 0xD6, 0xDC, 0xD6, 0xDC, 0xD6, 0xDC, 0xD6, 0xDC, 0xD6, 0xDC, 0xD6,
    0xDC, 0xD6, 0xDC, 0xD6, 0xDC, 0xD6, 0xDC, 0xD6, 0xDC, 0xD6, 0xDC, 0xD6, 0xDC, 0xD6, 0xDC, 0xD6,
    0xDC, 0xD6, 0xDC, 0xD6, 0xDC, 0xDE, 0xDC, 0xDE, 0xDC, 0xDE, 0xDC, 0xDE, 0xDC, 0xDE, 0xFC, 0xDE,
    0xFC, 0xDE, 0x1D, 0xDF, 0x5D, 0xEF, 0x7E, 0xEF, 0xDF, 0xF7, 0xFF, 0xFF, 0xFF, 0xFF, 0xFF, 0xFF,
    0xFF, 0xFF, 0xFF, 0xFF, 0xFF, 0xFF, 0xFF, 0xFF, 0xFF, 0xFF, 0xFF, 0xFF, 0xFF, 0xFF, 0xFF, 0xFF,
    0xFF, 0xFF, 0xFF, 0xFF, 0xFF, 0xFF, 0xFF, 0xFF, 0xFF, 0xFF, 0xFF, 0xFF, 0xFF, 0xFF, 0xFF, 0xFF,
    0xFF, 0xFF, 0xFF, 0xFF, 0xFF, 0xFF, 0xFF, 0xFF, 0xFF, 0xFF, 0xFF, 0xFF, 0xFF, 0xFF, 0xFF, 0xFF,
    0xFF, 0xFF, 0xFF, 0xFF, 0xFF, 0xFF, 0xFF, 0xFF, 0xFF, 0xFF, 0xFF, 0xFF, 0xFF, 0xFF, 0xFF, 0xFF,
    0xFF, 0xFF, 0xFF, 0xFF, 0xFF, 0xFF, 0xFF, 0xFF, 0xFF, 0xFF, 0xFF, 0xFF, 0xFF, 0xFF, 0xFF, 0xFF,
    0xFF, 0xFF, 0xFF, 0xFF, 0xFF, 0xFF, 0xFF, 0xFF, 0xFF, 0xFF, 0xFF, 0xFF, 0xFF, 0xFF, 0xFF, 0xFF,
    0xFF, 0xFF, 0xFF, 0xFF, 0xFF, 0xFF, 0xFF, 0xFF, 0xFF, 0xFF, 0xFF, 0xFF, 0xFF, 0xFF, 0xFF, 0xFF,
    0xFF, 0xFF, 0xFF, 0xFF, 0xFF, 0xFF, 0xFF, 0xFF, 0xFF, 0xFF, 0xFF, 0xFF, 0xFF, 0xFF, 0xFF, 0xFF,
    0xFF, 0xFF, 0xFF, 0xFF, 0xFF, 0xFF, 0xFF, 0xFF, 0xFF, 0xFF, 0xFF, 0xFF, 0xFF, 0xFF, 0xFF, 0xFF,
    0xFF, 0xFF, 0xFF, 0xFF, 0xFF, 0xFF, 0xFF, 0xFF, 0xFF, 0xFF, 0xFF, 0xFF, 0xFF, 0xFF, 0xFF, 0xFF,
    0xFF, 0xFF, 0xFF, 0xFF, 0xFF, 0xFF, 0xFF, 0xFF, 0xFF, 0xFF, 0xFF, 0xFF, 0xFF, 0xFF, 0xFF, 0xFF,
    0xFF, 0xFF, 0xFF, 0xFF, 0xFF, 0xFF, 0xFF, 0xFF, 0xFF, 0xFF, 0xFF, 0xFF, 0xFF, 0xFF, 0xFF, 0xFF,
    0xFF, 0xFF, 0xFF, 0xFF, 0xFF, 0xFF, 0xFF, 0xFF, 0xFF, 0xFF, 0xFF, 0xFF, 0xFF, 0xFF, 0xFF, 0xFF,
    0xFF, 0xFF, 0xFF, 0xFF, 0xFF, 0xFF, 0xFF, 0xFF, 0xFF, 0xFF, 0xFF, 0xFF, 0xFF, 0xFF, 0xFF, 0xFF,
    0xFF, 0xFF, 0xFF, 0xFF, 0xFF, 0xFF, 0xFF, 0xFF, 0xFF, 0xFF, 0xFF, 0xFF, 0xFF, 0xFF, 0xFF, 0xFF,
    0xFF, 0xFF, 0xFF, 0xFF, 0xFF, 0xFF, 0xFF, 0xFF, 0xFF, 0xFF, 0xFF, 0xFF, 0xFF, 0xFF, 0xFF, 0xFF,
    0xFF, 0xFF, 0xFF, 0xFF, 0xFF, 0xFF, 0xFF, 0xFF, 0xFF, 0xFF, 0xFF, 0xFF, 0xFF, 0xFF, 0xFF, 0xFF,
    0xFF, 0xFF, 0xFF, 0xFF, 0xFF, 0xFF, 0xFF, 0xFF, 0xFF, 0xFF, 0xFF, 0xFF, 0xFF, 0xFF, 0xFF, 0xFF,
    0xFF, 0xFF, 0xFF, 0xFF, 0xFF, 0xFF, 0xFF, 0xFF, 0xFF, 0xFF, 0xFF, 0xFF, 0xFF, 0xFF, 0xFF, 0xFF,
    0xFF, 0xFF, 0xFF, 0xFF, 0xFF, 0xFF, 0xFF, 0xFF, 0xFF, 0xFF, 0xFF, 0xFF, 0xFF, 0xFF, 0xFF, 0xFF,
    0xFF, 0xFF, 0xFF, 0xFF, 0xFF, 0xFF, 0xFF, 0xFF, 0xFF, 0xFF, 0xFF, 0xFF, 0xFF, 0xFF, 0xFF, 0xFF,
    0xFF, 0xFF, 0xFF, 0xFF, 0xFF, 0xFF, 0xFF, 0xFF, 0xFF, 0xFF, 0xFF, 0xFF, 0xFF, 0xFF, 0xFF, 0xFF,
    0xFF, 0xFF, 0xFF, 0xFF, 0xFF, 0xFF, 0xFF, 0xFF, 0xFF, 0xFF, 0xFF, 0xFF, 0xFF, 0xFF, 0xFF, 0xFF,
    0xFF, 0xFF, 0xFF, 0xFF, 0xFF, 0xFF, 0xFF, 0xFF, 0xFF, 0xFF, 0xFF, 0xFF, 0xFF, 0xFF, 0xFF, 0xFF,
    0xFF, 0xFF, 0xFF, 0xFF, 0xFF, 0xFF, 0xFF, 0xFF, 0xFF, 0xFF, 0xFF, 0xFF, 0xFF, 0xFF, 0xFF, 0xFF,
    0xFF, 0xFF, 0xFF, 0xFF, 0xFF, 0xFF, 0xFF, 0xFF, 0xFF, 0xFF, 0xFF, 0xFF, 0xFF, 0xFF, 0xFF, 0xFF,
    0xFF, 0xFF, 0xFF, 0xFF, 0xFF, 0xFF, 0xFF, 0xFF, 0xFF, 0xFF, 0xFF, 0xFF, 0xFF, 0xFF, 0xFF, 0xFF,
    0xFF, 0xFF, 0xFF, 0xFF, 0xFF, 0xFF, 0xFF, 0xFF, 0xFF, 0xFF, 0xFF, 0xFF, 0xFF, 0xFF, 0xFF, 0xFF,
    0xFF, 0xFF, 0xFF, 0xFF, 0xFF, 0xFF, 0xFF, 0xFF, 0xFF, 0xFF, 0xFF, 0xFF, 0xFF, 0xFF, 0xFF, 0xFF,
    0xFF, 0xFF, 0xFF, 0xFF, 0xFF, 0xFF, 0xFF, 0xFF, 0xFF, 0xFF, 0xFF, 0xFF, 0xFF, 0xFF, 0xFF, 0xFF,
    0xFF, 0xFF, 0xFF, 0xFF, 0xFF, 0xFF, 0xFF, 0xFF, 0xFF, 0xFF, 0xFF, 0xFF, 0xFF, 0xFF, 0xFF, 0xFF,
    0xFF, 0xFF, 0xFF, 0xFF, 0xFF, 0xFF, 0xFF, 0xFF, 0xFF, 0xFF, 0xFF, 0xFF, 0xFF, 0xFF, 0xFF, 0xFF,
    0xFF, 0xFF, 0xFF, 0xFF, 0xFF, 0xFF, 0xFF, 0xFF, 0xFF, 0xFF, 0xFF, 0xFF, 0xFF, 0xFF, 0xFF, 0xFF,
    0xFF, 0xFF, 0xFF, 0xFF, 0xFF, 0xFF, 0xFF, 0xFF, 0xFF, 0xFF, 0xFF, 0xFF, 0xFF, 0xFF, 0xFF, 0xFF,
    0xFF, 0xFF, 0xFF, 0xFF, 0xFF, 0xFF, 0xFF, 0xFF, 0xFF, 0xFF, 0xFF, 0xFF, 0xFF, 0xFF, 0xFF, 0xFF,
    0xFF, 0xFF, 0xFF, 0xFF, 0xFF, 0xFF, 0xFF, 0xFF, 0xFF, 0xFF, 0xFF, 0xFF, 0xFF, 0xFF, 0xFF, 0xFF,
    0xFF, 0xFF, 0xFF, 0xFF, 0xFF, 0xFF, 0xFF, 0xFF, 0xFF, 0xFF, 0xFF, 0xFF, 0xFF, 0xFF, 0xFF, 0xFF,
    0xFF, 0xFF, 0xFF, 0xFF, 0xFF, 0xFF, 0xFF, 0xFF, 0xFF, 0xFF, 0xFF, 0xFF, 0xFF, 0xFF, 0xFF, 0xFF,
    0xFF, 0xFF, 0xFF, 0xFF, 0xFF, 0xFF, 0xFF, 0xFF, 0xFF, 0xFF, 0xFF, 0xFF, 0xFF, 0xFF, 0xFF, 0xFF,
    0xFF, 0xFF, 0xFF, 0xFF, 0xFF, 0xFF, 0xFF, 0xFF, 0xFF, 0xFF, 0xFF, 0xFF, 0xFF, 0xFF, 0xFF, 0xFF,
    0xFF, 0xFF, 0xFF, 0xFF, 0xFF, 0xFF, 0xFF, 0xFF, 0xFF, 0xFF, 0xFF, 0xFF, 0xFF, 0xFF, 0xFF, 0xFF,
    0xFF, 0xFF, 0xFF, 0xFF, 0xFF, 0xFF, 0xFF, 0xFF, 0xFF, 0xFF, 0xFF, 0xFF, 0xFF, 0xFF, 0xFF, 0xFF,
    0xFF, 0xFF, 0xFF, 0xFF, 0xFF, 0xFF, 0xFF, 0xFF, 0xFF, 0xFF, 0xFF, 0xFF, 0xFF, 0xFF, 0xFF, 0xFF,
    0xFF, 0xFF, 0xFF, 0xFF, 0xFF, 0xFF, 0xFF, 0xFF, 0xFF, 0xFF, 0xFF, 0xFF, 0xFF, 0xFF, 0xFF, 0xFF,
    0xFF, 0xFF, 0xFF, 0xFF, 0xFF, 0xFF, 0xFF, 0xFF, 0xFF, 0xFF, 0xFF, 0xFF, 0xFF, 0xFF, 0xFF, 0xFF,
    0xFF, 0xFF, 0xFF, 0xFF, 0xFF, 0xFF, 0xFF, 0xFF, 0xFF, 0xFF, 0xFF, 0xFF, 0xFF, 0xFF, 0xFF, 0xFF,
    0xFF, 0xFF, 0xFF, 0xFF, 0xFF, 0xFF, 0xFF, 0xFF, 0xFF, 0xFF, 0xFF, 0xFF, 0xFF, 0xFF, 0xFF, 0xFF,
    0xFF, 0xFF, 0xFF, 0xFF, 0xFF, 0xFF, 0xFF, 0xFF, 0xFF, 0xFF, 0xFF, 0xFF, 0xFF, 0xFF, 0xFF, 0xFF,
    0xFF, 0xFF, 0xFF, 0xFF, 0xFF, 0xFF, 0xFF, 0xFF, 0xFF, 0xFF, 0xFF, 0xFF, 0xFF, 0xFF, 0xFF, 0xFF,
    0xFF, 0xFF, 0xFF, 0xFF, 0xFF, 0xFF, 0xFF, 0xFF, 0xFF, 0xFF, 0xFF, 0xFF, 0xFF, 0xFF, 0xFF, 0xFF,
    0xFF, 0xFF, 0xFF, 0xFF, 0xFF, 0xFF, 0xFF, 0xFF, 0xFF, 0xFF, 0xFF, 0xFF, 0xFF, 0xFF, 0xFF, 0xFF,
    0xFF, 0xFF, 0xFF, 0xFF, 0xFF, 0xFF, 0xFF, 0xFF, 0xFF, 0xFF, 0xFF, 0xFF, 0xFF, 0xFF, 0xFF, 0xFF,
    0xFF, 0xFF, 0xFF, 0xFF, 0xFF, 0xFF, 0xFF, 0xFF, 0xFF, 0xFF, 0xFF, 0xFF, 0xFF, 0xFF, 0xFF, 0xFF,
    0xFF, 0xFF, 0xFF, 0xFF, 0xFF, 0xFF, 0xFF, 0xFF, 0xFF, 0xFF, 0xFF, 0xFF, 0xFF, 0xFF, 0xFF, 0xFF,
    0xFF, 0xFF, 0xFF, 0xFF, 0xFF, 0xFF, 0xFF, 0xFF, 0xFF, 0xFF, 0xFF, 0xFF, 0xFF, 0xFF, 0xFF, 0xFF,
    0xFF, 0xFF, 0xFF, 0xFF, 0xFF, 0xFF, 0xFF, 0xFF, 0xFF, 0xFF, 0xFF, 0xFF, 0xFF, 0xFF, 0xFF, 0xFF,
    0xFF, 0xFF, 0xFF, 0xFF, 0xFF, 0xFF, 0xFF, 0xFF, 0xFF, 0xFF, 0xFF, 0xFF, 0xFF, 0xFF, 0xFF, 0xFF,
    0xFF, 0xFF, 0xFF, 0xFF, 0xFF, 0xFF, 0xFF, 0xFF, 0xFF, 0xFF, 0xFF, 0xFF, 0xFF, 0xFF, 0xFF, 0xFF,
    0xFF, 0xFF, 0xFF, 0xFF, 0xFF, 0xFF, 0xFF, 0xFF, 0xFF, 0xFF, 0xFF, 0xFF, 0xFF, 0xFF, 0xFF, 0xFF,
    0xFF, 0xFF, 0xFF, 0xFF, 0xFF, 0xFF, 0xFF, 0xFF, 0xFF, 0xFF, 0xFF, 0xFF, 0xFF, 0xFF, 0xFF, 0xFF,
    0xFF, 0xFF, 0xFF, 0xFF, 0xFF, 0xFF, 0xFF, 0xFF, 0xFF, 0xFF, 0xFF, 0xFF, 0xFF, 0xFF, 0xFF, 0xFF,
    0xFF, 0xFF, 0xFF, 0xFF, 0xFF, 0xFF, 0xFF, 0xFF, 0xFF, 0xFF, 0xFF, 0xFF, 0xFF, 0xFF, 0xFF, 0xFF,
    0xDF, 0xFF, 0xFF, 0xFF, 0xFF, 0xFF, 0xFF, 0xFF, 0xFF, 0xFF, 0xFF, 0xFF, 0xFF, 0xFF, 0xFF, 0xFF,
    0xFF, 0xFF, 0xFF, 0xFF, 0xFF, 0xFF, 0xFF, 0xFF, 0xFF, 0xFF, 0xFF, 0xFF, 0xFF, 0xFF, 0xFF, 0xFF,
    0xFF, 0xFF, 0xFF, 0xFF, 0xFF, 0xFF, 0xFF, 0xFF, 0xFF, 0xFF, 0xFF, 0xFF, 0xFF, 0xFF, 0xFF, 0xFF,
    0xFF, 0xFF, 0xFF, 0xFF, 0xFF, 0xFF, 0xFF, 0xFF, 0xFF, 0xFF, 0xFF, 0xFF, 0xFF, 0xFF, 0xFF, 0xFF,
    0xFF, 0xFF, 0xFF, 0xFF, 0xFF, 0xFF, 0xFF, 0xFF, 0xDE, 0xFF, 0xBE, 0xFF, 0xFF, 0xFF, 0xFE, 0xFF,
    0xFE, 0xFF, 0xFF, 0xFF, 0xFF, 0xFF, 0xFF, 0xFF, 0xFF, 0xFF, 0xFF, 0xFF, 0xFF, 0xFF, 0xFF, 0xFF,
    0xFF, 0xFF, 0xFF, 0xFF, 0xFF, 0xFF, 0xFF, 0xFF, 0xFF, 0xFF, 0xFF, 0xFF, 0xFF, 0xFF, 0xFF, 0xFF,
    0xFF, 0xFF, 0xFF, 0xFF, 0xFF, 0xFF, 0xFF, 0xFF, 0xFF, 0xFF, 0xFF, 0xFF, 0xFF, 0xFF, 0xFF, 0xFF,
    0xFF, 0xFF, 0xFF, 0xFF, 0xFF, 0xFF, 0xFF, 0xFF, 0xFF, 0xFF, 0xFF, 0xFF, 0xFF, 0xFF, 0xFF, 0xFF,
    0xFF, 0xFF, 0xFF, 0xFF, 0xFF, 0xFF, 0xFF, 0xFF, 0xFF, 0xFF, 0xFF, 0xFF, 0xFF, 0xFF, 0xFF, 0xFF,
    0xFF, 0xFF, 0xFF, 0xFF, 0xFF, 0xFF, 0xFF, 0xFF, 0xFF, 0xFF, 0xFF, 0xFF, 0xFF, 0xFF, 0xFF, 0xFF,
    0xFF, 0xFF, 0xFF, 0xFF, 0xFF, 0xFF, 0xFF, 0xFF, 0xFF, 0xFF, 0xFF, 0xFF, 0xFF, 0xFF, 0xFF, 0xFF,
    0xFF, 0xFF, 0xFF, 0xFF, 0xFF, 0xFF, 0xFF, 0xFF, 0xFF, 0xFF, 0xFF, 0xFF, 0xFF, 0xFF, 0xFF, 0xFF,
    0xFF, 0xFF, 0xFF, 0xFF, 0xFF, 0xFF, 0xFF, 0xFF, 0xFF, 0xFF, 0xFF, 0xFF, 0xFF, 0xFF, 0xFF, 0xFF,
    0xFF, 0xFF, 0xFF, 0xFF, 0xFF, 0xFF, 0xFF, 0xFF, 0xFF, 0xFF, 0xFF, 0xFF, 0xFF, 0xFF, 0xFF, 0xFF,
    0xFF, 0xFF, 0xFF, 0xFF, 0xFF, 0xFF, 0xFF, 0xFF, 0xFF, 0xFF, 0xFF, 0xFF, 0xFF, 0xFF, 0xFF, 0xFF,
    0xFF, 0xFF, 0xFF, 0xFF, 0xFF, 0xFF, 0xFF, 0xFF, 0xFF, 0xFF, 0xFF, 0xFF, 0xFF, 0xFF, 0xFF, 0xFF,
    0xFF, 0xFF, 0xFF, 0xFF, 0xFF, 0xFF, 0xFF, 0xFF, 0xFF, 0xFF, 0xFF, 0xFF, 0xFF, 0xFF, 0xFF, 0xFF,
    0xFF, 0xFF, 0xFF, 0xFF, 0xFF, 0xF7, 0xFF, 0xFF, 0xDF, 0xF7, 0xFF, 0xFF, 0xFE, 0xFF, 0xFF, 0xFF,
    0xFF, 0xFF, 0xFF, 0xFF, 0xFF, 0xFF, 0xFF, 0xFF, 0xFF, 0xFF, 0xFF, 0xFF, 0xFF, 0xFF, 0xFF, 0xFF,
    0xFF, 0xFF, 0xFF, 0xFF, 0xFF, 0xFF, 0xFF, 0xFF, 0xFF, 0xFF, 0xFF, 0xFF, 0xFF, 0xFF, 0xFF, 0xFF,
    0xFF, 0xFF, 0xFF, 0xFF, 0xFF, 0xFF, 0xFF, 0xFF, 0xFF, 0xFF, 0xFF, 0xFF, 0xFF, 0xFF, 0xFF, 0xFF,
    0xFF, 0xFF, 0xFF, 0xFF, 0xFF, 0xFF, 0xFF, 0xFF, 0xFF, 0xFF, 0xFF, 0xFF, 0xFF, 0xFF, 0xFF, 0xFF,
    0xFF, 0xFF, 0xFF, 0xFF, 0xFF, 0xFF, 0xFF, 0xFF, 0xFF, 0xFF, 0xFF, 0xFF, 0xFF, 0xFF, 0xFF, 0xFF,
    0xFF, 0xFF, 0xFF, 0xFF, 0xFF, 0xFF, 0xFF, 0xFF, 0xFF, 0xFF, 0xFF, 0xFF, 0xFF, 0xFF, 0xFF, 0xFF,
    0xFF, 0xFF, 0xFF, 0xFF, 0xFF, 0xFF, 0xFF, 0xFF, 0xFF, 0xFF, 0xFF, 0xFF, 0xFF, 0xFF, 0xFF, 0xFF,
    0xFF, 0xFF, 0xFF, 0xFF, 0xFF, 0xFF, 0xFF, 0xFF, 0xFF, 0xFF, 0xFF, 0xFF, 0xFF, 0xFF, 0xFF, 0xFF,
    0xFF, 0xFF, 0xFF, 0xFF, 0xFF, 0xFF, 0xDF, 0xF7, 0xFF, 0xFF, 0xDE, 0xFF, 0xFF, 0xFF, 0xFF, 0xFF,
    0xFF, 0xFF, 0xFF, 0xFF, 0xFF, 0xFF, 0xFF, 0xFF, 0xFF, 0xFF, 0xFF, 0xFF, 0xFF, 0xFF, 0xFF, 0xFF,
    0xFF, 0xFF, 0xFF, 0xFF, 0xFF, 0xFF, 0xFF, 0xFF, 0xFF, 0xFF, 0xFF, 0xFF, 0xFF, 0xFF, 0xFF, 0xFF,
    0xFF, 0xFF, 0xFF, 0xFF, 0xFF, 0xFF, 0xFF, 0xFF, 0xFF, 0xFF, 0xFF, 0xFF, 0xFF, 0xFF, 0xFF, 0xFF,
    0xFF, 0xFF, 0xFF, 0xFF, 0xFF, 0xFF, 0xFF, 0xFF, 0xFF, 0xFF, 0xFF, 0xFF, 0xFF, 0xFF, 0xFF, 0xFF,
    0xDF, 0xFF, 0xFE, 0xFF, 0xFE, 0xFF, 0xFF, 0xFF, 0xFF, 0xFF, 0xFF, 0xFF, 0xFF, 0xFF, 0xFF, 0xFF,
    0xFF, 0xFF, 0xFF, 0xFF, 0xFF, 0xFF, 0xFF, 0xFF, 0xFF, 0xFF, 0xFF, 0xFF, 0xFF, 0xFF, 0xFF, 0xFF,
    0xFF, 0xFF, 0xFF, 0xFF, 0xFF, 0xFF, 0xFF, 0xFF, 0xFF, 0xFF, 0xFF, 0xFF, 0xFF, 0xFF, 0xFF, 0xFF,
    0xFF, 0xFF, 0xFF, 0xFF, 0xFF, 0xFF, 0xFF, 0xFF, 0xFF, 0xFF, 0xFF, 0xFF, 0xFF, 0xFF, 0xFF, 0xFF,
    0xFF, 0xFF, 0xFF, 0xFF, 0xFF, 0xFF, 0xFF, 0xFF, 0xFF, 0xFF, 0xFF, 0xFF, 0xFF, 0xFF, 0xFF, 0xFF,
    0xFF, 0xFF, 0xFF, 0xFF, 0xFF, 0xFF, 0xFF, 0xFF, 0xFF, 0xFF, 0xFF, 0xFF, 0xFF, 0xFF, 0xFF, 0xFF,
    0xFF, 0xFF, 0xFF, 0xFF, 0xFF, 0xFF, 0xFF, 0xFF, 0xFF, 0xFF, 0xFF, 0xFF, 0xFF, 0xFF, 0xFF, 0xFF,
    0xFF, 0xFF, 0xFF, 0xFF, 0xFF, 0xFF, 0xFF, 0xFF, 0xFF, 0xFF, 0xFF, 0xFF, 0xFF, 0xFF, 0xFF, 0xFF,
    0xFF, 0xFF, 0xFF, 0xFF, 0xFF, 0xFF, 0xFF, 0xFF, 0xFF, 0xFF, 0xFF, 0xFF, 0xFF, 0xFF, 0xFF, 0xFF,
    0xFF, 0xFF, 0xFF, 0xF7, 0x9F, 0xEF, 0xFF, 0xFF, 0xFF, 0xFF, 0xFF, 0xFF, 0xFF, 0xFF, 0xFF, 0xFF,
    0xFF, 0xFF, 0xFF, 0xFF, 0xFF, 0xFF, 0xFF, 0xFF, 0xFF, 0xFF, 0xFF, 0xFF, 0xFF, 0xFF, 0xFF, 0xFF,
    0xFF, 0xFF, 0xFF, 0xFF, 0xFF, 0xFF, 0xFF, 0xFF, 0xFF, 0xFF, 0xFF, 0xFF, 0xFF, 0xFF, 0xFF, 0xFF,
    0xFF, 0xFF, 0xFF, 0xFF, 0xFF, 0xFF, 0xFF, 0xFF, 0xFF, 0xFF, 0xFF, 0xFF, 0xFF, 0xFF, 0xFF, 0xFF,
    0xFF, 0xFF, 0xFF, 0xFF, 0xFF, 0xFF, 0xFF, 0xFF, 0xFF, 0xFF, 0xFF, 0xFF, 0xFF, 0xFF, 0xDE, 0xFF,
    0xDF, 0xEF, 0x5E, 0x9E, 0x3E, 0xDF, 0xFF, 0xFF, 0xFF, 0xFF, 0xFF, 0xFF, 0xFF, 0xFF, 0xFF, 0xFF,
    0xFF, 0xFF, 0xFF, 0xFF, 0xFF, 0xFF, 0xFF, 0xFF, 0xFF, 0xFF, 0xFF, 0xFF, 0xFF, 0xFF, 0xFF, 0xFF,
    0xFF, 0xFF, 0xFF, 0xFF, 0xFF, 0xFF, 0xFF, 0xFF, 0xFF, 0xFF, 0xFF, 0xFF, 0xFF, 0xFF, 0xFF, 0xFF,
    0xFF, 0xFF, 0xFF, 0xFF, 0xFF, 0xFF, 0xFF, 0xFF, 0xFF, 0xFF, 0xFF, 0xFF, 0xFF, 0xFF, 0xFF, 0xFF,
    0xFF, 0xFF, 0xFF, 0xFF, 0xFF, 0xFF, 0xFF, 0xFF, 0xFF, 0xFF, 0xFF, 0xFF, 0xFF, 0xFF, 0xFF, 0xFF,
    0xFF, 0xFF, 0xFF, 0xFF, 0xFF, 0xFF, 0xFF, 0xFF, 0xFF, 0xFF, 0xFF, 0xFF, 0xFF, 0xFF, 0xFF, 0xFF,
    0xFF, 0xFF, 0xFF, 0xFF, 0xFF, 0xFF, 0xFF, 0xFF, 0xFF, 0xFF, 0xFF, 0xFF, 0xFF, 0xFF, 0xFF, 0xFF,
    0xFF, 0xFF, 0xFF, 0xFF, 0xFF, 0xFF, 0xFF, 0xFF, 0xFF, 0xFF, 0xFF, 0xFF, 0xFF, 0xFF, 0xDF, 0xFF,
    0xFF, 0xFF, 0xFF, 0xFF, 0xFF, 0xFF, 0xFF, 0xFF, 0xDF, 0xFF, 0xFF, 0xFF, 0xDF, 0xF7, 0x3F, 0x8E,
    0xBD, 0x7D, 0xFF, 0xFF, 0xFF, 0xFF, 0xFF, 0xFF, 0xFF, 0xFF, 0xFF, 0xFF, 0xFF, 0xFF, 0xFF, 0xFF,
    0xFF, 0xFF, 0xFF, 0xFF, 0xFF, 0xFF, 0xFF, 0xFF, 0xFF, 0xFF, 0xFF, 0xFF, 0xFF, 0xFF, 0xFF, 0xFF,
    0xFF, 0xFF, 0xFF, 0xFF, 0xFF, 0xFF, 0xFF, 0xFF, 0xFF, 0xFF, 0xFF, 0xFF, 0xFF, 0xFF, 0xFF, 0xFF,
    0xFF, 0xFF, 0xFF, 0xFF, 0xFF, 0xFF, 0xFF, 0xFF, 0xFF, 0xFF, 0xFF, 0xFF, 0xFF, 0xFF, 0xFF, 0xFF,
    0xFE, 0xFF, 0xFF, 0xF7, 0xFF, 0xFF, 0xDF, 0xFF, 0x7A, 0xFF, 0xFF, 0xEF, 0xFF, 0x7D, 0x7F, 0x55,
    0x5E, 0x8E, 0xFF, 0xFF, 0xFF, 0xFF, 0xDE, 0xF7, 0xFF, 0xFF, 0xFF, 0xFF, 0xFF, 0xFF, 0xFF, 0xFF,
    0xFF, 0xFF, 0xFF, 0xFF, 0xFF, 0xFF, 0xFF, 0xFF, 0xFF, 0xFF, 0xFF, 0xFF, 0xFF, 0xFF, 0xFF, 0xFF,
    0xFF, 0xFF, 0xFF, 0xFF, 0xFF, 0xFF, 0xFF, 0xFF, 0xFF, 0xFF, 0xFF, 0xFF, 0xFF, 0xFF, 0xFF, 0xFF,
    0xFF, 0xFF, 0xFF, 0xFF, 0xFF, 0xFF, 0xFF, 0xFF, 0xFF, 0xFF, 0xFF, 0xFF, 0xFF, 0xFF, 0xFF, 0xFF,
    0xFF, 0xFF, 0xFF, 0xFF, 0xFF, 0xFF, 0xFF, 0xFF, 0xFF, 0xFF, 0xFF, 0xFF, 0xFF, 0xFF, 0xFF, 0xFF,
    0xFF, 0xFF, 0xFF, 0xFF, 0xFF, 0xFF, 0xFF, 0xFF, 0xFF, 0xFF, 0xFF, 0xFF, 0xFF, 0xFF, 0xFF, 0xFF,
    0xFF, 0xFF, 0xFF, 0xFF, 0xFF, 0xFF, 0xFF, 0xFF, 0xFF, 0xFF, 0xFF, 0xFF, 0xFF, 0xFF, 0xFF, 0xFF,
    0xFF, 0xFF, 0xFF, 0xFF, 0xFF, 0xFF, 0xFF, 0xFF, 0xFF, 0xFF, 0xFF, 0xFF, 0xFF, 0xFF, 0xFF, 0xFF,
    0xFF, 0xFF, 0xDE, 0xF7, 0xFE, 0xFF, 0xFF, 0xF7, 0xBF, 0xAE, 0x5E, 0x5D, 0x1D, 0x55, 0xFF, 0xF7,
    0xDE, 0xFF, 0xFF, 0xFF, 0xFF, 0xFF, 0xFF, 0xFF, 0xFF, 0xFF, 0xFF, 0xFF, 0xFF, 0xFF, 0xFF, 0xFF,
    0xFF, 0xFF, 0xFF, 0xFF, 0xFF, 0xFF, 0xFF, 0xFF, 0xFF, 0xFF, 0xFF, 0xFF, 0xFF, 0xFF, 0xFF, 0xFF,
    0xFF, 0xFF, 0xFF, 0xFF, 0xFF, 0xFF, 0xFF, 0xFF, 0xFF, 0xFF, 0xFF, 0xFF, 0xFF, 0xFF, 0xFF, 0xFF,
    0xFF, 0xFF, 0xFF, 0xFF, 0xFF, 0xFF, 0xFF, 0xFF, 0xFF, 0xFF, 0xFF, 0xFF, 0xFF, 0xFF, 0xFF, 0xFF,
    0xDE, 0xFF, 0xDE, 0xFF, 0xFF, 0xF7, 0xDC, 0x8D, 0x3D, 0x55, 0x5F, 0x5D, 0x7C, 0x6D, 0xBF, 0xEF,
    0xDF, 0xFF, 0xFF, 0xFF, 0xFF, 0xFF, 0xFF, 0xFF, 0xFF, 0xFF, 0xFF, 0xFF, 0xFF, 0xFF, 0xFF, 0xFF,
    0xFF, 0xFF, 0xFF, 0xFF, 0xFF, 0xFF, 0xFF, 0xFF, 0xFF, 0xFF, 0xFF, 0xFF, 0xFF, 0xFF, 0xFF, 0xFF,
    0xFF, 0xFF, 0xFF, 0xFF, 0xFF, 0xFF, 0xFF, 0xFF, 0xFF, 0xFF, 0xFF, 0xFF, 0xFF, 0xFF, 0xFF, 0xFF,
    0xFF, 0xFF, 0xFF, 0xFF, 0xFF, 0xFF, 0xFF, 0xFF, 0xFF, 0xFF, 0xFF, 0xFF, 0xFF, 0xFF, 0xFF, 0xFF,
    0xFF, 0xFF, 0xFF, 0xFF, 0xFF, 0xFF, 0xFF, 0xFF, 0xFF, 0xFF, 0xFF, 0xFF, 0xFF, 0xFF, 0xFF, 0xFF,
    0xFF, 0xFF, 0xFF, 0xFF, 0xFF, 0xFF, 0xFF, 0xFF, 0xFF, 0xFF, 0xFF, 0xFF, 0xFF, 0xFF, 0xFF, 0xFF,
    0xFF, 0xFF, 0xFF, 0xFF, 0xFF, 0xFF, 0xFF, 0xFF, 0xFF, 0xFF, 0xFF, 0xFF, 0xFF, 0xFF, 0xFF, 0xFF,
    0xFF, 0xFF, 0xFF, 0xFF, 0xFF, 0xFF, 0xFF, 0xFF, 0xFF, 0xFF, 0xFF, 0xFF, 0xFF, 0xFF, 0xFF, 0xFF,
    0xFF, 0xF7, 0xBF, 0xB6, 0x5F, 0x5D, 0x7F, 0x5D, 0x5F, 0x4D, 0x7F, 0xCF, 0x9D, 0xF7, 0xFF, 0xFF,
    0xFF, 0xFF, 0xFF, 0xFF, 0xFF, 0xFF, 0xFF, 0xFF, 0xFF, 0xFF, 0xFF, 0xFF, 0xFF, 0xFF, 0xFF, 0xFF,
    0xFF, 0xFF, 0xFF, 0xFF, 0xFF, 0xFF, 0xFF, 0xFF, 0xFF, 0xFF, 0xFF, 0xFF, 0xFF, 0xFF, 0xFF, 0xFF,
    0xFF, 0xFF, 0xFF, 0xFF, 0xFF, 0xFF, 0xFF, 0xFF, 0xFF, 0xFF, 0xFF, 0xFF, 0xFF, 0xFF, 0xFF, 0xFF,
    0xFF, 0xFF, 0xFF, 0xFF, 0xFF, 0xFF, 0xFF, 0xFF, 0xFF, 0xFF, 0xBE, 0xFF, 0xFE, 0xFF, 0xFF, 0xF7,
    0x3F, 0x8E, 0x3E, 0x5D, 0x9F, 0x65, 0x3E, 0x5D, 0x3D, 0x55, 0x5F, 0xD7, 0xDF, 0xFF, 0xFF, 0xFF,
    0xFF, 0xFF, 0xFF, 0xFF, 0xFF, 0xFF, 0xFF, 0xFF, 0xFF, 0xFF, 0xFF, 0xFF, 0xFF, 0xFF, 0xFF, 0xFF,
    0xFF, 0xFF, 0xFF, 0xFF, 0xFF, 0xFF, 0xFF, 0xFF, 0xFF, 0xFF, 0xFF, 0xFF, 0xFF, 0xFF, 0xFF, 0xFF,
    0xFF, 0xFF, 0xFF, 0xFF, 0xFF, 0xFF, 0xFF, 0xFF, 0xFF, 0xFF, 0xFF, 0xFF, 0xFF, 0xFF, 0xFF, 0xFF,
    0xFF, 0xFF, 0xFF, 0xFF, 0xFF, 0xFF, 0xFF, 0xFF, 0xFF, 0xFF, 0xFF, 0xFF, 0xFF, 0xFF, 0xFF, 0xFF,
    0xFF, 0xFF, 0xFF, 0xFF, 0xFF, 0xFF, 0xFF, 0xFF, 0xFF, 0xFF, 0xFF, 0xFF, 0xFF, 0xFF, 0xFF, 0xFF,
    0xFF, 0xFF, 0xFF, 0xFF, 0xFF, 0xFF, 0xFF, 0xFF, 0xFF, 0xFF, 0xFF, 0xFF, 0xFF, 0xFF, 0xFF, 0xFF,
    0xFF, 0xFF, 0xFF, 0xFF, 0xFF, 0xFF, 0xFF, 0xFF, 0xFF, 0xFF, 0xFF, 0xFF, 0xFF, 0xFF, 0xFF, 0xFF,
    0xFF, 0xFF, 0xFF, 0xFF, 0xFF, 0xFF, 0xFF, 0xFF, 0xFF, 0xFF, 0xDF, 0xF7, 0xDF, 0xAE, 0x1E, 0x55,
    0x9F, 0x5D, 0x5E, 0x65, 0x7F, 0x4D, 0x7E, 0xA6, 0xDF, 0xFF, 0xFF, 0xFF, 0xFF, 0xFF, 0xFF, 0xFF,
    0xFF, 0xFF, 0xFF, 0xFF, 0xFF, 0xFF, 0xFF, 0xFF, 0xFF, 0xFF, 0xFF, 0xFF, 0xFF, 0xFF, 0xFF, 0xFF,
    0xFF, 0xFF, 0xFF, 0xFF, 0xFF, 0xFF, 0xFF, 0xFF, 0xFF, 0xFF, 0xFF, 0xFF, 0xFF, 0xFF, 0xFF, 0xFF,
    0xFF, 0xFF, 0xFF, 0xFF, 0xFF, 0xFF, 0xFF, 0xFF, 0xFF, 0xFF, 0xFF, 0xFF, 0xFF, 0xFF, 0xFF, 0xFF,
    0xFF, 0xFF, 0xFF, 0xFF, 0xFF, 0xF7, 0xDE, 0xFF, 0xDF, 0xF7, 0x7F, 0x9E, 0x5E, 0x5D, 0x5F, 0x5D,
    0x5F, 0x5D, 0x5E, 0x5D, 0x7F, 0x55, 0xDF, 0xC6, 0xFF, 0xFF, 0xFF, 0xFF, 0xFF, 0xFF, 0xFF, 0xFF,
    0xFF, 0xFF, 0xFF, 0xFF, 0xFF, 0xFF, 0xFF, 0xFF, 0xFF, 0xFF, 0xFF, 0xFF, 0xFF, 0xFF, 0xFF, 0xFF,
    0xFF, 0xFF, 0xFF, 0xFF, 0xFF, 0xFF, 0xFF, 0xFF, 0xFF, 0xFF, 0xFF, 0xFF, 0xFF, 0xFF, 0xFF, 0xFF,
    0xFF, 0xFF, 0xFF, 0xFF, 0xFF, 0xFF, 0xFF, 0xFF, 0xFF, 0xFF, 0xFF, 0xFF, 0xFF, 0xFF, 0xFF, 0xFF,
    0xFF, 0xFF, 0xFF, 0xFF, 0xFF, 0xFF, 0xFF, 0xFF, 0xFF, 0xFF, 0xFF, 0xFF, 0xFF, 0xFF, 0xFF, 0xFF,
    0xFF, 0xFF, 0xFF, 0xFF, 0xFF, 0xFF, 0xFF, 0xFF, 0xFF, 0xFF, 0xFF, 0xFF, 0xFF, 0xFF, 0xFF, 0xFF,
    0xFF, 0xFF, 0xFF, 0xFF, 0xFF, 0xFF, 0xFF, 0xFF, 0xFF, 0xFF, 0xFF, 0xFF, 0xFF, 0xFF, 0xFF, 0xFF,
    0xFF, 0xFF, 0xFF, 0xFF, 0xFF, 0xFF, 0xFF, 0xFF, 0xFF, 0xFF, 0xFF, 0xFF, 0xFF, 0xFF, 0xDD, 0xFF,
    0xFF, 0xEF, 0x9D, 0xFF, 0xDF, 0xFF, 0xFF, 0x9E, 0x1D, 0x5D, 0x9F, 0x5D, 0x5E, 0x55, 0x5F, 0x5D,
    0x9F, 0x5D, 0x1E, 0x7E, 0xFF, 0xFF, 0xDF, 0xFF, 0xFF, 0xFF, 0xFF, 0xFF, 0xFF, 0xFF, 0xFF, 0xFF,
    0xFF, 0xFF, 0xFF, 0xFF, 0xFF, 0xFF, 0xFF, 0xFF, 0xFF, 0xFF, 0xFF, 0xFF, 0xFF, 0xFF, 0xFF, 0xFF,
    0xFF, 0xFF, 0xFF, 0xFF, 0xFF, 0xFF, 0xFF, 0xFF, 0xFF, 0xFF, 0xFF, 0xFF, 0xFF, 0xFF, 0xFF, 0xFF,
    0xFF, 0xFF, 0xFF, 0xFF, 0xFF, 0xFF, 0xFF, 0xFF, 0xFF, 0xFF, 0xFF, 0xFF, 0xFF, 0xFF, 0xDE, 0xFF,
    0xFF, 0xFF, 0xFE, 0xFF, 0xBF, 0xA6, 0x5E, 0x55, 0x5E, 0x5D, 0x5E, 0x5D, 0x7E, 0x5D, 0x7F, 0x5D,
    0x5E, 0x5D, 0x1E, 0x8E, 0xFF, 0xFF, 0xFF, 0xFF, 0xFF, 0xFF, 0xFF, 0xFF, 0xFF, 0xFF, 0xFF, 0xFF,
    0xFF, 0xFF, 0xFF, 0xFF, 0xFF, 0xFF, 0xFF, 0xFF, 0xFF, 0xFF, 0xFF, 0xFF, 0xFF, 0xFF, 0xFF, 0xFF,
    0xFF, 0xFF, 0xFF, 0xFF, 0xFF, 0xFF, 0xFF, 0xFF, 0xFF, 0xFF, 0xFF, 0xFF, 0xFF, 0xFF, 0xFF, 0xFF,
    0xFF, 0xFF, 0xFF, 0xFF, 0xFF, 0xFF, 0xFF, 0xFF, 0xFF, 0xFF, 0xFF, 0xFF, 0xFF, 0xFF, 0xFF, 0xFF,
    0xFF, 0xFF, 0xFF, 0xFF, 0xFF, 0xFF, 0xFF, 0xFF, 0xFF, 0xFF, 0xFF, 0xFF, 0xFF, 0xFF, 0xFF, 0xFF,
    0xFF, 0xFF, 0xFF, 0xFF, 0xFF, 0xFF, 0xFF, 0xFF, 0xFF, 0xFF, 0xFF, 0xFF, 0xFF, 0xFF, 0xFF, 0xFF,
    0xFF, 0xFF, 0xFF, 0xFF, 0xFF, 0xFF, 0xFF, 0xFF, 0xFF, 0xFF, 0xFF, 0xFF, 0xFF, 0xFF, 0xFF, 0xFF,
    0xFF, 0xFF, 0xFF, 0xFF, 0xFF, 0xFF, 0xFF, 0xFF, 0xFF, 0xFF, 0xFF, 0xFF, 0xDF, 0xF7, 0xFF, 0xFF,
    0x3F, 0xC7, 0x3D, 0x55, 0x1E, 0x55, 0x7F, 0x5D, 0x5E, 0x5D, 0x7F, 0x65, 0x7F, 0x5D, 0xDD, 0x75,
    0xFF, 0xF7, 0xDF, 0xFF, 0xFF, 0xFF, 0xFF, 0xFF, 0xFF, 0xFF, 0xFF, 0xFF, 0xFF, 0xFF, 0xFF, 0xFF,
    0xFF, 0xFF, 0xFF, 0xFF, 0xFF, 0xFF, 0xFF, 0xFF, 0xFF, 0xFF, 0xFF, 0xFF, 0xFF, 0xFF, 0xFF, 0xFF,
    0xFF, 0xFF, 0xFF, 0xFF, 0xFF, 0xFF, 0xFF, 0xFF, 0xFF, 0xFF, 0xFF, 0xFF, 0xFF, 0xFF, 0xFF, 0xFF,
    0xFF, 0xFF, 0xFF, 0xFF, 0xFF, 0xFF, 0xFF, 0xFF, 0xFF, 0xFF, 0xFF, 0xFF, 0xFF, 0xFF, 0x3F, 0xD7,
    0x5E, 0x5D, 0x7F, 0x55, 0x5E, 0x5D, 0x5E, 0x5D, 0x5E, 0x5D, 0x7E, 0x5D, 0x5F, 0x5D, 0xFD, 0x85,
    0xFF, 0xFF, 0xFF, 0xFF, 0xFF, 0xFF, 0xFF, 0xFF, 0xFF, 0xFF, 0xFF, 0xFF, 0xFF, 0xFF, 0xFF, 0xFF,
    0xFF, 0xFF, 0xFF, 0xFF, 0xFF, 0xFF, 0xFF, 0xFF, 0xFF, 0xFF, 0xFF, 0xFF, 0xFF, 0xFF, 0xFF, 0xFF,
    0xFF, 0xFF, 0xFF, 0xFF, 0xFF, 0xFF, 0xFF, 0xFF, 0xFF, 0xFF, 0xFF, 0xFF, 0xFF, 0xFF, 0xFF, 0xFF,
    0xFF, 0xFF, 0xFF, 0xFF, 0xFF, 0xFF, 0xFF, 0xFF, 0xFF, 0xFF, 0xFF, 0xFF, 0xFF, 0xFF, 0xFF, 0xFF,
    0xFF, 0xFF, 0xFF, 0xFF, 0xFF, 0xFF, 0xFF, 0xFF, 0xFF, 0xFF, 0xFF, 0xFF, 0xFF, 0xFF, 0xFF, 0xFF,
    0xFF, 0xFF, 0xFF, 0xFF, 0xFF, 0xFF, 0xFF, 0xFF, 0xFF, 0xFF, 0xFF, 0xFF, 0xFF, 0xFF, 0xFF, 0xFF,
    0xFF, 0xFF, 0xFF, 0xFF, 0xFF, 0xFF, 0xFF, 0xFF, 0xFF, 0xFF, 0xFF, 0xFF, 0xFF, 0xFF, 0xFF, 0xFF,
    0xFF, 0xFF, 0xFF, 0xFF, 0xFF, 0xFF, 0xFF, 0xF7, 0xDF, 0xFF, 0x7F, 0xDF, 0x5D, 0x65, 0x7F, 0x4D,
    0x5F, 0x55, 0x5F, 0x5D, 0x5E, 0x5D, 0x7E, 0x65, 0x7F, 0x5D, 0x7D, 0x6D, 0xDF, 0xEF, 0xDF, 0xFF,
    0xFF, 0xFF, 0xFF, 0xFF, 0xFF, 0xFF, 0xFF, 0xFF, 0xFF, 0xFF, 0xFF, 0xFF, 0xFF, 0xFF, 0xFF, 0xFF,
    0xFF, 0xFF, 0xFF, 0xFF, 0xFF, 0xFF, 0xFF, 0xFF, 0xFF, 0xFF, 0xFF, 0xFF, 0xFF, 0xFF, 0xFF, 0xFF,
    0xFF, 0xFF, 0xFF, 0xFF, 0xFF, 0xFF, 0xFF, 0xFF, 0xFF, 0xFF, 0xFF, 0xFF, 0xFF, 0xFF, 0xFF, 0xFF,
    0xFF, 0xFF, 0xDF, 0xFF, 0xFF, 0xFF, 0xFF, 0xF7, 0x9E, 0xAE, 0x7C, 0x75, 0x9F, 0x55, 0x7F, 0x55,
    0x5E, 0x5D, 0x5E, 0x5D, 0x5E, 0x5D, 0x5E, 0x5D, 0x5F, 0x5D, 0x9D, 0x75, 0xFF, 0xF7, 0xFF, 0xFF,
    0xFF, 0xFF, 0xFF, 0xFF, 0xFF, 0xFF, 0xFF, 0xFF, 0xFF, 0xFF, 0xFF, 0xFF, 0xFF, 0xFF, 0xFF, 0xFF,
    0xFF, 0xFF, 0xFF, 0xFF, 0xFF, 0xFF, 0xFF, 0xFF, 0xFF, 0xFF, 0xFF, 0xFF, 0xFF, 0xFF, 0xFF, 0xFF,
    0xFF, 0xFF, 0xFF, 0xFF, 0xFF, 0xFF, 0xFF, 0xFF, 0xFF, 0xFF, 0xFF, 0xFF, 0xFF, 0xFF, 0xFF, 0xFF,
    0xFF, 0xFF, 0xFF, 0xFF, 0xFF, 0xFF, 0xFF, 0xFF, 0xFF, 0xFF, 0xFF, 0xFF, 0xFF, 0xFF, 0xFF, 0xFF,
    0xFF, 0xFF, 0xFF, 0xFF, 0xFF, 0xFF, 0xFF, 0xFF, 0xFF, 0xFF, 0xFF, 0xFF, 0xFF, 0xFF, 0xFF, 0xFF,
    0xFF, 0xFF, 0xFF, 0xFF, 0xFF, 0xFF, 0xFF, 0xFF, 0xFF, 0xFF, 0xFF, 0xFF, 0xFF, 0xFF, 0xFF, 0xFF,
    0xFF, 0xFF, 0xFF, 0xFF, 0xFF, 0xFF, 0xFF, 0xFF, 0xFF, 0xFF, 0xFF, 0xFF, 0xFF, 0xFF, 0xFF, 0xFF,
    0xFF, 0xFF, 0xDF, 0xFF, 0xBF, 0xF7, 0xDE, 0x7D, 0x3F, 0x4D, 0x5E, 0x4D, 0x5E, 0x55, 0x5D, 0x5D,
    0x7E, 0x5D, 0x7D, 0x65, 0x9F, 0x5D, 0x5E, 0x65, 0x9F, 0xDF, 0xDF, 0xFF, 0xFF, 0xFF, 0xFF, 0xFF,
    0xFF, 0xFF, 0xFF, 0xFF, 0xFF, 0xFF, 0xFF, 0xFF, 0xFF, 0xFF, 0xFF, 0xFF, 0xFF, 0xFF, 0xFF, 0xFF,
    0xFF, 0xFF, 0xFF, 0xFF, 0xFF, 0xFF, 0xFF, 0xFF, 0xFF, 0xFF, 0xFF, 0xFF, 0xFF, 0xFF, 0xFF, 0xFF,
    0xFF, 0xFF, 0xFF, 0xFF, 0xFF, 0xFF, 0xFF, 0xFF, 0xFF, 0xFF, 0xFF, 0xFF, 0xFF, 0xFF, 0xDF, 0xF7,
    0xFF, 0xFF, 0x7E, 0xDF, 0x7E, 0x65, 0x3E, 0x4D, 0x9E, 0x6D, 0x5E, 0x5D, 0x5E, 0x5D, 0x5E, 0x5D,
    0x5E, 0x5D, 0x5E, 0x5D, 0x5F, 0x55, 0x5C, 0x65, 0xFF, 0xEF, 0xFF, 0xFF, 0xFF, 0xFF, 0xFF, 0xFF,
    0xFF, 0xFF, 0xFF, 0xFF, 0xFF, 0xFF, 0xFF, 0xFF, 0xFF, 0xFF, 0xFF, 0xFF, 0xFF, 0xFF, 0xFF, 0xFF,
    0xFF, 0xFF, 0xFF, 0xFF, 0xFF, 0xFF, 0xFF, 0xFF, 0xFF, 0xFF, 0xFF, 0xFF, 0xFF, 0xFF, 0xFF, 0xFF,
    0xFF, 0xFF, 0xFF, 0xFF, 0xFF, 0xFF, 0xFF, 0xFF, 0xFF, 0xFF, 0xFF, 0xFF, 0xFF, 0xFF, 0xFF, 0xFF,
    0xFF, 0xFF, 0xFF, 0xFF, 0xFF, 0xFF, 0xFF, 0xFF, 0xFF, 0xFF, 0xFF, 0xFF, 0xFF, 0xFF, 0xFF, 0xFF,
    0xFF, 0xFF, 0xFF, 0xFF, 0xFF, 0xFF, 0xFF, 0xFF, 0xFF, 0xFF, 0xFF, 0xFF, 0xFF, 0xFF, 0xFF, 0xFF,
    0xFF, 0xFF, 0xFF, 0xFF, 0xFF, 0xFF, 0xFF, 0xFF, 0xFF, 0xFF, 0xFF, 0xFF, 0xFF, 0xFF, 0xFF, 0xFF,
    0xFF, 0xFF, 0xFF, 0xFF, 0xFF, 0xFF, 0xFF, 0xFF, 0xFF, 0xFF, 0xFF, 0xFF, 0xBE, 0xFF, 0xDE, 0xFF,
    0x5F, 0x9E, 0x7F, 0x55, 0x1E, 0x4D, 0x7E, 0x5D, 0x7E, 0x5D, 0x7E, 0x5D, 0x7E, 0x5D, 0x5F, 0x5D,
    0x3F, 0x55, 0x5F, 0x55, 0xBF, 0xDF, 0xDF, 0xFF, 0xFF, 0xFF, 0xFF, 0xFF, 0xFF, 0xFF, 0xFF, 0xFF,
    0xFF, 0xFF, 0xFF, 0xFF, 0xFF, 0xFF, 0xFF, 0xFF, 0xFF, 0xFF, 0xFF, 0xFF, 0xFF, 0xFF, 0xFF, 0xFF,
    0xFF, 0xFF, 0xDE, 0xFF, 0xBD, 0xFF, 0xFF, 0xFF, 0xFF, 0xFF, 0xFF, 0xFF, 0xFF, 0xFF, 0xFF, 0xFF,
    0xFF, 0xFF, 0xFF, 0xFF, 0xFF, 0xFF, 0xFF, 0xFF, 0xFF, 0xFF, 0xBE, 0xF7, 0xFF, 0xFF, 0x9E, 0x75,
    0x5F, 0x5D, 0x5F, 0x5D, 0x7F, 0x5D, 0x7F, 0x5D, 0x7E, 0x5D, 0x5E, 0x5D, 0x5E, 0x5D, 0x5E, 0x5D,
    0x5D, 0x4D, 0x5F, 0x65, 0xFF, 0xEF, 0x9D, 0xF7, 0xFF, 0xFF, 0xFF, 0xFF, 0xFF, 0xFF, 0xFF, 0xFF,
    0xFF, 0xFF, 0xFF, 0xFF, 0xFF, 0xFF, 0xFF, 0xFF, 0xFF, 0xFF, 0xFF, 0xFF, 0xFF, 0xFF, 0xFF, 0xFF,
    0xFF, 0xFF, 0xFF, 0xFF, 0xFF, 0xFF, 0xFF, 0xFF, 0xFF, 0xFF, 0xFF, 0xFF, 0xFF, 0xFF, 0xFF, 0xFF,
    0xFF, 0xFF, 0xFF, 0xFF, 0xFF, 0xFF, 0xFF, 0xFF, 0xFF, 0xFF, 0xFF, 0xFF, 0xFF, 0xFF, 0xFF, 0xFF,
    0xFF, 0xFF, 0xFF, 0xFF, 0xFF, 0xFF, 0xFF, 0xFF, 0xFF, 0xFF, 0xFF, 0xFF, 0xFF, 0xFF, 0xFF, 0xFF,
    0xFF, 0xFF, 0xFF, 0xFF, 0xFF, 0xFF, 0xFF, 0xFF, 0xFF, 0xFF, 0xFF, 0xFF, 0xFF, 0xFF, 0xFF, 0xFF,
    0xFF, 0xFF, 0xFF, 0xFF, 0xFF, 0xFF, 0xFF, 0xFF, 0xFF, 0xFF, 0xFF, 0xFF, 0xFF, 0xFF, 0xFF, 0xFF,
    0xFF, 0xFF, 0xFF, 0xFF, 0xFF, 0xFF, 0xFF, 0xFF, 0xDF, 0xFF, 0x7F, 0xDF, 0x3D, 0x65, 0x5F, 0x55,
    0x5E, 0x5D, 0x7E, 0x5D, 0x7E, 0x5D, 0x7E, 0x5D, 0x7E, 0x5D, 0x5F, 0x5D, 0x5F, 0x55, 0x3E, 0x4D,
    0xBF, 0xDF, 0xDF, 0xFF, 0xFF, 0xFF, 0xFF, 0xFF, 0xFF, 0xFF, 0xFF, 0xFF, 0xFF, 0xFF, 0xFF, 0xFF,
    0xFF, 0xFF, 0xFF, 0xFF, 0xFF, 0xFF, 0xFF, 0xFF, 0xFF, 0xFF, 0xFF, 0xFF, 0xFF, 0xFF, 0xFF, 0xFF,
    0xFF, 0xFF, 0xFF, 0xFF, 0xFF, 0xFF, 0xFF, 0xFF, 0xFF, 0xFF, 0xFF, 0xFF, 0xFF, 0xFF, 0xFF, 0xFF,
    0xFF, 0xFF, 0xFF, 0xFF, 0xFF, 0xFF, 0xDF, 0xF7, 0x3F, 0xCF, 0x3E, 0x55, 0x5F, 0x5D, 0x5F, 0x5D,
    0x7F, 0x5D, 0x7F, 0x5D, 0x7E, 0x5D, 0x7E, 0x5D, 0x5E, 0x5D, 0x5E, 0x5D, 0x7E, 0x55, 0x7E, 0x6D,
    0xFF, 0xF7, 0xDE, 0xFF, 0xFF, 0xFF, 0xFF, 0xFF, 0xFF, 0xFF, 0xFF, 0xFF, 0xFF, 0xFF, 0xFF, 0xFF,
    0xFF, 0xFF, 0xFF, 0xFF, 0xFF, 0xFF, 0xFF, 0xFF, 0xFF, 0xFF, 0xFF, 0xFF, 0xFF, 0xFF, 0xFF, 0xFF,
    0xFF, 0xFF, 0xFF, 0xFF, 0xFF, 0xFF, 0xFF, 0xFF, 0xFF, 0xFF, 0xFF, 0xFF, 0xFF, 0xFF, 0xFF, 0xFF,
    0xFF, 0xFF, 0xFF, 0xFF, 0xFF, 0xFF, 0xFF, 0xFF, 0xFF, 0xFF, 0xFF, 0xFF, 0xFF, 0xFF, 0xFF, 0xFF,
    0xFF, 0xFF, 0xFF, 0xFF, 0xFF, 0xFF, 0xFF, 0xFF, 0xFF, 0xFF, 0xFF, 0xFF, 0xFF, 0xFF, 0xFF, 0xFF,
    0xFF, 0xFF, 0xFF, 0xFF, 0xFF, 0xFF, 0xFF, 0xFF, 0xFF, 0xFF, 0xFF, 0xFF, 0xFF, 0xFF, 0xFF, 0xFF,
    0xFF, 0xFF, 0xFF, 0xFF, 0xFF, 0xFF, 0xFF, 0xFF, 0xFF, 0xFF, 0xFF, 0xFF, 0xFF, 0xFF, 0xFF, 0xFF,
    0xDF, 0xF7, 0xDF, 0xF7, 0xDF, 0xF7, 0x9F, 0x9E, 0x3E, 0x55, 0x5F, 0x5D, 0x7E, 0x65, 0x7E, 0x5D,
    0x7E, 0x5D, 0x7E, 0x5D, 0x7E, 0x5D, 0x7F, 0x5D, 0x5F, 0x55, 0x3D, 0x55, 0xDF, 0xE7, 0xDF, 0xFF,
    0xFF, 0xFF, 0xFF, 0xFF, 0xFF, 0xFF, 0xFF, 0xFF, 0xFF, 0xFF, 0xFF, 0xFF, 0xFF, 0xFF, 0xFF, 0xFF,
    0xFF, 0xFF, 0xFF, 0xFF, 0xFF, 0xFF, 0xFF, 0xFF, 0xDE, 0xFF, 0xFF, 0xFF, 0xFF, 0xF7, 0xDD, 0xFF,
    0xFF, 0xFF, 0xFF, 0xFF, 0xFF, 0xFF, 0xFF, 0xFF, 0xFF, 0xFF, 0xFF, 0xFF, 0xFF, 0xFF, 0xFF, 0xFF,
    0xFF, 0xFF, 0xDF, 0xF7, 0x5F, 0x96, 0x7F, 0x55, 0x3F, 0x5D, 0x5F, 0x5D, 0x7F, 0x5D, 0x7E, 0x5D,
    0x7E, 0x5D, 0x7E, 0x5D, 0x7E, 0x5D, 0x7E, 0x5D, 0x7F, 0x5D, 0xDD, 0x7D, 0xDF, 0xF7, 0xDF, 0xFF,
    0xFF, 0xFF, 0xFF, 0xFF, 0xFF, 0xFF, 0xFF, 0xFF, 0xFF, 0xFF, 0xFF, 0xFF, 0xFF, 0xFF, 0xFF, 0xFF,
    0xFF, 0xFF, 0xFF, 0xFF, 0xFF, 0xFF, 0xFF, 0xFF, 0xFF, 0xFF, 0xFF, 0xFF, 0xFF, 0xFF, 0xFF, 0xFF,
    0xFF, 0xFF, 0xFF, 0xFF, 0xFF, 0xFF, 0xFF, 0xFF, 0xFF, 0xFF, 0xFF, 0xFF, 0xFF, 0xFF, 0xFF, 0xFF,
    0xFF, 0xFF, 0xFF, 0xFF, 0xFF, 0xFF, 0xFF, 0xFF, 0xFF, 0xFF, 0xFF, 0xFF, 0xFF, 0xFF, 0xFF, 0xFF,
    0xFF, 0xFF, 0xFF, 0xFF, 0xFF, 0xFF, 0xFF, 0xFF, 0xFF, 0xFF, 0xFF, 0xFF, 0xFF, 0xFF, 0xFF, 0xFF,
    0xFF, 0xFF, 0xFF, 0xFF, 0xFF, 0xFF, 0xFF, 0xFF, 0xFF, 0xFF, 0xFF, 0xFF, 0xFF, 0xFF, 0xFF, 0xFF,
    0xFF, 0xFF, 0xFF, 0xFF, 0xFF, 0xFF, 0xFF, 0xFF, 0xFF, 0xFF, 0xFF, 0xFF, 0xDF, 0xF7, 0xDF, 0xF7,
    0xBF, 0xEF, 0x5D, 0x65, 0x5F, 0x55, 0x7E, 0x65, 0x3D, 0x5D, 0x7F, 0x5D, 0x7F, 0x5D, 0x7F, 0x5D,
    0x7F, 0x5D, 0x7F, 0x55, 0x3E, 0x55, 0x7E, 0x5D, 0xFF, 0xEF, 0xDF, 0xFF, 0xFF, 0xFF, 0xFF, 0xFF,
    0xFF, 0xFF, 0xFF, 0xFF, 0xFF, 0xFF, 0xFF, 0xFF, 0xFF, 0xFF, 0xFF, 0xFF, 0xFF, 0xFF, 0xFF, 0xFF,
    0xFF, 0xFF, 0xFF, 0xFF, 0xDE, 0xFF, 0xDF, 0xF7, 0x9F, 0x9E, 0xBF, 0xEF, 0xFF, 0xFF, 0xFF, 0xFF,
    0xFF, 0xFF, 0xFF, 0xFF, 0xFF, 0xFF, 0xFF, 0xFF, 0xFF, 0xFF, 0xFF, 0xFF, 0xBE, 0xFF, 0xFF, 0xFF,
    0xDE, 0x7D, 0x5F, 0x5D, 0x3F, 0x5D, 0x3F, 0x5D, 0x5F, 0x5D, 0x5E, 0x5D, 0x5E, 0x5D, 0x7E, 0x5D,
    0x7F, 0x5D, 0x7F, 0x5D, 0x7F, 0x65, 0x9D, 0x9E, 0xDF, 0xFF, 0xFF, 0xFF, 0xFF, 0xFF, 0xFF, 0xFF,
    0xFF, 0xFF, 0xFF, 0xFF, 0xFF, 0xFF, 0xFF, 0xFF, 0xFF, 0xFF, 0xFF, 0xFF, 0xFF, 0xFF, 0xFF, 0xFF,
    0xFF, 0xFF, 0xFF, 0xFF, 0xFF, 0xFF, 0xFF, 0xFF, 0xFF, 0xFF, 0xFF, 0xFF, 0xFF, 0xFF, 0xFF, 0xFF,
    0xFF, 0xFF, 0xFF, 0xFF, 0xFF, 0xFF, 0xFF, 0xFF, 0xFF, 0xFF, 0xFF, 0xFF, 0xFF, 0xFF, 0xFF, 0xFF,
    0xFF, 0xFF, 0xFF, 0xFF, 0xFF, 0xFF, 0xFF, 0xFF, 0xFF, 0xFF, 0xFF, 0xFF, 0xFF, 0xFF, 0xFF, 0xFF,
    0xFF, 0xFF, 0xFF, 0xFF, 0xFF, 0xFF, 0xFF, 0xFF, 0xFF, 0xFF, 0xFF, 0xFF, 0xFF, 0xFF, 0xFF, 0xFF,
    0xFF, 0xFF, 0xFF, 0xFF, 0xFF, 0xFF, 0xFF, 0xFF, 0xFF, 0xFF, 0xFF, 0xFF, 0xFF, 0xFF, 0xFF, 0xFF,
    0xFF, 0xFF, 0xFF, 0xFF, 0xFF, 0xFF, 0xDF, 0xFF, 0xDF, 0xF7, 0xDF, 0xF7, 0xDF, 0xEF, 0x5E, 0x5D,
    0x9F, 0x5D, 0x5D, 0x65, 0x7E, 0x65, 0x7F, 0x5D, 0x7F, 0x5D, 0x7F, 0x5D, 0x7F, 0x5D, 0x1C, 0x5D,
    0xBF, 0x55, 0xBC, 0x85, 0xFF, 0xFF, 0xDF, 0xFF, 0xDF, 0xFF, 0xFF, 0xFF, 0xFF, 0xFF, 0xFF, 0xFF,
    0xFF, 0xFF, 0xFF, 0xFF, 0xFF, 0xFF, 0xFF, 0xFF, 0xDF, 0xFF, 0xDF, 0xFF, 0xDF, 0xFF, 0xDF, 0xFF,
    0xFF, 0xEF, 0xDF, 0x75, 0x3D, 0x5D, 0xFF, 0xB6, 0xFE, 0xFF, 0xBE, 0xFF, 0xFF, 0xFF, 0xFF, 0xFF,
    0xFF, 0xFF, 0xFF, 0xFF, 0xFF, 0xFF, 0xFF, 0xFF, 0xFF, 0xFF, 0xDF, 0xE7, 0x3D, 0x9E, 0x3E, 0x4D,
    0x9F, 0x5D, 0x7E, 0x5D, 0x3D, 0x55, 0x5F, 0x5D, 0x7F, 0x5D, 0x5E, 0x5D, 0x9F, 0x6D, 0x7E, 0x65,
    0x5E, 0x55, 0x7F, 0xD7, 0xDF, 0xFF, 0xFF, 0xFF, 0xFF, 0xFF, 0xFF, 0xFF, 0xFF, 0xFF, 0xFF, 0xFF,
    0xFF, 0xFF, 0xFF, 0xFF, 0xFF, 0xFF, 0xFF, 0xFF, 0xFF, 0xFF, 0xFF, 0xFF, 0xFF, 0xFF, 0xFF, 0xFF,
    0xFF, 0xFF, 0xFF, 0xFF, 0xFF, 0xFF, 0xFF, 0xFF, 0xFF, 0xFF, 0xFF, 0xFF, 0xFF, 0xFF, 0xFF, 0xFF,
    0xFF, 0xFF, 0xFF, 0xFF, 0xFF, 0xFF, 0xFF, 0xFF, 0xFF, 0xFF, 0xFF, 0xFF, 0xFF, 0xFF, 0xFF, 0xFF,
    0xFF, 0xFF, 0xFF, 0xFF, 0xFF, 0xFF, 0xFF, 0xFF, 0xFF, 0xFF, 0xFF, 0xFF, 0xFF, 0xFF, 0xFF, 0xFF,
    0xFF, 0xFF, 0xFF, 0xFF, 0xFF, 0xFF, 0xFF, 0xFF, 0xFF, 0xFF, 0xFF, 0xFF, 0xFF, 0xFF, 0xFF, 0xFF,
    0xFF, 0xFF, 0xFF, 0xFF, 0xFF, 0xFF, 0xFF, 0xFF, 0xFF, 0xFF, 0xFF, 0xFF, 0xFF, 0xFF, 0xFF, 0xFF,
    0xFF, 0xFF, 0xDF, 0xFF, 0xFF, 0xFF, 0xDF, 0xF7, 0xDF, 0xF7, 0x9E, 0x6D, 0x9F, 0x55, 0x9F, 0x65,
    0x7E, 0x5D, 0x7F, 0x5D, 0x7F, 0x5D, 0x7F, 0x5D, 0x7F, 0x5D, 0x9F, 0x5D, 0x3F, 0x4D, 0x1F, 0xBF,
    0xFF, 0xFF, 0xDF, 0xFF, 0xDF, 0xFF, 0xFF, 0xFF, 0xFF, 0xFF, 0xFF, 0xFF, 0xFF, 0xFF, 0xFF, 0xFF,
    0xFF, 0xFF, 0xFF, 0xFF, 0xFF, 0xFF, 0xDE, 0xFF, 0xFF, 0xFF, 0xBF, 0xEF, 0xDD, 0x8D, 0x3E, 0x4D,
    0x5E, 0x55, 0x5F, 0x96, 0xFF, 0xFF, 0xDE, 0xFF, 0xFF, 0xFF, 0xFF, 0xFF, 0xFF, 0xFF, 0xFF, 0xFF,
    0xFF, 0xFF, 0xFF, 0xFF, 0xDF, 0xFF, 0xFF, 0xFF, 0x3C, 0xAE, 0x9F, 0x55, 0x3E, 0x55, 0x5E, 0x55,
    0x9E, 0x5D, 0x7E, 0x5D, 0x5E, 0x5D, 0x7F, 0x5D, 0x3E, 0x55, 0x7F, 0x55, 0x1E, 0x8E, 0xFF, 0xFF,
    0xFF, 0xFF, 0xFF, 0xFF, 0xFF, 0xFF, 0xFF, 0xFF, 0xFF, 0xFF, 0xFF, 0xFF, 0xFF, 0xFF, 0xFF, 0xFF,
    0xFF, 0xFF, 0xFF, 0xFF, 0xFF, 0xFF, 0xFF, 0xFF, 0xFF, 0xFF, 0xFF, 0xFF, 0xFF, 0xFF, 0xFF, 0xFF,
    0xFF, 0xFF, 0xFF, 0xFF, 0xFF, 0xFF, 0xFF, 0xFF, 0xFF, 0xFF, 0xFF, 0xFF, 0xFF, 0xFF, 0xFF, 0xFF,
    0xFF, 0xFF, 0xFF, 0xFF, 0xFF, 0xFF, 0xFF, 0xFF, 0xFF, 0xFF, 0xFF, 0xFF, 0xFF, 0xFF, 0xFF, 0xFF,
    0xFF, 0xFF, 0xFF, 0xFF, 0xFF, 0xFF, 0xFF, 0xFF, 0xFF, 0xFF, 0xFF, 0xFF, 0xFF, 0xFF, 0xFF, 0xFF,
    0xFF, 0xFF, 0xFF, 0xFF, 0xFF, 0xFF, 0xFF, 0xFF, 0xFF, 0xFF, 0xFF, 0xFF, 0xFF, 0xFF, 0xFF, 0xFF,
    0xFF, 0xFF, 0xFF, 0xFF, 0xFF, 0xFF, 0xFF, 0xFF, 0xFF, 0xFF, 0xFF, 0xFF, 0xFF, 0xFF, 0xDF, 0xFF,
    0xFF, 0xFF, 0xDE, 0xFF, 0xFF, 0xFF, 0x3F, 0x96, 0x5F, 0x55, 0x9F, 0x5D, 0x7E, 0x5D, 0x7F, 0x5D,
    0x7F, 0x5D, 0x7F, 0x5D, 0x7F, 0x5D, 0x7F, 0x55, 0xBD, 0x7D, 0xDF, 0xEF, 0xDE, 0xFF, 0xFF, 0xFF,
    0xFF, 0xFF, 0xFF, 0xFF, 0xFF, 0xFF, 0xFF, 0xFF, 0xFF, 0xFF, 0xFF, 0xFF, 0xFF, 0xFF, 0xFF, 0xFF,
    0xFF, 0xFF, 0xDF, 0xFF, 0xFF, 0xEF, 0xFB, 0x95, 0x3E, 0x55, 0x7F, 0x55, 0x3E, 0x4D, 0xBF, 0x6D,
    0xDF, 0xEF, 0xDE, 0xFF, 0xFF, 0xFF, 0xFF, 0xFF, 0xFF, 0xFF, 0xFF, 0xFF, 0xFF, 0xFF, 0xFF, 0xFF,
    0xDF, 0xFF, 0xDE, 0xFF, 0x7F, 0xE7, 0x3D, 0x55, 0x5E, 0x5D, 0x7F, 0x5D, 0x7E, 0x5D, 0x7D, 0x55,
    0x9E, 0x65, 0x3E, 0x4D, 0x7F, 0x55, 0x5D, 0x65, 0x9F, 0xDF, 0xDF, 0xFF, 0xFF, 0xFF, 0xFF, 0xFF,
    0xFF, 0xFF, 0xFF, 0xFF, 0xFF, 0xFF, 0xFF, 0xFF, 0xFF, 0xFF, 0xFF, 0xFF, 0xFF, 0xFF, 0xFF, 0xFF,
    0xFF, 0xFF, 0xFF, 0xFF, 0xFF, 0xFF, 0xFF, 0xFF, 0xFF, 0xFF, 0xFF, 0xFF, 0xFF, 0xFF, 0xFF, 0xFF,
    0xFF, 0xFF, 0xFF, 0xFF, 0xFF, 0xFF, 0xFF, 0xFF, 0xFF, 0xFF, 0xFF, 0xFF, 0xFF, 0xFF, 0xFF, 0xFF,
    0xFF, 0xFF, 0xFF, 0xFF, 0xFF, 0xFF, 0xFF, 0xFF, 0xFF, 0xFF, 0xFF, 0xFF, 0xFF, 0xFF, 0xFF, 0xFF,
    0xFF, 0xFF, 0xFF, 0xFF, 0xFF, 0xFF, 0xFF, 0xFF, 0xFF, 0xFF, 0xFF, 0xFF, 0xFF, 0xFF, 0xFF, 0xFF,
    0xFF, 0xFF, 0xFF, 0xFF, 0xFF, 0xFF, 0xFF, 0xFF, 0xFF, 0xFF, 0xFF, 0xFF, 0xFF, 0xFF, 0xFF, 0xFF,
    0xFF, 0xFF, 0xFF, 0xFF, 0xFF, 0xFF, 0xFF, 0xFF, 0xFF, 0xFF, 0xDF, 0xFF, 0xFF, 0xFF, 0xDE, 0xFF,
    0xFF, 0xFF, 0x7F, 0xDF, 0x7D, 0x6D, 0x7F, 0x55, 0x5E, 0x5D, 0x5F, 0x5D, 0x5F, 0x5D, 0x5F, 0x5D,
    0x5F, 0x5D, 0x9E, 0x5D, 0x9F, 0xE7, 0xFF, 0xFF, 0xFF, 0xFF, 0xFF, 0xFF, 0xFF, 0xFF, 0xFF, 0xFF,
    0xFF, 0xFF, 0xFF, 0xFF, 0xFF, 0xFF, 0xFF, 0xFF, 0xFF, 0xFF, 0xFF, 0xFF, 0xBF, 0xFF, 0xFF, 0xFF,
    0x3E, 0x96, 0x3E, 0x4D, 0x9F, 0x5D, 0x1D, 0x55, 0x9F, 0x5D, 0x3E, 0x4D, 0x7F, 0xD7, 0xBE, 0xF7,
    0xFF, 0xFF, 0xDF, 0xFF, 0xFF, 0xFF, 0xFF, 0xFF, 0xFF, 0xFF, 0xFF, 0xFF, 0xDF, 0xF7, 0xFF, 0xFF,
    0xFF, 0xFF, 0xFE, 0xC6, 0x7D, 0x6D, 0x3D, 0x65, 0x9F, 0x6D, 0x5E, 0x5D, 0x5E, 0x5D, 0x7F, 0x55,
    0x5D, 0x65, 0xFF, 0xCE, 0xFF, 0xF7, 0xDE, 0xFF, 0xFF, 0xFF, 0xFF, 0xFF, 0xFF, 0xFF, 0xFF, 0xFF,
    0xFF, 0xFF, 0xFF, 0xFF, 0xFF, 0xFF, 0xFF, 0xFF, 0xFF, 0xFF, 0xFF, 0xFF, 0xFF, 0xFF, 0xFF, 0xFF,
    0xFF, 0xFF, 0xFF, 0xFF, 0xFF, 0xFF, 0xFF, 0xFF, 0xFF, 0xFF, 0xFF, 0xFF, 0xFF, 0xFF, 0xFF, 0xFF,
    0xFF, 0xFF, 0xFF, 0xFF, 0xFF, 0xFF, 0xFF, 0xFF, 0xFF, 0xFF, 0xFF, 0xFF, 0xFF, 0xFF, 0xFF, 0xFF,
    0xFF, 0xFF, 0xFF, 0xFF, 0xFF, 0xFF, 0xFF, 0xFF, 0xFF, 0xFF, 0xFF, 0xFF, 0xFF, 0xFF, 0xFF, 0xFF,
    0xFF, 0xFF, 0xFF, 0xFF, 0xFF, 0xFF, 0xFF, 0xFF, 0xFF, 0xFF, 0xFF, 0xFF, 0xFF, 0xFF, 0xFF, 0xFF,
    0xFF, 0xFF, 0xFF, 0xFF, 0xFF, 0xFF, 0xFF, 0xFF, 0xFF, 0xFF, 0xFF, 0xFF, 0xFF, 0xFF, 0xFF, 0xFF,
    0xFF, 0xFF, 0xFF, 0xFF, 0xFF, 0xFF, 0xFF, 0xFF, 0xFF, 0xFF, 0xFF, 0xFF, 0xFF, 0xFF, 0xFF, 0xFF,
    0x1F, 0xC7, 0x3C, 0x65, 0x3F, 0x4D, 0x9F, 0x4D, 0xFF, 0x55, 0x5E, 0x4D, 0xDD, 0x7D, 0xBE, 0xF7,
    0xDF, 0xFF, 0xFF, 0xFF, 0xFF, 0xFF, 0xFF, 0xFF, 0xFF, 0xFF, 0xFF, 0xFF, 0xFF, 0xFF, 0xDF, 0xFF,
    0xFF, 0xF7, 0xFF, 0xFF, 0xFF, 0xFF, 0xFE, 0xFF, 0xFF, 0xFF, 0x5F, 0x96, 0x7E, 0x5D, 0x7D, 0x5D,
    0x9F, 0x65, 0x7F, 0x5D, 0x5E, 0x5D, 0x3E, 0x5D, 0x7F, 0xC7, 0xDF, 0xFF, 0xFE, 0xF7, 0xDF, 0xFF,
    0xFF, 0xFF, 0xFF, 0xFF, 0xFF, 0xFF, 0xFF, 0xFF, 0xFF, 0xFF, 0xFF, 0xFF, 0xFF, 0xFF, 0xFF, 0xFF,
    0x9D, 0xDF, 0xBC, 0xBE, 0x5B, 0x75, 0x1D, 0x5D, 0x1D, 0x65, 0x5E, 0xA6, 0xBF, 0xE7, 0xFE, 0xEF,
    0xFF, 0xFF, 0xFF, 0xFF, 0xFF, 0xFF, 0xFF, 0xFF, 0xFF, 0xFF, 0xFF, 0xFF, 0xFF, 0xFF, 0xFF, 0xFF,
    0xFF, 0xFF, 0xFF, 0xFF, 0xFF, 0xFF, 0xFF, 0xFF, 0xFF, 0xFF, 0xFF, 0xFF, 0xFF, 0xFF, 0xFF, 0xFF,
    0xFF, 0xFF, 0xFF, 0xFF, 0xFF, 0xFF, 0xFF, 0xFF, 0xFF, 0xFF, 0xFF, 0xFF, 0xFF, 0xFF, 0xFF, 0xFF,
    0xFF, 0xFF, 0xFF, 0xFF, 0xFF, 0xFF, 0xFF, 0xFF, 0xFF, 0xFF, 0xFF, 0xFF, 0xFF, 0xFF, 0xFF, 0xFF,
    0xFF, 0xFF, 0xFF, 0xFF, 0xFF, 0xFF, 0xFF, 0xFF, 0xFF, 0xFF, 0xFF, 0xFF, 0xFF, 0xFF, 0xFF, 0xFF,
    0xFF, 0xFF, 0xFF, 0xFF, 0xFF, 0xFF, 0xFF, 0xFF, 0xFF, 0xFF, 0xFF, 0xFF, 0xFF, 0xFF, 0xFF, 0xFF,
    0xFF, 0xFF, 0xFF, 0xFF, 0xFF, 0xFF, 0xFF, 0xFF, 0xFF, 0xFF, 0xFF, 0xFF, 0xFF, 0xFF, 0xFF, 0xFF,
    0xFF, 0xFF, 0xFF, 0xFF, 0xFF, 0xFF, 0xFF, 0xFF, 0xFF, 0xFF, 0xDD, 0xFF, 0xFF, 0xFF, 0xBF, 0xE7,
    0xDF, 0xBE, 0x3C, 0xA6, 0x7D, 0xA6, 0x5F, 0xCF, 0xFF, 0xFF, 0xFF, 0xFF, 0xFF, 0xFF, 0xFF, 0xFF,
    0xFF, 0xFF, 0xFF, 0xFF, 0xFF, 0xFF, 0xFF, 0xFF, 0xFF, 0xFF, 0xDF, 0xFF, 0xFF, 0xF7, 0xBE, 0xFF,
    0xDF, 0xFF, 0xFF, 0xFF, 0xFF, 0xBE, 0x3D, 0x65, 0x7F, 0x5D, 0x3D, 0x5D, 0x7E, 0x5D, 0x5E, 0x5D,
    0x5E, 0x5D, 0x5E, 0x5D, 0x5F, 0xC7, 0xDF, 0xFF, 0xFF, 0xF7, 0xDF, 0xFF, 0xFF, 0xFF, 0xFF, 0xFF,
    0xFF, 0xFF, 0xFF, 0xFF, 0xFF, 0xFF, 0xFF, 0xFF, 0xFF, 0xFF, 0xFF, 0xFF, 0xBF, 0xFF, 0xDF, 0xFF,
    0xFF, 0xFF, 0xFF, 0xF7, 0xFF, 0xF7, 0xFE, 0xFF, 0xFF, 0xFF, 0xDF, 0xFF, 0xFF, 0xFF, 0xFF, 0xFF,
    0xFF, 0xFF, 0xFF, 0xFF, 0xFF, 0xFF, 0xFF, 0xFF, 0xFF, 0xFF, 0xFF, 0xFF, 0xFF, 0xFF, 0xFF, 0xFF,
    0xFF, 0xFF, 0xFF, 0xFF, 0xFF, 0xFF, 0xFF, 0xFF, 0xFF, 0xFF, 0xFF, 0xFF, 0xFF, 0xFF, 0xFF, 0xFF,
    0xFF, 0xFF, 0xFF, 0xFF, 0xFF, 0xFF, 0xFF, 0xFF, 0xFF, 0xFF, 0xFF, 0xFF, 0xFF, 0xFF, 0xFF, 0xFF,
    0xFF, 0xFF, 0xFF, 0xFF, 0xFF, 0xFF, 0xFF, 0xFF, 0xFF, 0xFF, 0xFF, 0xFF, 0xFF, 0xFF, 0xFF, 0xFF,
    0xFF, 0xFF, 0xFF, 0xFF, 0xFF, 0xFF, 0xFF, 0xFF, 0xFF, 0xFF, 0xFF, 0xFF, 0xFF, 0xFF, 0xFF, 0xFF,
    0xFF, 0xFF, 0xFF, 0xFF, 0xFF, 0xFF, 0xFF, 0xFF, 0xFF, 0xFF, 0xFF, 0xFF, 0xFF, 0xFF, 0xFF, 0xFF,
    0xFF, 0xFF, 0xFF, 0xFF, 0xFF, 0xFF, 0xFF, 0xFF, 0xFF, 0xFF, 0xFF, 0xFF, 0xFF, 0xFF, 0xFF, 0xFF,
    0xFF, 0xFF, 0xFF, 0xFF, 0xFF, 0xFF, 0xFF, 0xFF, 0xFF, 0xFF, 0xFF, 0xFF, 0xDF, 0xFF, 0xFF, 0xFF,
    0xFF, 0xFF, 0xBE, 0xF7, 0xDE, 0xFF, 0xFF, 0xFF, 0xFF, 0xFF, 0xFF, 0xFF, 0xFF, 0xFF, 0xFF, 0xFF,
    0xFF, 0xFF, 0xFF, 0xFF, 0xFF, 0xFF, 0xFF, 0xFF, 0xFF, 0xFF, 0xDE, 0xFF, 0xDF, 0xEF, 0x9F, 0xD7,
    0x5E, 0x65, 0x3E, 0x55, 0x3E, 0x55, 0x5F, 0x5D, 0x5E, 0x5D, 0x5E, 0x5D, 0x5E, 0x5D, 0x5E, 0x5D,
    0x3F, 0xBF, 0xBF, 0xFF, 0xFF, 0xF7, 0xDF, 0xFF, 0xFF, 0xFF, 0xFF, 0xFF, 0xFF, 0xFF, 0xFF, 0xFF,
    0xFF, 0xFF, 0xFF, 0xFF, 0xFF, 0xFF, 0xFF, 0xFF, 0xFF, 0xFF, 0xFF, 0xFF, 0xDF, 0xFF, 0xDF, 0xFF,
    0xFF, 0xFF, 0xFF, 0xFF, 0xFF, 0xFF, 0xFF, 0xFF, 0xFF, 0xFF, 0xFF, 0xFF, 0xFF, 0xFF, 0xFF, 0xFF,
    0xFF, 0xFF, 0xFF, 0xFF, 0xFF, 0xFF, 0xFF, 0xFF, 0xFF, 0xFF, 0xFF, 0xFF, 0xFF, 0xFF, 0xFF, 0xFF,
    0xFF, 0xFF, 0xFF, 0xFF, 0xFF, 0xFF, 0xFF, 0xFF, 0xFF, 0xFF, 0xFF, 0xFF, 0xFF, 0xFF, 0xFF, 0xFF,
    0xFF, 0xFF, 0xFF, 0xFF, 0xFF, 0xFF, 0xFF, 0xFF, 0xFF, 0xFF, 0xFF, 0xFF, 0xFF, 0xFF, 0xFF, 0xFF,
    0xFF, 0xFF, 0xFF, 0xFF, 0xFF, 0xFF, 0xFF, 0xFF, 0xFF, 0xFF, 0xFF, 0xFF, 0xFF, 0xFF, 0xFF, 0xFF,
    0xFF, 0xFF, 0xFF, 0xFF, 0xFF, 0xFF, 0xFF, 0xFF, 0xFF, 0xFF, 0xFF, 0xFF, 0xFF, 0xFF, 0xFF, 0xFF,
    0xFF, 0xFF, 0xFF, 0xFF, 0xFF, 0xFF, 0xFF, 0xFF, 0xFF, 0xFF, 0xFF, 0xFF, 0xFF, 0xFF, 0xFF, 0xFF,
    0xFF, 0xFF, 0xFF, 0xFF, 0xFF, 0xFF, 0xFF, 0xFF, 0xFF, 0xFF, 0xFF, 0xFF, 0xFF, 0xFF, 0xFF, 0xFF,
    0xFF, 0xFF, 0xFF, 0xFF, 0xFF, 0xFF, 0xDF, 0xFF, 0xFF, 0xFF, 0xDE, 0xFF, 0xFF, 0xFF, 0xFF, 0xFF,
    0xFF, 0xFF, 0xFF, 0xFF, 0xFF, 0xFF, 0xFF, 0xFF, 0xFF, 0xFF, 0xFF, 0xFF, 0xFF, 0xFF, 0xFF, 0xFF,
    0xFF, 0xFF, 0xFE, 0xFF, 0xDF, 0xFF, 0xFE, 0xFF, 0xDF, 0xAE, 0xBF, 0x6D, 0x1E, 0x55, 0x5E, 0x55,
    0x5E, 0x55, 0x5E, 0x5D, 0x5E, 0x5D, 0x5E, 0x5D, 0x5E, 0x5D, 0x5E, 0x5D, 0x1F, 0xBF, 0xBF, 0xFF,
    0xFF, 0xF7, 0xDF, 0xFF, 0xFF, 0xFF, 0xFF, 0xFF, 0xFF, 0xFF, 0xFF, 0xFF, 0xFF, 0xFF, 0xFF, 0xFF,
    0xFF, 0xFF, 0xFF, 0xFF, 0xFF, 0xFF, 0xFF, 0xFF, 0xFF, 0xFF, 0xFF, 0xFF, 0xBF, 0xFF, 0xDF, 0xFF,
    0xFF, 0xFF, 0xFF, 0xFF, 0xFF, 0xFF, 0xFF, 0xFF, 0xFF, 0xFF, 0xFF, 0xFF, 0xFF, 0xFF, 0xFF, 0xFF,
    0xFF, 0xFF, 0xFF, 0xFF, 0xFF, 0xFF, 0xFF, 0xFF, 0xFF, 0xFF, 0xFF, 0xFF, 0xFF, 0xFF, 0xFF, 0xFF,
    0xFF, 0xFF, 0xFF, 0xFF, 0xFF, 0xFF, 0xFF, 0xFF, 0xFF, 0xFF, 0xFF, 0xFF, 0xFF, 0xFF, 0xFF, 0xFF,
    0xFF, 0xFF, 0xFF, 0xFF, 0xFF, 0xFF, 0xFF, 0xFF, 0xFF, 0xFF, 0xFF, 0xFF, 0xFF, 0xFF, 0xFF, 0xFF,
    0xFF, 0xFF, 0xFF, 0xFF, 0xFF, 0xFF, 0xFF, 0xFF, 0xFF, 0xFF, 0xFF, 0xFF, 0xFF, 0xFF, 0xFF, 0xFF,
    0xFF, 0xFF, 0xFF, 0xFF, 0xFF, 0xFF, 0xFF, 0xFF, 0xFF, 0xFF, 0xFF, 0xFF, 0xFF, 0xFF, 0xFF, 0xFF,
    0xFF, 0xFF, 0xFF, 0xFF, 0xFF, 0xFF, 0xFF, 0xFF, 0xFF, 0xFF, 0xFF, 0xFF, 0xFF, 0xFF, 0xFF, 0xFF,
    0xFF, 0xFF, 0xFF, 0xFF, 0xFF, 0xFF, 0xFF, 0xFF, 0xFF, 0xFF, 0xFF, 0xFF, 0xFF, 0xFF, 0xFF, 0xFF,
    0xFF, 0xFF, 0xFF, 0xFF, 0xFF, 0xFF, 0xFF, 0xFF, 0xFF, 0xFF, 0xFF, 0xFF, 0xFF, 0xFF, 0xFF, 0xFF,
    0xFF, 0xFF, 0xFF, 0xFF, 0xFF, 0xFF, 0xFF, 0xFF, 0xFF, 0xFF, 0xFF, 0xFF, 0xFF, 0xFF, 0xFF, 0xFF,
    0xDF, 0xF7, 0xFF, 0xF7, 0x5E, 0x6D, 0x3F, 0x55, 0x5E, 0x5D, 0x5E, 0x5D, 0x5E, 0x5D, 0x5E, 0x5D,
    0x5E, 0x5D, 0x5E, 0x5D, 0x3E, 0x55, 0x5F, 0x5D, 0x3F, 0xB7, 0xDF, 0xFF, 0xFF, 0xFF, 0xFF, 0xFF,
    0xFF, 0xFF, 0xFF, 0xFF, 0xFF, 0xFF, 0xFF, 0xFF, 0xFF, 0xFF, 0xFF, 0xFF, 0xFF, 0xFF, 0xFF, 0xFF,
    0xFF, 0xFF, 0xFF, 0xFF, 0xFF, 0xFF, 0xFF, 0xFF, 0xFF, 0xFF, 0xFF, 0xFF, 0xFF, 0xFF, 0xFF, 0xFF,
    0xFF, 0xFF, 0xFF, 0xFF, 0xFF, 0xFF, 0xFF, 0xFF, 0xFF, 0xFF, 0xFF, 0xFF, 0xFF, 0xFF, 0xFF, 0xFF,
    0xFF, 0xFF, 0xFF, 0xFF, 0xFF, 0xFF, 0xFF, 0xFF, 0xFF, 0xFF, 0xFF, 0xFF, 0xFF, 0xFF, 0xFF, 0xFF,
    0xFF, 0xFF, 0xFF, 0xFF, 0xFF, 0xFF, 0xFF, 0xFF, 0xFF, 0xFF, 0xFF, 0xFF, 0xFF, 0xFF, 0xFF, 0xFF,
    0xFF, 0xFF, 0xFF, 0xFF, 0xFF, 0xFF, 0xFF, 0xFF, 0xFF, 0xFF, 0xFF, 0xFF, 0xFF, 0xFF, 0xFF, 0xFF,
    0xFF, 0xFF, 0xFF, 0xFF, 0xFF, 0xFF, 0xFF, 0xFF, 0xFF, 0xFF, 0xFF, 0xFF, 0xFF, 0xFF, 0xFF, 0xFF,
    0xFF, 0xFF, 0xFF, 0xFF, 0xFF, 0xFF, 0xFF, 0xFF, 0xFF, 0xFF, 0xFF, 0xFF, 0xFF, 0xFF, 0xFF, 0xFF,
    0xFF, 0xFF, 0xFF, 0xFF, 0xFF, 0xFF, 0xFF, 0xFF, 0xFF, 0xFF, 0xFF, 0xFF, 0xFF, 0xFF, 0xFF, 0xFF,
    0xFF, 0xFF, 0xFF, 0xFF, 0xFF, 0xFF, 0xFF, 0xFF, 0xFF, 0xFF, 0xFF, 0xFF, 0xFF, 0xFF, 0xFF, 0xFF,
    0xFF, 0xFF, 0xFF, 0xFF, 0xFF, 0xFF, 0xFF, 0xFF, 0xFF, 0xFF, 0xFF, 0xFF, 0xFF, 0xFF, 0xFF, 0xFF,
    0xFF, 0xFF, 0xFF, 0xFF, 0xFF, 0xFF, 0xFF, 0xFF, 0xFF, 0xFF, 0xBF, 0xFF, 0xFF, 0xFF, 0x3E, 0xCF,
    0x3D, 0x65, 0x9F, 0x5D, 0x7E, 0x5D, 0x7E, 0x5D, 0x7E, 0x5D, 0x7E, 0x5D, 0x5E, 0x5D, 0x5E, 0x5D,
    0x5F, 0x5D, 0x3E, 0x55, 0x3F, 0xC7, 0xFF, 0xFF, 0xDF, 0xFF, 0xFF, 0xFF, 0xFF, 0xFF, 0xFF, 0xFF,
    0xFF, 0xFF, 0xFF, 0xFF, 0xFF, 0xFF, 0xFF, 0xFF, 0xFF, 0xFF, 0xFF, 0xFF, 0xFF, 0xFF, 0xFF, 0xFF,
    0xFF, 0xFF, 0xFF, 0xFF, 0xFF, 0xFF, 0xFF, 0xFF, 0xFF, 0xFF, 0xFF, 0xFF, 0xFF, 0xFF, 0xFF, 0xFF,
    0xFF, 0xFF, 0xFF, 0xFF, 0xFF, 0xFF, 0xFF, 0xFF, 0xFF, 0xFF, 0xFF, 0xFF, 0xFF, 0xFF, 0xFF, 0xFF,
    0xFF, 0xFF, 0xFF, 0xFF, 0xFF, 0xFF, 0xFF, 0xFF, 0xFF, 0xFF, 0xFF, 0xFF, 0xFF, 0xFF, 0xFF, 0xFF,
    0xFF, 0xFF, 0xFF, 0xFF, 0xFF, 0xFF, 0xFF, 0xFF, 0xFF, 0xFF, 0xFF, 0xFF, 0xFF, 0xFF, 0xFF, 0xFF,
    0xFF, 0xFF, 0xFF, 0xFF, 0xFF, 0xFF, 0xFF, 0xFF, 0xFF, 0xFF, 0xFF, 0xFF, 0xFF, 0xFF, 0xFF, 0xFF,
    0xFF, 0xFF, 0xFF, 0xFF, 0xFF, 0xFF, 0xFF, 0xFF, 0xFF, 0xFF, 0xFF, 0xFF, 0xFF, 0xFF, 0xFF, 0xFF,
    0xFF, 0xFF, 0xFF, 0xFF, 0xFF, 0xFF, 0xFF, 0xFF, 0xFF, 0xFF, 0xFF, 0xFF, 0xFF, 0xFF, 0xFF, 0xFF,
    0xFF, 0xFF, 0xFF, 0xFF, 0xFF, 0xFF, 0xFF, 0xFF, 0xFF, 0xFF, 0xFF, 0xFF, 0xFF, 0xFF, 0xFF, 0xFF,
    0xFF, 0xFF, 0xFF, 0xFF, 0xFF, 0xFF, 0xFF, 0xFF, 0xFF, 0xFF, 0xFF, 0xFF, 0xFF, 0xFF, 0xFF, 0xFF,
    0xFF, 0xFF, 0xFF, 0xFF, 0xFF, 0xFF, 0xFF, 0xFF, 0xFF, 0xFF, 0xFF, 0xFF, 0xFF, 0xFF, 0xFF, 0xFF,
    0xFF, 0xFF, 0xFF, 0xFF, 0xFF, 0xFF, 0xFF, 0xFF, 0xFE, 0xFF, 0x7E, 0xA6, 0x5F, 0x5D, 0x9F, 0x65,
    0x7F, 0x5D, 0x7F, 0x5D, 0x7F, 0x5D, 0x7F, 0x5D, 0x7E, 0x5D, 0x7F, 0x5D, 0x7F, 0x5D, 0x7E, 0x5D,
    0x7F, 0xDF, 0xFF, 0xFF, 0xFF, 0xFF, 0xFF, 0xFF, 0xFF, 0xFF, 0xFF, 0xFF, 0xFF, 0xFF, 0xFF, 0xFF,
    0xFF, 0xFF, 0xFF, 0xFF, 0xFF, 0xFF, 0xFF, 0xFF, 0xFF, 0xFF, 0xFF, 0xFF, 0xFF, 0xFF, 0xFF, 0xFF,
    0xFF, 0xFF, 0xFF, 0xFF, 0xFF, 0xFF, 0xFF, 0xFF, 0xFF, 0xFF, 0xFF, 0xFF, 0xFF, 0xFF, 0xFF, 0xFF,
    0xFF, 0xFF, 0xFF, 0xFF, 0xFF, 0xFF, 0xFF, 0xFF, 0xFF, 0xFF, 0xFF, 0xFF, 0xFF, 0xFF, 0xFF, 0xFF,
    0xFF, 0xFF, 0xFF, 0xFF, 0xFF, 0xFF, 0xFF, 0xFF, 0xFF, 0xFF, 0xFF, 0xFF, 0xFF, 0xFF, 0xFF, 0xFF,
    0xFF, 0xFF, 0xFF, 0xFF, 0xFF, 0xFF, 0xFF, 0xFF, 0xFF, 0xFF, 0xFF, 0xFF, 0xFF, 0xFF, 0xFF, 0xFF,
    0xFF, 0xFF, 0xFF, 0xFF, 0xFF, 0xFF, 0xFF, 0xFF, 0xFF, 0xFF, 0xFF, 0xFF, 0xFF, 0xFF, 0xFF, 0xFF,
    0xFF, 0xFF, 0xFF, 0xFF, 0xFF, 0xFF, 0xFF, 0xFF, 0xFF, 0xFF, 0xFF, 0xFF, 0xFF, 0xFF, 0xFF, 0xFF,
    0xFF, 0xFF, 0xFF, 0xFF, 0xFF, 0xFF, 0xFF, 0xFF, 0xFF, 0xFF, 0xFF, 0xFF, 0xFF, 0xFF, 0xFF, 0xFF,
    0xFF, 0xFF, 0xFF, 0xFF, 0xFF, 0xFF, 0xFF, 0xFF, 0xFF, 0xFF, 0xFF, 0xFF, 0xFF, 0xFF, 0xFF, 0xFF,
    0xFF, 0xFF, 0xFF, 0xFF, 0xFF, 0xFF, 0xFF, 0xFF, 0xFF, 0xFF, 0xFF, 0xFF, 0xFF, 0xFF, 0xFF, 0xFF,
    0xFF, 0xFF, 0xFF, 0xFF, 0xFF, 0xFF, 0xFF, 0xFF, 0xFF, 0xFF, 0xFF, 0xFF, 0xFF, 0xFF, 0xFF, 0xFF,
    0xFF, 0xFF, 0xFF, 0xFF, 0xFE, 0xFF, 0x1F, 0x86, 0x9F, 0x5D, 0x5E, 0x65, 0x7E, 0x5D, 0x7E, 0x5D,
    0x7E, 0x5D, 0x7E, 0x5D, 0x7F, 0x5D, 0x7E, 0x5D, 0x7E, 0x5D, 0xFF, 0x6D, 0xFF, 0xF7, 0xDE, 0xFF,
    0xFF, 0xFF, 0xFF, 0xFF, 0xFF, 0xFF, 0xFF, 0xFF, 0xFF, 0xFF, 0xFF, 0xFF, 0xFF, 0xFF, 0xFF, 0xFF,
    0xFF, 0xFF, 0xFF, 0xFF, 0xFF, 0xFF, 0xFF, 0xFF, 0xFF, 0xFF, 0xFF, 0xFF, 0xFF, 0xFF, 0xFF, 0xFF,
    0xFF, 0xFF, 0xFF, 0xFF, 0xFF, 0xFF, 0xFF, 0xFF, 0xFF, 0xFF, 0xFF, 0xFF, 0xFF, 0xFF, 0xFF, 0xFF,
    0xFF, 0xFF, 0xFF, 0xFF, 0xFF, 0xFF, 0xFF, 0xFF, 0xFF, 0xFF, 0xFF, 0xFF, 0xFF, 0xFF, 0xFF, 0xFF,
    0xFF, 0xFF, 0xFF, 0xFF, 0xFF, 0xFF, 0xFF, 0xFF, 0xFF, 0xFF, 0xFF, 0xFF, 0xFF, 0xFF, 0xFF, 0xFF,
    0xFF, 0xFF, 0xFF, 0xFF, 0xFF, 0xFF, 0xFF, 0xFF, 0xFF, 0xFF, 0xFF, 0xFF, 0xFF, 0xFF, 0xFF, 0xFF,
    0xFF, 0xFF, 0xFF, 0xFF, 0xFF, 0xFF, 0xFF, 0xFF, 0xFF, 0xFF, 0xFF, 0xFF, 0xFF, 0xFF, 0xFF, 0xFF,
    0xFF, 0xFF, 0xFF, 0xFF, 0xFF, 0xFF, 0xFF, 0xFF, 0xFF, 0xFF, 0xFF, 0xFF, 0xFF, 0xFF, 0xFF, 0xFF,
    0xFF, 0xFF, 0xFF, 0xFF, 0xFF, 0xFF, 0xFF, 0xFF, 0xFF, 0xFF, 0xFF, 0xFF, 0xFF, 0xFF, 0xFF, 0xFF,
    0xFF, 0xFF, 0xFF, 0xFF, 0xFF, 0xFF, 0xFF, 0xFF, 0xFF, 0xFF, 0xFF, 0xFF, 0xFF, 0xFF, 0xFF, 0xFF,
    0xFF, 0xFF, 0xFF, 0xFF, 0xFF, 0xFF, 0xFF, 0xFF, 0xFF, 0xFF, 0xFF, 0xFF, 0xFF, 0xFF, 0xFF, 0xFF,
    0xFF, 0xFF, 0xFF, 0xFF, 0xFF, 0xFF, 0xFF, 0xFF, 0xFF, 0xFF, 0xFF, 0xFF, 0xFF, 0xFF, 0xFF, 0xFF,
    0xFF, 0xFF, 0x3F, 0x8E, 0x5F, 0x55, 0x3E, 0x5D, 0x7F, 0x5D, 0x7E, 0x5D, 0x7F, 0x5D, 0x7F, 0x55,
    0x3C, 0x5D, 0xBF, 0x5D, 0x3D, 0x5D, 0xDF, 0xAE, 0xFF, 0xFF, 0xFF, 0xFF, 0xFF, 0xFF, 0xFF, 0xFF,
    0xFF, 0xFF, 0xFF, 0xFF, 0xFF, 0xFF, 0xFF, 0xFF, 0xFF, 0xFF, 0xFF, 0xFF, 0xFF, 0xFF, 0xFF, 0xFF,
    0xFF, 0xFF, 0xFF, 0xFF, 0xFF, 0xFF, 0xFF, 0xFF, 0xFF, 0xFF, 0xFF, 0xFF, 0xFF, 0xFF, 0xFF, 0xFF,
    0xFF, 0xFF, 0xFF, 0xFF, 0xFF, 0xFF, 0xFF, 0xFF, 0xFF, 0xFF, 0xFF, 0xFF, 0xFF, 0xFF, 0xFF, 0xFF,
    0xFF, 0xFF, 0xFF, 0xFF, 0xFF, 0xFF, 0xFF, 0xFF, 0xFF, 0xFF, 0xFF, 0xFF, 0xFF, 0xFF, 0xFF, 0xFF,
    0xFF, 0xFF, 0xFF, 0xFF, 0xFF, 0xFF, 0xFF, 0xFF, 0xFF, 0xFF, 0xFF, 0xFF, 0xFF, 0xFF, 0xFF, 0xFF,
    0xFF, 0xFF, 0xFF, 0xFF, 0xFF, 0xFF, 0xFF, 0xFF, 0xFF, 0xFF, 0xFF, 0xFF, 0xFF, 0xFF, 0xFF, 0xFF,
    0xFF, 0xFF, 0xFF, 0xFF, 0xFF, 0xFF, 0xFF, 0xFF, 0xFF, 0xFF, 0xFF, 0xFF, 0xFF, 0xFF, 0xFF, 0xFF,
    0xFF, 0xFF, 0xFF, 0xFF, 0xFF, 0xFF, 0xFF, 0xFF, 0xFF, 0xFF, 0xFF, 0xFF, 0xFF, 0xFF, 0xFF, 0xFF,
    0xFF, 0xFF, 0xFF, 0xFF, 0xFF, 0xFF, 0xFF, 0xFF, 0xFF, 0xFF, 0xFF, 0xFF, 0xFF, 0xFF, 0xFF, 0xFF,
    0xFF, 0xFF, 0xFF, 0xFF, 0xFF, 0xFF, 0xFF, 0xFF, 0xFF, 0xFF, 0xFF, 0xFF, 0xFF, 0xFF, 0xFF, 0xFF,
    0xFF, 0xFF, 0xFF, 0xFF, 0xFF, 0xFF, 0xFF, 0xFF, 0xFF, 0xFF, 0xFF, 0xFF, 0xFF, 0xFF, 0xFF, 0xFF,
    0xFF, 0xFF, 0xFF, 0xFF, 0xFF, 0xFF, 0xFF, 0xFF, 0xFF, 0xFF, 0xFF, 0xFF, 0xBE, 0xFF, 0x3F, 0xC7,
    0xFD, 0x44, 0x9F, 0x55, 0x7F, 0x5D, 0x7F, 0x5D, 0x7E, 0x65, 0x7E, 0x6D, 0x7F, 0x55, 0x7F, 0x55,
    0x5C, 0x75, 0xFF, 0xEF, 0xFF, 0xFF, 0xFF, 0xFF, 0xFF, 0xFF, 0xFF, 0xFF, 0xFF, 0xFF, 0xFF, 0xFF,
    0xFF, 0xFF, 0xFF, 0xFF, 0xFF, 0xFF, 0xFF, 0xFF, 0xFF, 0xFF, 0xFF, 0xFF, 0xFF, 0xFF, 0xFF, 0xFF,
    0xFF, 0xFF, 0xFF, 0xFF, 0xFF, 0xFF, 0xFF, 0xFF, 0xFF, 0xFF, 0xFF, 0xFF, 0xFF, 0xFF, 0xFF, 0xFF,
    0xFF, 0xFF, 0xFF, 0xFF, 0xFF, 0xFF, 0xFF, 0xFF, 0xFF, 0xFF, 0xFF, 0xFF, 0xFF, 0xFF, 0xFF, 0xFF,
    0xFF, 0xFF, 0xFF, 0xFF, 0xFF, 0xFF, 0xFF, 0xFF, 0xFF, 0xFF, 0xFF, 0xFF, 0xFF, 0xFF, 0xFF, 0xFF,
    0xFF, 0xFF, 0xFF, 0xFF, 0xFF, 0xFF, 0xFF, 0xFF, 0xFF, 0xFF, 0xFF, 0xFF, 0xFF, 0xFF, 0xFF, 0xFF,
    0xFF, 0xFF, 0xFF, 0xFF, 0xFF, 0xFF, 0xFF, 0xFF, 0xFF, 0xFF, 0xFF, 0xFF, 0xFF, 0xFF, 0xFF, 0xFF,
    0xFF, 0xFF, 0xFF, 0xFF, 0xFF, 0xFF, 0xFF, 0xFF, 0xFF, 0xFF, 0xFF, 0xFF, 0xFF, 0xFF, 0xFF, 0xFF,
    0xFF, 0xFF, 0xFF, 0xFF, 0xFF, 0xFF, 0xFF, 0xFF, 0xFF, 0xFF, 0xFF, 0xFF, 0xFF, 0xFF, 0xFF, 0xFF,
    0xFF, 0xFF, 0xFF, 0xFF, 0xFF, 0xFF, 0xFF, 0xFF, 0xFF, 0xFF, 0xFF, 0xFF, 0xFF, 0xFF, 0xFF, 0xFF,
    0xFF, 0xFF, 0xFF, 0xFF, 0xFF, 0xFF, 0xFF, 0xFF, 0xFF, 0xFF, 0xFF, 0xFF, 0xFF, 0xFF, 0xFF, 0xFF,
    0xFF, 0xFF, 0xFF, 0xFF, 0xFF, 0xFF, 0xFF, 0xFF, 0xFF, 0xFF, 0xFF, 0xFF, 0xFF, 0xFF, 0xFF, 0xFF,
    0xFF, 0xFF, 0xFF, 0xFF, 0xFF, 0xFF, 0xDF, 0xF7, 0xDF, 0xFF, 0xFF, 0xFF, 0xFE, 0x7D, 0x3E, 0x55,
    0x7F, 0x55, 0xBF, 0x55, 0xBF, 0x5D, 0x9F, 0x65, 0x5F, 0x5D, 0x3B, 0x6D, 0xDF, 0xE7, 0x9E, 0xF7,
    0xFF, 0xFF, 0xFF, 0xFF, 0xFF, 0xFF, 0xFF, 0xFF, 0xFF, 0xFF, 0xFF, 0xFF, 0xFF, 0xFF, 0xFF, 0xFF,
    0xFF, 0xFF, 0xFF, 0xFF, 0xFF, 0xFF, 0xFF, 0xFF, 0xFF, 0xFF, 0xFF, 0xFF, 0xFF, 0xFF, 0xFF, 0xFF,
    0xFF, 0xFF, 0xFF, 0xFF, 0xFF, 0xFF, 0xFF, 0xFF, 0xFF, 0xFF, 0xFF, 0xFF, 0xFF, 0xFF, 0xFF, 0xFF,
    0xFF, 0xFF, 0xFF, 0xFF, 0xFF, 0xFF, 0xFF, 0xFF, 0xFF, 0xFF, 0xFF, 0xFF, 0xFF, 0xFF, 0xFF, 0xFF,
    0xFF, 0xFF, 0xFF, 0xFF, 0xFF, 0xFF, 0xFF, 0xFF, 0xFF, 0xFF, 0xFF, 0xFF, 0xFF, 0xFF, 0xFF, 0xFF,
    0xFF, 0xFF, 0xFF, 0xFF, 0xFF, 0xFF, 0xFF, 0xFF, 0xFF, 0xFF, 0xFF, 0xFF, 0xFF, 0xFF, 0xFF, 0xFF,
    0xFF, 0xFF, 0xFF, 0xFF, 0xFF, 0xFF, 0xFF, 0xFF, 0xFF, 0xFF, 0xFF, 0xFF, 0xFF, 0xFF, 0xFF, 0xFF,
    0xFF, 0xFF, 0xFF, 0xFF, 0xFF, 0xFF, 0xFF, 0xFF, 0xFF, 0xFF, 0xFF, 0xFF, 0xFF, 0xFF, 0xFF, 0xFF,
    0xFF, 0xFF, 0xFF, 0xFF, 0xFF, 0xFF, 0xFF, 0xFF, 0xFF, 0xFF, 0xFF, 0xFF, 0xFF, 0xFF, 0xFF, 0xFF,
    0xFF, 0xFF, 0xFF, 0xFF, 0xFF, 0xFF, 0xFF, 0xFF, 0xFF, 0xFF, 0xFF, 0xFF, 0xFF, 0xFF, 0xFF, 0xFF,
    0xFF, 0xFF, 0xFF, 0xFF, 0xFF, 0xFF, 0xFF, 0xFF, 0xFF, 0xFF, 0xFF, 0xFF, 0xFF, 0xFF, 0xFF, 0xFF,
    0xFF, 0xFF, 0xFF, 0xFF, 0xFF, 0xFF, 0xFF, 0xFF, 0xFF, 0xFF, 0xFF, 0xFF, 0xFF, 0xFF, 0xFF, 0xFF,
    0xFF, 0xFF, 0xBD, 0xFF, 0xFF, 0xF7, 0xBE, 0xFF, 0xBF, 0xEF, 0x3F, 0xC7, 0xBC, 0x85, 0x3C, 0x65,
    0x3C, 0x65, 0x7D, 0x75, 0x5D, 0xAE, 0xFF, 0xF7, 0xDF, 0xF7, 0xFF, 0xFF, 0xFF, 0xFF, 0xFF, 0xFF,
    0xFF, 0xFF, 0xFF, 0xFF, 0xFF, 0xFF, 0xFF, 0xFF, 0xFF, 0xFF, 0xFF, 0xFF, 0xFF, 0xFF, 0xFF, 0xFF,
    0xFF, 0xFF, 0xFF, 0xFF, 0xFF, 0xFF, 0xFF, 0xFF, 0xFF, 0xFF, 0xFF, 0xFF, 0xFF, 0xFF, 0xFF, 0xFF,
    0xFF, 0xFF, 0xFF, 0xFF, 0xFF, 0xFF, 0xFF, 0xFF, 0xFF, 0xFF, 0xFF, 0xFF, 0xFF, 0xFF, 0xFF, 0xFF,
    0xFF, 0xFF, 0xFF, 0xFF, 0xFF, 0xFF, 0xFF, 0xFF, 0xFF, 0xFF, 0xFF, 0xFF, 0xFF, 0xFF, 0xFF, 0xFF,
    0xFF, 0xFF, 0xFF, 0xFF, 0xFF, 0xFF, 0xFF, 0xFF, 0xFF, 0xFF, 0xFF, 0xFF, 0xFF, 0xFF, 0xFF, 0xFF,
    0xFF, 0xFF, 0xFF, 0xFF, 0xFF, 0xFF, 0xFF, 0xFF, 0xFF, 0xFF, 0xFF, 0xFF, 0xFF, 0xFF, 0xFF, 0xFF,
    0xFF, 0xFF, 0xFF, 0xFF, 0xFF, 0xFF, 0xFF, 0xFF, 0xFF, 0xFF, 0xFF, 0xFF, 0xFF, 0xFF, 0xFF, 0xFF,
    0xFF, 0xFF, 0xFF, 0xFF, 0xFF, 0xFF, 0xFF, 0xFF, 0xFF, 0xFF, 0xFF, 0xFF, 0xFF, 0xFF, 0xFF, 0xFF,
    0xFF, 0xFF, 0xFF, 0xFF, 0xFF, 0xFF, 0xFF, 0xFF, 0xFF, 0xFF, 0xFF, 0xFF, 0xFF, 0xFF, 0xFF, 0xFF,
    0xFF, 0xFF, 0xFF, 0xFF, 0xFF, 0xFF, 0xFF, 0xFF, 0xFF, 0xFF, 0xFF, 0xFF, 0xFF, 0xFF, 0xFF, 0xFF,
    0xFF, 0xFF, 0xFF, 0xFF, 0xFF, 0xFF, 0xFF, 0xFF, 0xFF, 0xFF, 0xFF, 0xFF, 0xFF, 0xFF, 0xFF, 0xFF,
    0xFF, 0xFF, 0xFF, 0xFF, 0xFF, 0xFF, 0xFF, 0xFF, 0xFF, 0xFF, 0xFF, 0xFF, 0xFF, 0xFF, 0xFF, 0xFF,
    0xFF, 0xFF, 0xFF, 0xFF, 0xFF, 0xFF, 0xFF, 0xFF, 0xFF, 0xFF, 0xFF, 0xFF, 0xFF, 0xFF, 0xFF, 0xFF,
    0xFF, 0xFF, 0xFF, 0xFF, 0xFF, 0xFF, 0xFF, 0xFF, 0xFF, 0xFF, 0xFF, 0xFF, 0xFF, 0xFF, 0xFF, 0xFF,
    0xFF, 0xFF, 0xFF, 0xFF, 0xFF, 0xFF, 0xFF, 0xFF, 0xFF, 0xFF, 0xFF, 0xFF, 0xFF, 0xFF, 0xFF, 0xFF,
    0xFF, 0xFF, 0xFF, 0xFF, 0xFF, 0xFF, 0xFF, 0xFF, 0xFF, 0xFF, 0xFF, 0xFF, 0xFF, 0xFF, 0xFF, 0xFF,
    0xFF, 0xFF, 0xFF, 0xFF, 0xFF, 0xFF, 0xFF, 0xFF, 0xFF, 0xFF, 0xFF, 0xFF, 0xFF, 0xFF, 0xFF, 0xFF,
    0xFF, 0xFF, 0xFF, 0xFF, 0xFF, 0xFF, 0xFF, 0xFF, 0xFF, 0xFF, 0xFF, 0xFF, 0xFF, 0xFF, 0xFF, 0xFF,
    0xFF, 0xFF, 0xFF, 0xFF, 0xFF, 0xFF, 0xFF, 0xFF, 0xFF, 0xFF, 0xFF, 0xFF, 0xFF, 0xFF, 0xFF, 0xFF,
    0xFF, 0xFF, 0xFF, 0xFF, 0xFF, 0xFF, 0xFF, 0xFF, 0xFF, 0xFF, 0xFF, 0xFF, 0xFF, 0xFF, 0xFF, 0xFF,
    0xFF, 0xFF, 0xFF, 0xFF, 0xFF, 0xFF, 0xFF, 0xFF, 0xFF, 0xFF, 0xFF, 0xFF, 0xFF, 0xFF, 0xFF, 0xFF,
    0xFF, 0xFF, 0xFF, 0xFF, 0xFF, 0xFF, 0xFF, 0xFF, 0xFF, 0xFF, 0xFF, 0xFF, 0xFF, 0xFF, 0xFF, 0xFF,
    0xFF, 0xFF, 0xFF, 0xFF, 0xFF, 0xFF, 0xFF, 0xFF, 0xFF, 0xFF, 0xFF, 0xFF, 0xFF, 0xFF, 0xFF, 0xFF,
    0xFF, 0xFF, 0xFF, 0xFF, 0xFF, 0xFF, 0xFF, 0xFF, 0xFF, 0xFF, 0xFF, 0xFF, 0xFF, 0xFF, 0xFF, 0xFF,
    0xFF, 0xFF, 0xFF, 0xFF, 0xFF, 0xFF, 0xFF, 0xFF, 0xFF, 0xFF, 0xFF, 0xFF, 0xFF, 0xFF, 0xFF, 0xFF,
    0xFF, 0xFF, 0xFF, 0xFF, 0xFF, 0xFF, 0xFF, 0xFF, 0xFF, 0xFF, 0xFF, 0xFF, 0xFF, 0xFF, 0xFF, 0xFF,
    0xFF, 0xFF, 0xFF, 0xFF, 0xFF, 0xFF, 0xFF, 0xFF, 0xFF, 0xFF, 0xFF, 0xFF, 0xFF, 0xFF, 0xFF, 0xFF,
    0xFF, 0xFF, 0xFF, 0xFF, 0xFF, 0xFF, 0xFF, 0xFF, 0xFF, 0xFF, 0xFF, 0xFF, 0xFF, 0xFF, 0xFF, 0xFF,
    0xFF, 0xFF, 0xFF, 0xFF, 0xFF, 0xFF, 0xFF, 0xFF, 0xFF, 0xFF, 0xFF, 0xFF, 0xFF, 0xFF, 0xFF, 0xFF,
    0xFF, 0xFF, 0xFF, 0xFF, 0xFF, 0xFF, 0xFF, 0xFF, 0xFF, 0xFF, 0xFF, 0xFF, 0xFF, 0xFF, 0xFF, 0xFF,
    0xFF, 0xFF, 0xFF, 0xFF, 0xFF, 0xFF, 0xFF, 0xFF, 0xFF, 0xFF, 0xFF, 0xFF, 0xFF, 0xFF, 0xFF, 0xFF,
    0xFF, 0xFF, 0xFF, 0xFF, 0xFF, 0xFF, 0xFF, 0xFF, 0xFF, 0xFF, 0xFF, 0xFF, 0xFF, 0xFF, 0xFF, 0xFF,
    0xFF, 0xFF, 0xFF, 0xFF, 0xFF, 0xFF, 0xFF, 0xFF, 0xFF, 0xFF, 0xFF, 0xFF, 0xFF, 0xFF, 0xFF, 0xFF,
    0xFF, 0xFF, 0xFF, 0xFF, 0xFF, 0xFF, 0xFF, 0xFF, 0xFF, 0xFF, 0xFF, 0xFF, 0xFF, 0xFF, 0xFF, 0xFF,
    0xFF, 0xFF, 0xFF, 0xFF, 0xFF, 0xFF, 0xFF, 0xFF, 0xFF, 0xFF, 0xFF, 0xFF, 0xFF, 0xFF, 0xFF, 0xFF,
    0xFF, 0xFF, 0xFF, 0xFF, 0xFF, 0xFF, 0xFF, 0xFF, 0xFF, 0xFF, 0xFF, 0xFF, 0xFF, 0xFF, 0xFF, 0xFF,
    0xFF, 0xFF, 0xFF, 0xFF, 0xFF, 0xFF, 0xFF, 0xFF, 0xFF, 0xFF, 0xFF, 0xFF, 0xFF, 0xFF, 0xFF, 0xFF,
    0xFF, 0xFF, 0xFF, 0xFF, 0xFF, 0xFF, 0xFF, 0xFF, 0xFF, 0xFF, 0xFF, 0xFF, 0xFF, 0xFF, 0xFF, 0xFF,
    0xFF, 0xFF, 0xFF, 0xFF, 0xFF, 0xFF, 0xFF, 0xFF, 0xFF, 0xFF, 0xFF, 0xFF, 0xFF, 0xFF, 0xFF, 0xFF,
    0xFF, 0xFF, 0xFF, 0xFF, 0xFF, 0xFF, 0xFF, 0xFF, 0xFF, 0xFF, 0xFF, 0xFF, 0xFF, 0xFF, 0xFF, 0xFF,
    0xFF, 0xFF, 0xFF, 0xFF, 0xFF, 0xFF, 0xFF, 0xFF, 0xFF, 0xFF, 0xFF, 0xFF, 0xFF, 0xFF, 0xFF, 0xFF,
    0xFF, 0xFF, 0xFF, 0xFF, 0xFF, 0xFF, 0xFF, 0xFF, 0xFF, 0xFF, 0xFF, 0xFF, 0xFF, 0xFF, 0xFF, 0xFF,
    0xFF, 0xFF, 0xFF, 0xFF, 0xFF, 0xFF, 0xFF, 0xFF, 0xFF, 0xFF, 0xFF, 0xFF, 0xFF, 0xFF, 0xFF, 0xFF,
    0xFF, 0xFF, 0xFF, 0xFF, 0xFF, 0xFF, 0xFF, 0xFF, 0xFF, 0xFF, 0xFF, 0xFF, 0xFF, 0xFF, 0xFF, 0xFF,
    0xFF, 0xFF, 0xFF, 0xFF, 0xFF, 0xFF, 0xFF, 0xFF, 0xFF, 0xFF, 0xFF, 0xFF, 0xFF, 0xFF, 0xFF, 0xFF,
    0xFF, 0xFF, 0xFF, 0xFF, 0xFF, 0xFF, 0xFF, 0xFF, 0xFF, 0xFF, 0xFF, 0xFF, 0xFF, 0xFF, 0xFF, 0xFF,
    0xFF, 0xFF, 0xFF, 0xFF, 0xFF, 0xFF, 0xFF, 0xFF, 0xFF, 0xFF, 0xFF, 0xFF, 0xFF, 0xFF, 0xFF, 0xFF,
    0xFF, 0xFF, 0xFF, 0xFF, 0xFF, 0xFF, 0xFF, 0xFF, 0xFF, 0xFF, 0xFF, 0xFF, 0xFF, 0xFF, 0xFF, 0xFF,
    0xFF, 0xFF, 0xFF, 0xFF, 0xFF, 0xFF, 0xFF, 0xFF, 0xFF, 0xFF, 0xFF, 0xFF, 0xFF, 0xFF, 0xFF, 0xFF,
    0xFF, 0xFF, 0xFF, 0xFF, 0xFF, 0xFF, 0xFF, 0xFF, 0xFF, 0xFF, 0xFF, 0xFF, 0xFF, 0xFF, 0xFF, 0xFF,
    0xFF, 0xFF, 0xFF, 0xFF, 0xFF, 0xFF, 0xFF, 0xFF, 0xFF, 0xFF, 0xFF, 0xFF, 0xFF, 0xFF, 0xFF, 0xFF,
    0xFF, 0xFF, 0xFF, 0xFF, 0xFF, 0xFF, 0xFF, 0xFF, 0xFF, 0xFF, 0xFF, 0xFF, 0xFF, 0xFF, 0xFF, 0xFF,
    0xFF, 0xFF, 0xFF, 0xFF, 0xFF, 0xFF, 0xFF, 0xFF, 0xFF, 0xFF, 0xFF, 0xFF, 0xFF, 0xFF, 0xFF, 0xFF,
    0xFF, 0xFF, 0xFF, 0xFF, 0xFF, 0xFF, 0xFF, 0xFF, 0xFF, 0xFF, 0xFF, 0xFF, 0xFF, 0xFF, 0xFF, 0xFF,
    0xFF, 0xFF, 0xFF, 0xFF, 0xFF, 0xFF, 0xFF, 0xFF, 0xFF, 0xFF, 0xFF, 0xFF, 0xFF, 0xFF, 0xFF, 0xFF,
    0xFF, 0xFF, 0xFF, 0xFF, 0xFF, 0xFF, 0xFF, 0xFF, 0xFF, 0xFF, 0xFF, 0xFF, 0xFF, 0xFF, 0xFF, 0xFF,
    0xFF, 0xFF, 0xFF, 0xFF, 0xFF, 0xFF, 0xFF, 0xFF, 0xFF, 0xFF, 0xFF, 0xFF, 0xFF, 0xFF, 0xFF, 0xFF,
    0xFF, 0xFF, 0xFF, 0xFF, 0xFF, 0xFF, 0xFF, 0xFF, 0xFF, 0xFF, 0xFF, 0xFF, 0xFF, 0xFF, 0xFF, 0xFF,
    0xFF, 0xFF, 0xFF, 0xFF, 0xFF, 0xFF, 0xFF, 0xFF, 0xFF, 0xFF, 0xFF, 0xFF, 0xFF, 0xFF, 0xFF, 0xFF,
    0xFF, 0xFF, 0xFF, 0xFF, 0xFF, 0xFF, 0xFF, 0xFF, 0xFF, 0xFF, 0xFF, 0xFF, 0xFF, 0xFF, 0xFF, 0xFF,
    0xFF, 0xFF, 0xFF, 0xFF, 0xFF, 0xFF, 0xFF, 0xFF, 0xFF, 0xFF, 0xFF, 0xFF, 0xFF, 0xFF, 0xFF, 0xFF,
    0xFF, 0xFF, 0xFF, 0xFF, 0xFF, 0xFF, 0xFF, 0xFF, 0xFF, 0xFF, 0xFF, 0xFF, 0xFF, 0xFF, 0xFF, 0xFF,
    0xFF, 0xFF, 0xFF, 0xFF, 0xFF, 0xFF, 0xFF, 0xFF, 0xFF, 0xFF, 0xFF, 0xFF, 0xFF, 0xFF, 0xFF, 0xFF,
    0xFF, 0xFF, 0xFF, 0xFF, 0xFF, 0xFF, 0xFF, 0xFF, 0xFF, 0xFF, 0xFF, 0xFF, 0xFF, 0xFF, 0xFF, 0xFF,
    0xFF, 0xFF, 0xFF, 0xFF, 0xFF, 0xFF, 0xFF, 0xFF, 0xFF, 0xFF, 0xFF, 0xFF, 0xFF, 0xFF, 0xFF, 0xFF,
    0xFF, 0xFF, 0xFF, 0xFF, 0xFF, 0xFF, 0xFF, 0xFF, 0xFF, 0xFF, 0xFF, 0xFF, 0xFF, 0xFF, 0xFF, 0xFF,
    0xFF, 0xFF, 0xFF, 0xFF, 0xFF, 0xFF, 0xFF, 0xFF, 0xFF, 0xFF, 0xFF, 0xFF, 0xFF, 0xFF, 0xFF, 0xFF,
    0xFF, 0xFF, 0xFF, 0xFF, 0xFF, 0xFF, 0xFF, 0xFF, 0xFF, 0xFF, 0xFF, 0xFF, 0xFF, 0xFF, 0xFF, 0xFF,
    0xFF, 0xFF, 0xFF, 0xFF, 0xFF, 0xFF, 0xFF, 0xFF, 0xFF, 0xFF, 0xFF, 0xFF, 0xFF, 0xFF, 0xFF, 0xFF,
    0xFF, 0xFF, 0xFF, 0xFF, 0xFF, 0xFF, 0xFF, 0xFF, 0xFF, 0xFF, 0xFF, 0xFF, 0xFF, 0xFF, 0xFF, 0xFF,
    0xFF, 0xFF, 0xFF, 0xFF, 0xFF, 0xFF, 0xFF, 0xFF, 0xFF, 0xFF, 0xFF, 0xFF, 0xFF, 0xFF, 0xFF, 0xFF,
    0xFF, 0xFF, 0xFF, 0xFF, 0xFF, 0xFF, 0xFF, 0xFF, 0xFF, 0xFF, 0xFF, 0xFF, 0xFF, 0xFF, 0xFF, 0xFF,
    0xFF, 0xFF, 0xFF, 0xFF, 0xFF, 0xFF, 0xFF, 0xFF, 0xFF, 0xFF, 0xFF, 0xFF, 0xFF, 0xFF, 0xFF, 0xFF,
    0xFF, 0xFF, 0xFF, 0xFF, 0xFF, 0xFF, 0xFF, 0xFF, 0xFF, 0xFF, 0xFF, 0xFF, 0xFF, 0xFF, 0xFF, 0xFF,
    0xFF, 0xFF, 0xFF, 0xFF, 0xFF, 0xFF, 0xFF, 0xFF, 0xFF, 0xFF, 0xFF, 0xFF, 0xFF, 0xFF, 0xFF, 0xFF,
    0xFF, 0xFF, 0xFF, 0xFF, 0xFF, 0xFF, 0xFF, 0xFF, 0xFF, 0xFF, 0xFF, 0xFF, 0xFF, 0xFF, 0xFF, 0xFF,
    0xFF, 0xFF, 0xFF, 0xFF, 0xFF, 0xFF, 0xFF, 0xFF, 0xFF, 0xFF, 0xFF, 0xFF, 0xFF, 0xFF, 0xFF, 0xFF,
    0xFF, 0xFF, 0xFF, 0xFF, 0xFF, 0xFF, 0xFF, 0xFF, 0xFF, 0xFF, 0xFF, 0xFF, 0xFF, 0xFF, 0xFF, 0xFF,
    0xFF, 0xFF, 0xFF, 0xFF, 0xFF, 0xFF, 0xFF, 0xFF, 0xFF, 0xFF, 0xFF, 0xFF, 0xFF, 0xFF, 0xFF, 0xFF,
    0xFF, 0xFF, 0xFF, 0xFF, 0xFF, 0xFF, 0xFF, 0xFF, 0xFF, 0xFF, 0xFF, 0xFF, 0xFF, 0xFF, 0xFF, 0xFF,
    0xFF, 0xFF, 0xFF, 0xFF, 0xFF, 0xFF, 0xFF, 0xFF, 0xFF, 0xFF, 0xFF, 0xFF, 0xFF, 0xFF, 0xFF, 0xFF,
    0xFF, 0xFF, 0xFF, 0xFF, 0xFF, 0xFF, 0xFF, 0xFF, 0xFF, 0xFF, 0xFF, 0xFF, 0xFF, 0xFF, 0xFF, 0xFF,
    0xFF, 0xFF, 0xFF, 0xFF, 0xFF, 0xFF, 0xFF, 0xFF, 0xFF, 0xFF, 0xFF, 0xFF, 0xFF, 0xFF, 0xFF, 0xFF,
    0xFF, 0xFF, 0xFF, 0xFF, 0xFF, 0xFF, 0xFF, 0xFF, 0xFF, 0xFF, 0xFF, 0xFF, 0xFF, 0xFF, 0xFF, 0xFF,
    0xFF, 0xFF, 0xFF, 0xFF, 0xFF, 0xFF, 0xFF, 0xFF, 0xFF, 0xFF, 0xFF, 0xFF, 0xFF, 0xFF, 0xFF, 0xFF,
    0xFF, 0xFF, 0xFF, 0xFF, 0xFF, 0xFF, 0xFF, 0xFF, 0xFF, 0xFF, 0xFF, 0xFF, 0xFF, 0xFF, 0xFF, 0xFF,
    0xFF, 0xFF, 0xFF, 0xFF, 0xFF, 0xFF, 0xFF, 0xFF, 0xFF, 0xFF, 0xFF, 0xFF, 0xFF, 0xFF, 0xFF, 0xFF,
    0xFF, 0xFF, 0xFF, 0xFF, 0xFF, 0xFF, 0xFF, 0xFF, 0xFF, 0xFF, 0xFF, 0xFF, 0xFF, 0xFF, 0xFF, 0xFF,
    0xFF, 0xFF, 0xFF, 0xFF, 0xFF, 0xFF, 0xFF, 0xFF, 0xFF, 0xFF, 0xFF, 0xFF, 0xFF, 0xFF, 0xFF, 0xFF,
    0xFF, 0xFF, 0xFF, 0xFF, 0xFF, 0xFF, 0xFF, 0xFF, 0xFF, 0xFF, 0xFF, 0xFF, 0xFF, 0xFF, 0xFF, 0xFF,
    0xFF, 0xFF, 0xFF, 0xFF, 0xFF, 0xFF, 0xFF, 0xFF, 0xFF, 0xFF, 0xFF, 0xFF, 0xFF, 0xFF, 0xFF, 0xFF,
    0xFF, 0xFF, 0xFF, 0xFF, 0xFF, 0xFF, 0xFF, 0xFF, 0xFF, 0xFF, 0xFF, 0xFF, 0xFF, 0xFF, 0xFF, 0xFF,
    0xFF, 0xFF, 0xFF, 0xFF, 0xFF, 0xFF, 0xFF, 0xFF, 0xFF, 0xFF, 0xFF, 0xFF, 0xFF, 0xFF, 0xFF, 0xFF,
    0xFF, 0xFF, 0xFF, 0xFF, 0xFF, 0xFF, 0xFF, 0xFF, 0xFF, 0xFF, 0xFF, 0xFF, 0xFF, 0xFF, 0xFF, 0xFF,
    0xFF, 0xFF, 0xFF, 0xFF, 0xFF, 0xFF, 0xFF, 0xFF, 0xFF, 0xFF, 0xFF, 0xFF, 0xFF, 0xFF, 0xFF, 0xFF,
    0xFF, 0xFF, 0xFF, 0xFF, 0xFF, 0xFF, 0xFF, 0xFF, 0xFF, 0xFF, 0xFF, 0xFF, 0xFF, 0xFF, 0xFF, 0xFF,
    0xFF, 0xFF, 0xFF, 0xFF, 0xFF, 0xFF, 0xFF, 0xFF, 0xFF, 0xFF, 0xFF, 0xFF, 0xFF, 0xFF, 0xFF, 0xFF,
    0xFF, 0xFF, 0xFF, 0xFF, 0xFF, 0xFF, 0xFF, 0xFF, 0xFF, 0xFF, 0xFF, 0xFF, 0xFF, 0xFF, 0xFF, 0xFF,
    0xFF, 0xFF, 0xFF, 0xFF, 0xFF, 0xFF, 0xFF, 0xFF, 0xFF, 0xFF, 0xFF, 0xFF, 0xFF, 0xFF, 0xFF, 0xFF,
    0xFF, 0xFF, 0xFF, 0xFF, 0xFF, 0xFF, 0xFF, 0xFF, 0xFF, 0xFF, 0xFF, 0xFF, 0xFF, 0xFF, 0xFF, 0xFF,
    0xFF, 0xFF, 0xFF, 0xFF, 0xFF, 0xFF, 0xFF, 0xFF, 0xFF, 0xFF, 0xFF, 0xFF, 0xFF, 0xFF, 0xFF, 0xFF,
    0xFF, 0xFF, 0xFF, 0xFF, 0xFF, 0xFF, 0xFF, 0xFF, 0xFF, 0xFF, 0xFF, 0xFF, 0xFF, 0xFF, 0xFF, 0xFF,
    0xFF, 0xFF, 0xFF, 0xFF, 0xFF, 0xFF, 0xFF, 0xFF, 0xFF, 0xFF, 0xFF, 0xFF, 0xFF, 0xFF, 0xFF, 0xFF,
    0xFF, 0xFF, 0xFF, 0xFF, 0xFF, 0xFF, 0xFF, 0xFF, 0xFF, 0xFF, 0xFF, 0xFF, 0xFF, 0xFF, 0xFF, 0xFF,
    0xFF, 0xFF, 0xFF, 0xFF, 0xFF, 0xFF, 0xFF, 0xFF, 0xFF, 0xFF, 0xFF, 0xFF, 0xFF, 0xFF, 0xFF, 0xFF,
    0xFF, 0xFF, 0xFF, 0xFF, 0xFF, 0xFF, 0xFF, 0xFF, 0xFF, 0xFF, 0xFF, 0xFF, 0xFF, 0xFF, 0xFF, 0xFF,
    0xFF, 0xFF, 0xFF, 0xFF, 0xFF, 0xFF, 0xFF, 0xFF, 0xFF, 0xFF, 0xFF, 0xFF, 0xFF, 0xFF, 0xFF, 0xFF,
    0xFF, 0xFF, 0xFF, 0xFF, 0xFF, 0xFF, 0xFF, 0xFF, 0xFF, 0xFF, 0xFF, 0xFF, 0xFF, 0xFF, 0xFF, 0xFF,
    0xFF, 0xFF, 0xFF, 0xFF, 0xFF, 0xFF, 0xFF, 0xFF, 0xFF, 0xFF, 0xFF, 0xFF, 0xFF, 0xFF, 0xFF, 0xFF,
    0xFF, 0xFF, 0xFF, 0xFF, 0xFF, 0xFF, 0xFF, 0xFF, 0xFF, 0xFF, 0xFF, 0xFF, 0xFF, 0xFF, 0xFF, 0xFF,
    0xFF, 0xFF, 0xFF, 0xFF, 0xFF, 0xFF, 0xFF, 0xFF, 0xFF, 0xFF, 0xFF, 0xFF, 0xFF, 0xFF, 0xFF, 0xFF,
    0xFF, 0xFF, 0xFF, 0xFF, 0xFF, 0xFF, 0xFF, 0xFF, 0xFF, 0xFF, 0xFF, 0xFF, 0xFF, 0xFF, 0xFF, 0xFF,
    0xFF, 0xFF, 0xFF, 0xFF, 0xFF, 0xFF, 0xFF, 0xFF, 0xFF, 0xFF, 0xFF, 0xFF, 0xFF, 0xFF, 0xFF, 0xFF,
    0xFF, 0xFF, 0xFF, 0xFF, 0xFF, 0xFF, 0xFF, 0xFF, 0xFF, 0xFF, 0xFF, 0xFF, 0xFF, 0xFF, 0xFF, 0xFF,
    0xFF, 0xFF, 0xFF, 0xFF, 0xFF, 0xFF, 0xFF, 0xFF, 0xFF, 0xFF, 0xFF, 0xFF, 0xFF, 0xFF, 0xFF, 0xFF,
    0xFF, 0xFF, 0xFF, 0xFF, 0xFF, 0xFF, 0xFF, 0xFF, 0xFF, 0xFF, 0xFF, 0xFF, 0xFF, 0xFF, 0xFF, 0xFF,
    0xFF, 0xFF, 0xFF, 0xFF, 0xFF, 0xFF, 0xFF, 0xFF, 0xFF, 0xFF, 0xFF, 0xFF, 0xFF, 0xFF, 0xFF, 0xFF,
    0xFF, 0xFF, 0xFF, 0xFF, 0xFF, 0xFF, 0xFF, 0xFF, 0xFF, 0xFF, 0xFF, 0xFF, 0xFF, 0xFF, 0xFF, 0xFF,
    0xFF, 0xFF, 0xFF, 0xFF, 0xFF, 0xFF, 0xFF, 0xFF, 0xFF, 0xFF, 0xFF, 0xFF, 0xFF, 0xFF, 0xFF, 0xFF,
    0xFF, 0xFF, 0xFF, 0xFF, 0xFF, 0xFF, 0xFF, 0xFF, 0xFF, 0xFF, 0xFF, 0xFF, 0xFF, 0xFF, 0xFF, 0xFF,
    0xFF, 0xFF, 0xFF, 0xFF, 0xFF, 0xFF, 0xFF, 0xFF, 0xFF, 0xFF, 0xFF, 0xFF, 0xFF, 0xFF, 0xFF, 0xFF,
    0xFF, 0xFF, 0xFF, 0xFF, 0xFF, 0xFF, 0xFF, 0xFF, 0xFF, 0xFF, 0xFF, 0xFF, 0xFF, 0xFF, 0xFF, 0xFF,
    0xFF, 0xFF, 0xFF, 0xFF, 0xFF, 0xFF, 0xFF, 0xFF, 0xFF, 0xFF, 0xFF, 0xFF, 0xFF, 0xFF, 0xFF, 0xFF,
    0xFF, 0xFF, 0xFF, 0xFF, 0xFF, 0xFF, 0xFF, 0xFF, 0xFF, 0xFF, 0xFF, 0xFF, 0xFF, 0xFF, 0xFF, 0xFF,
    0xFF, 0xFF, 0xFF, 0xFF, 0xFF, 0xFF, 0xFF, 0xFF, 0xFF, 0xFF, 0xFF, 0xFF, 0xFF, 0xFF, 0xFF, 0xFF,
    0xFF, 0xFF, 0xFF, 0xFF, 0xFF, 0xFF, 0xFF, 0xFF, 0xFF, 0xFF, 0xFF, 0xFF, 0xFF, 0xFF, 0xFF, 0xFF,
    0xFF, 0xFF, 0xFF, 0xFF, 0xFF, 0xFF, 0xFF, 0xFF, 0xFF, 0xFF, 0xFF, 0xFF, 0xFF, 0xFF, 0xFF, 0xFF,
    0xFF, 0xFF, 0xFF, 0xFF, 0xFF, 0xFF, 0xFF, 0xFF, 0xFF, 0xFF, 0xFF, 0xFF, 0xFF, 0xFF, 0xFF, 0xFF,
    0xFF, 0xFF, 0xFF, 0xFF, 0xFF, 0xFF, 0xFF, 0xFF, 0xFF, 0xFF, 0xFF, 0xFF, 0xFF, 0xFF, 0xFF, 0xFF,
    0xFF, 0xFF, 0xFF, 0xFF, 0xFF, 0xFF, 0xFF, 0xFF, 0xFF, 0xFF, 0xFF, 0xFF, 0xFF, 0xFF, 0xFF, 0xFF,
    0xFF, 0xFF, 0xFF, 0xFF, 0xFF, 0xFF, 0xFF, 0xFF, 
};
