/* Generated from resource/image/c/icon_duoyun.c; RGB565 little-endian, 110x110. */
const unsigned char gWeather_duoyun[24200] = {
    0xFF, 0xFF, 0xFF, 0xFF, 0xFF, 0xFF, 0xFF, 0xFF, 0xFF, 0xFF, 0xFF, 0xFF, 0xFF, 0xFF, 0xFF, 0xFF,
    0xFF, 0xFF, 0xFF, 0xFF, 0xFF, 0xFF, 0xFF, 0xFF, 0xFF, 0xFF, 0xFF, 0xFF, 0xFF, 0xFF, 0xFF, 0xFF,
    0xFF, 0xFF, 0xFF, 0xFF, 0xFF, 0xFF, 0xFF, 0xFF, 0xFF, 0xFF, 0xFF, 0xFF, 0xFF, 0xFF, 0xFF, 0xFF,
    0xFF, 0xFF, 0xFF, 0xFF, 0xFF, 0xFF, 0xFF, 0xFF, 0xFF, 0xFF, 0xFF, 0xFF, 0xFF, 0xFF, 0xFF, 0xFF,
    0xFF, 0xFF, 0xFF, 0xFF, 0xFF, 0xFF, 0xFF, 0xFF, 0xFF, 0xFF, 0xFF, 0xFF, 0xFF, 0xFF, 0xFF, 0xFF,
    0xFF, 0xFF, 0xFF, 0xFF, 0xFF, 0xFF, 0xFF, 0xFF, 0xFF, 0xFF, 0xFF, 0xFF, 0xFF, 0xFF, 0xFF, 0xFF,
    0xFF, 0xFF, 0xFF, 0xFF, 0xFF, 0xFF, 0xFF, 0xFF, 0xFF, 0xFF, 0xFF, 0xFF, 0xFF, 0xFF, 0xFF, 0xFF,
    0xFF, 0xFF, 0xFF, 0xFF, 0xFF, 0xFF, 0xFF, 0xFF, 0xFF, 0xFF, 0xFF, 0xFF, 0xFF, 0xFF, 0xFF, 0xFF,
    0xFF, 0xFF, 0xFF, 0xFF, 0xFF, 0xFF, 0xFF, 0xFF, 0xFF, 0xFF, 0xFF, 0xFF, 0xFF, 0xFF, 0xFF, 0xFF,
    0xFF, 0xFF, 0xFF, 0xFF, 0xFF, 0xFF, 0xFF, 0xFF, 0xFF, 0xFF, 0xFF, 0xFF, 0xFF, 0xFF, 0xFF, 0xFF,
    0xFF, 0xFF, 0xFF, 0xFF, 0xFF, 0xFF, 0xFF, 0xFF, 0xFF, 0xFF, 0xFF, 0xFF, 0xFF, 0xFF, 0xFF, 0xFF,
    0xFF, 0xFF, 0xFF, 0xFF, 0xFF, 0xFF, 0xFF, 0xFF, 0xFF, 0xFF, 0xFF, 0xFF, 0xFF, 0xFF, 0xFF, 0xFF,
    0xFF, 0xFF, 0xFF, 0xFF, 0xFF, 0xFF, 0xFF, 0xFF, 0xFF, 0xFF, 0xFF, 0xFF, 0xFF, 0xFF, 0xFF, 0xFF,
    0xFF, 0xFF, 0xFF, 0xFF, 0xFF, 0xFF, 0xFF, 0xFF, 0xFF, 0xFF, 0xFF, 0xFF, 0xFF, 0xFF, 0xFF, 0xFF,
    0xFF, 0xFF, 0xFF, 0xFF, 0xFF, 0xFF, 0xFF, 0xFF, 0xFF, 0xFF, 0xFF, 0xFF, 0xFF, 0xFF, 0xFF, 0xFF,
    0xFF, 0xFF, 0xFF, 0xFF, 0xFF, 0xFF, 0xFF, 0xFF, 0xFF, 0xFF, 0xFF, 0xFF, 0xFF, 0xFF, 0xFF, 0xFF,
    0xFF, 0xFF, 0xFF, 0xFF, 0xFF, 0xFF, 0xFF, 0xFF, 0xFF, 0xFF, 0xFF, 0xFF, 0xFF, 0xFF, 0xFF, 0xFF,
    0xFF, 0xFF, 0xFF, 0xFF, 0xFF, 0xFF, 0xFF, 0xFF, 0xFF, 0xFF, 0xFF, 0xFF, 0xFF, 0xFF, 0xFF, 0xFF,
    0xFF, 0xFF, 0xFF, 0xFF, 0xFF, 0xFF, 0xFF, 0xFF, 0xFF, 0xFF, 0xFF, 0xFF, 0xFF, 0xFF, 0xFF, 0xFF,
    0xFF, 0xFF, 0xFF, 0xFF, 0xFF, 0xFF, 0xFF, 0xFF, 0xFF, 0xFF, 0xFF, 0xFF, 0xFF, 0xFF, 0xFF, 0xFF,
    0xFF, 0xFF, 0xFF, 0xFF, 0xFF, 0xFF, 0xFF, 0xFF, 0xFF, 0xFF, 0xFF, 0xFF, 0xFF, 0xFF, 0xFF, 0xFF,
    0xFF, 0xFF, 0xFF, 0xFF, 0xFF, 0xFF, 0xFF, 0xFF, 0xFF, 0xFF, 0xFF, 0xFF, 0xFF, 0xFF, 0xFF, 0xFF,
    0xFF, 0xFF, 0xFF, 0xFF, 0xFF, 0xFF, 0xFF, 0xFF, 0xFF, 0xFF, 0xFF, 0xFF, 0xFF, 0xFF, 0xFF, 0xFF,
    0xFF, 0xFF, 0xFF, 0xFF, 0xFF, 0xFF, 0xFF, 0xFF, 0xFF, 0xFF, 0xFF, 0xFF, 0xFF, 0xFF, 0xFF, 0xFF,
    0xFF, 0xFF, 0xFF, 0xFF, 0xFF, 0xFF, 0xFF, 0xFF, 0xFF, 0xFF, 0xFF, 0xFF, 0xFF, 0xFF, 0xFF, 0xFF,
    0xFF, 0xFF, 0xFF, 0xFF, 0xFF, 0xFF, 0xFF, 0xFF, 0xFF, 0xFF, 0xFF, 0xFF, 0xFF, 0xFF, 0xFF, 0xFF,
    0xFF, 0xFF, 0xFF, 0xFF, 0xFF, 0xFF, 0xFF, 0xFF, 0xFF, 0xFF, 0xFF, 0xFF, 0xFF, 0xFF, 0xFF, 0xFF,
    0xFF, 0xFF, 0xFF, 0xFF, 0xFF, 0xFF, 0xFF, 0xFF, 0xFF, 0xFF, 0xFF, 0xFF, 0xFF, 0xFF, 0xFF, 0xFF,
    0xFF, 0xFF, 0xFF, 0xFF, 0xFF, 0xFF, 0xFF, 0xFF, 0xFF, 0xFF, 0xFF, 0xFF, 0xFF, 0xFF, 0xFF, 0xFF,
    0xFF, 0xFF, 0xFF, 0xFF, 0xFF, 0xFF, 0xFF, 0xFF, 0xFF, 0xFF, 0xFF, 0xFF, 0xFF, 0xFF, 0xFF, 0xFF,
    0xFF, 0xFF, 0xFF, 0xFF, 0xFF, 0xFF, 0xFF, 0xFF, 0xFF, 0xFF, 0xFF, 0xFF, 0xFF, 0xFF, 0xFF, 0xFF,
    0xFF, 0xFF, 0xFF, 0xFF, 0xFF, 0xFF, 0xFF, 0xFF, 0xFF, 0xFF, 0xFF, 0xFF, 0xFF, 0xFF, 0xFF, 0xFF,
    0xFF, 0xFF, 0xFF, 0xFF, 0xFF, 0xFF, 0xFF, 0xFF, 0xFF, 0xFF, 0xFF, 0xFF, 0xFF, 0xFF, 0xFF, 0xFF,
    0xFF, 0xFF, 0xFF, 0xFF, 0xFF, 0xFF, 0xFF, 0xFF, 0xFF, 0xFF, 0xFF, 0xFF, 0xFF, 0xFF, 0xFF, 0xFF,
    0xFF, 0xFF, 0xFF, 0xFF, 0xFF, 0xFF, 0xFF, 0xFF, 0xFF, 0xFF, 0xFF, 0xFF, 0xFF, 0xFF, 0xFF, 0xFF,
    0xFF, 0xFF, 0xFF, 0xFF, 0xFF, 0xFF, 0xFF, 0xFF, 0xFF, 0xFF, 0xFF, 0xFF, 0xFF, 0xFF, 0xFF, 0xFF,
    0xFF, 0xFF, 0xFF, 0xFF, 0xFF, 0xFF, 0xFF, 0xFF, 0xFF, 0xFF, 0xFF, 0xFF, 0xFF, 0xFF, 0xFF, 0xFF,
    0xFF, 0xFF, 0xFF, 0xFF, 0xFF, 0xFF, 0xFF, 0xFF, 0xFF, 0xFF, 0xFF, 0xFF, 0xFF, 0xFF, 0xFF, 0xFF,
    0xFF, 0xFF, 0xFF, 0xFF, 0xFF, 0xFF, 0xFF, 0xFF, 0xFF, 0xFF, 0xFF, 0xFF, 0xFF, 0xFF, 0xFF, 0xFF,
    0xFF, 0xFF, 0xFF, 0xFF, 0xFF, 0xFF, 0xFF, 0xFF, 0xFF, 0xFF, 0xFF, 0xFF, 0xFF, 0xFF, 0xFF, 0xFF,
    0xFF, 0xFF, 0xFF, 0xFF, 0xFF, 0xFF, 0xFF, 0xFF, 0xFF, 0xFF, 0xFF, 0xFF, 0xFF, 0xFF, 0xFF, 0xFF,
    0xFF, 0xFF, 0xFF, 0xFF, 0xFF, 0xFF, 0xFF, 0xFF, 0xFF, 0xFF, 0xFF, 0xFF, 0xFF, 0xFF, 0xFF, 0xFF,
    0xFF, 0xFF, 0xFF, 0xFF, 0xFF, 0xFF, 0xFF, 0xFF, 0xFF, 0xFF, 0xFF, 0xFF, 0xFF, 0xFF, 0xFF, 0xFF,
    0xFF, 0xFF, 0xFF, 0xFF, 0xFF, 0xFF, 0xFF, 0xFF, 0xFF, 0xFF, 0xFF, 0xFF, 0xFF, 0xFF, 0xFF, 0xFF,
    0xFF, 0xFF, 0xFF, 0xFF, 0xFF, 0xFF, 0xFF, 0xFF, 0xFF, 0xFF, 0xFF, 0xFF, 0xFF, 0xFF, 0xFF, 0xFF,
    0xFF, 0xFF, 0xFF, 0xFF, 0xFF, 0xFF, 0xFF, 0xFF, 0xFF, 0xFF, 0xFF, 0xFF, 0xFF, 0xFF, 0xFF, 0xFF,
    0xFF, 0xFF, 0xFF, 0xFF, 0xFF, 0xFF, 0xFF, 0xFF, 0xFF, 0xFF, 0xFF, 0xFF, 0xFF, 0xFF, 0xFF, 0xFF,
    0xFF, 0xFF, 0xFF, 0xFF, 0xFF, 0xFF, 0xFF, 0xFF, 0xFF, 0xFF, 0xFF, 0xFF, 0xFF, 0xFF, 0xFF, 0xFF,
    0xFF, 0xFF, 0xFF, 0xFF, 0xFF, 0xFF, 0xFF, 0xFF, 0xFF, 0xFF, 0xFF, 0xFF, 0xFF, 0xFF, 0xFF, 0xFF,
    0xFF, 0xFF, 0xFF, 0xFF, 0xFF, 0xFF, 0xFF, 0xFF, 0xFF, 0xFF, 0xFF, 0xFF, 0xFF, 0xFF, 0xFF, 0xFF,
    0xFF, 0xFF, 0xFF, 0xFF, 0xFF, 0xFF, 0xFF, 0xFF, 0xFF, 0xFF, 0xFF, 0xFF, 0xFF, 0xFF, 0xFF, 0xFF,
    0xFF, 0xFF, 0xFF, 0xFF, 0xFF, 0xFF, 0xFF, 0xFF, 0xFF, 0xFF, 0xFF, 0xFF, 0xFF, 0xFF, 0xFF, 0xFF,
    0xFF, 0xFF, 0xFF, 0xFF, 0xFF, 0xFF, 0xFF, 0xFF, 0xFF, 0xFF, 0xFF, 0xFF, 0xFF, 0xFF, 0xFF, 0xFF,
    0xFF, 0xFF, 0xFF, 0xFF, 0xFF, 0xFF, 0xFF, 0xFF, 0xFF, 0xFF, 0xFF, 0xFF, 0xFF, 0xFF, 0xFF, 0xFF,
    0xFF, 0xFF, 0xFF, 0xFF, 0xFF, 0xFF, 0xFF, 0xFF, 0xFF, 0xFF, 0xFF, 0xFF, 0xFF, 0xFF, 0xFF, 0xFF,
    0xFF, 0xFF, 0xFF, 0xFF, 0xFF, 0xFF, 0xFF, 0xFF, 0xFF, 0xFF, 0xFF, 0xFF, 0xFF, 0xFF, 0xFF, 0xFF,
    0xFF, 0xFF, 0xFF, 0xFF, 0xFF, 0xFF, 0xFF, 0xFF, 0xFF, 0xFF, 0xFF, 0xFF, 0xFF, 0xFF, 0xFF, 0xFF,
    0xFF, 0xFF, 0xFF, 0xFF, 0xFF, 0xFF, 0xFF, 0xFF, 0xFF, 0xFF, 0xFF, 0xFF, 0xFF, 0xFF, 0xFF, 0xFF,
    0xFF, 0xFF, 0xFF, 0xFF, 0xFF, 0xFF, 0xFF, 0xFF, 0xFF, 0xFF, 0xFF, 0xFF, 0xFF, 0xFF, 0xFF, 0xFF,
    0xFF, 0xFF, 0xFF, 0xFF, 0xFF, 0xFF, 0xFF, 0xFF, 0xFF, 0xFF, 0xFF, 0xFF, 0xFF, 0xFF, 0xFF, 0xFF,
    0xFF, 0xFF, 0xFF, 0xFF, 0xFF, 0xFF, 0xFF, 0xFF, 0xFF, 0xFF, 0xFF, 0xFF, 0xFF, 0xFF, 0xFF, 0xFF,
    0xFF, 0xFF, 0xFF, 0xFF, 0xFF, 0xFF, 0xFF, 0xFF, 0xFF, 0xFF, 0xFF, 0xFF, 0xFF, 0xFF, 0xFF, 0xFF,
    0xFF, 0xFF, 0xFF, 0xFF, 0xFF, 0xFF, 0xFF, 0xFF, 0xFF, 0xFF, 0xFF, 0xFF, 0xFF, 0xFF, 0xFF, 0xFF,
    0xFF, 0xFF, 0xFF, 0xFF, 0xFF, 0xFF, 0xFF, 0xFF, 0xFF, 0xFF, 0xFF, 0xFF, 0xFF, 0xFF, 0xFF, 0xFF,
    0xFF, 0xFF, 0xFF, 0xFF, 0xFF, 0xFF, 0xFF, 0xFF, 0xFF, 0xFF, 0xFF, 0xFF, 0xFF, 0xFF, 0xFF, 0xFF,
    0xFF, 0xFF, 0xFF, 0xFF, 0xFF, 0xFF, 0xFF, 0xFF, 0xFF, 0xFF, 0xFF, 0xFF, 0xFF, 0xFF, 0xFF, 0xFF,
    0xFF, 0xFF, 0xFF, 0xFF, 0xFF, 0xFF, 0xFF, 0xFF, 0xFF, 0xFF, 0xFF, 0xFF, 0xFF, 0xFF, 0xFF, 0xFF,
    0xFF, 0xFF, 0xFF, 0xFF, 0xFF, 0xFF, 0xFF, 0xFF, 0xFF, 0xFF, 0xFF, 0xFF, 0xFF, 0xFF, 0xFF, 0xFF,
    0xFF, 0xFF, 0xFF, 0xFF, 0xFF, 0xFF, 0xFF, 0xFF, 0xFF, 0xFF, 0xFF, 0xFF, 0xFF, 0xFF, 0xFF, 0xFF,
    0xFF, 0xFF, 0xFF, 0xFF, 0xFF, 0xFF, 0xFF, 0xFF, 0xFF, 0xFF, 0xFF, 0xFF, 0xFF, 0xFF, 0xFF, 0xFF,
    0xFF, 0xFF, 0xFF, 0xFF, 0xFF, 0xFF, 0xFF, 0xFF, 0xFF, 0xFF, 0xFF, 0xFF, 0xFF, 0xFF, 0xFF, 0xFF,
    0xFF, 0xFF, 0xFF, 0xFF, 0xFF, 0xFF, 0xFF, 0xFF, 0xFF, 0xFF, 0xFF, 0xFF, 0xFF, 0xFF, 0xFF, 0xFF,
    0xFF, 0xFF, 0xFF, 0xFF, 0xFF, 0xFF, 0xFF, 0xFF, 0xFF, 0xFF, 0xFF, 0xFF, 0xFF, 0xFF, 0xFF, 0xFF,
    0xFF, 0xFF, 0xFF, 0xFF, 0xFF, 0xFF, 0xFF, 0xFF, 0xFF, 0xFF, 0xFF, 0xFF, 0xFF, 0xFF, 0xFF, 0xFF,
    0xFF, 0xFF, 0xFF, 0xFF, 0xFF, 0xFF, 0xFF, 0xFF, 0xFF, 0xFF, 0xFF, 0xFF, 0xFF, 0xFF, 0xFE, 0xFF,
    0xFE, 0xFF, 0xFF, 0xFF, 0xFF, 0xFF, 0xFF, 0xFF, 0xFF, 0xFF, 0xFF, 0xFF, 0xFF, 0xFF, 0xFF, 0xFF,
    0xFF, 0xFF, 0xFF, 0xFF, 0xFF, 0xFF, 0xFF, 0xFF, 0xFF, 0xFF, 0xFF, 0xFF, 0xFF, 0xFF, 0xFF, 0xFF,
    0xFF, 0xFF, 0xFF, 0xFF, 0xFF, 0xFF, 0xFF, 0xFF, 0xFF, 0xFF, 0xFF, 0xFF, 0xFF, 0xFF, 0xFF, 0xFF,
    0xFF, 0xFF, 0xFF, 0xFF, 0xFF, 0xFF, 0xFF, 0xFF, 0xFF, 0xFF, 0xFF, 0xFF, 0xFF, 0xFF, 0xFF, 0xFF,
    0xFF, 0xFF, 0xFF, 0xFF, 0xFF, 0xFF, 0xFF, 0xFF, 0xFF, 0xFF, 0xFF, 0xFF, 0xFF, 0xFF, 0xFF, 0xFF,
    0xFF, 0xFF, 0xFF, 0xFF, 0xFF, 0xFF, 0xFF, 0xFF, 0xFF, 0xFF, 0xFF, 0xFF, 0xFF, 0xFF, 0xFF, 0xFF,
    0xFF, 0xFF, 0xFF, 0xFF, 0xFF, 0xFF, 0xFF, 0xFF, 0xFF, 0xFF, 0xFF, 0xFF, 0xFF, 0xFF, 0xFF, 0xFF,
    0xFF, 0xFF, 0xFF, 0xFF, 0xFF, 0xFF, 0xFF, 0xFF, 0xFF, 0xFF, 0xFF, 0xFF, 0xFF, 0xFF, 0xFF, 0xFF,
    0xFF, 0xFF, 0xFF, 0xFF, 0xFF, 0xFF, 0xFF, 0xFF, 0xFF, 0xFF, 0xFF, 0xFF, 0xFF, 0xFF, 0xFF, 0xFF,
    0xFF, 0xFF, 0xFF, 0xFF, 0xFF, 0xFF, 0xFF, 0xFF, 0xFF, 0xFF, 0xFF, 0xFF, 0xFF, 0xFF, 0xFF, 0xFF,
    0xFF, 0xFF, 0xFF, 0xFF, 0xFF, 0xFF, 0xFF, 0xFF, 0xFF, 0xFF, 0xFF, 0xFF, 0xFF, 0xFF, 0xFF, 0xFF,
    0xFF, 0xFF, 0xFF, 0xFF, 0xFF, 0xFF, 0xFF, 0xFF, 0xFF, 0xFF, 0xFF, 0xFF, 0xFF, 0xFF, 0xFF, 0xFF,
    0xFF, 0xFF, 0xFF, 0xFF, 0xFF, 0xFF, 0xFF, 0xFF, 0xFF, 0xFF, 0xFF, 0xFF, 0xFF, 0xFF, 0xFF, 0xFF,
    0xFF, 0xFF, 0xFF, 0xFF, 0xFF, 0xFF, 0xDF, 0xFF, 0xDF, 0xFF, 0xFF, 0xFF, 0xFF, 0xFF, 0xFF, 0xFF,
    0xFF, 0xFF, 0xBF, 0xFF, 0xFF, 0xFF, 0xFF, 0xFF, 0xFF, 0xFF, 0xFF, 0xFF, 0xFF, 0xFF, 0xFF, 0xFF,
    0xFF, 0xFF, 0xFF, 0xFF, 0xFF, 0xFF, 0xFF, 0xFF, 0xFF, 0xFF, 0xFF, 0xFF, 0xFF, 0xFF, 0xFF, 0xFF,
    0xFF, 0xFF, 0xFF, 0xFF, 0xFF, 0xFF, 0xFF, 0xFF, 0xFF, 0xFF, 0xFF, 0xFF, 0xFF, 0xFF, 0xFF, 0xFF,
    0xFF, 0xFF, 0xFF, 0xFF, 0xFF, 0xFF, 0xFF, 0xFF, 0xFF, 0xFF, 0xFF, 0xFF, 0xFF, 0xFF, 0xFF, 0xFF,
    0xFF, 0xFF, 0xFF, 0xFF, 0xFF, 0xFF, 0xFF, 0xFF, 0xFF, 0xFF, 0xFF, 0xFF, 0xFF, 0xFF, 0xFF, 0xFF,
    0xFF, 0xFF, 0xFF, 0xFF, 0xFF, 0xFF, 0xFF, 0xFF, 0xFF, 0xFF, 0xFF, 0xFF, 0xFF, 0xFF, 0xFF, 0xFF,
    0xFF, 0xFF, 0xFF, 0xFF, 0xFF, 0xFF, 0xFF, 0xFF, 0xFF, 0xFF, 0xFF, 0xFF, 0xFF, 0xFF, 0xFF, 0xFF,
    0xFF, 0xFF, 0xFF, 0xFF, 0xFF, 0xFF, 0xFF, 0xFF, 0xFF, 0xFF, 0xFF, 0xFF, 0xFF, 0xFF, 0xFF, 0xFF,
    0xFF, 0xFF, 0xFF, 0xFF, 0xFF, 0xFF, 0xFF, 0xFF, 0xFF, 0xFF, 0xFF, 0xFF, 0xFF, 0xFF, 0xFF, 0xFF,
    0xFF, 0xFF, 0xFF, 0xFF, 0xFF, 0xFF, 0xFF, 0xFF, 0xFF, 0xFF, 0xFF, 0xFF, 0xFF, 0xFF, 0xFF, 0xFF,
    0xFF, 0xFF, 0xFF, 0xFF, 0xFF, 0xFF, 0xFF, 0xFF, 0xFF, 0xFF, 0xFF, 0xFF, 0xFF, 0xFF, 0xFF, 0xFF,
    0xFF, 0xFF, 0xFF, 0xFF, 0xFF, 0xFF, 0xFF, 0xFF, 0xFF, 0xFF, 0xFF, 0xFF, 0xFF, 0xFF, 0xFF, 0xFF,
    0xFF, 0xFF, 0xFF, 0xFF, 0xFF, 0xFF, 0xFF, 0xFF, 0xFF, 0xFF, 0xFF, 0xFF, 0xFF, 0xFF, 0xFF, 0xFF,
    0xFF, 0xFF, 0xFE, 0xFF, 0xFF, 0xF7, 0xFE, 0xFF, 0x7B, 0xFF, 0xBC, 0xFF, 0xFF, 0xFF, 0xFF, 0xFF,
    0xFE, 0xF7, 0xFF, 0xFF, 0xFF, 0xFF, 0xFF, 0xFF, 0xFF, 0xFF, 0xFF, 0xFF, 0xFF, 0xFF, 0xFF, 0xFF,
    0xFF, 0xFF, 0xFF, 0xFF, 0xFF, 0xFF, 0xFF, 0xFF, 0xFF, 0xFF, 0xFF, 0xFF, 0xFF, 0xFF, 0xFF, 0xFF,
    0xFF, 0xFF, 0xFF, 0xFF, 0xFF, 0xFF, 0xFF, 0xFF, 0xFF, 0xFF, 0xFF, 0xFF, 0xFF, 0xFF, 0xFF, 0xFF,
    0xFF, 0xFF, 0xFF, 0xFF, 0xFF, 0xFF, 0xFF, 0xFF, 0xFF, 0xFF, 0xFF, 0xFF, 0xFF, 0xFF, 0xFF, 0xFF,
    0xFF, 0xFF, 0xFF, 0xFF, 0xFF, 0xFF, 0xFF, 0xFF, 0xFF, 0xFF, 0xFF, 0xFF, 0xFF, 0xFF, 0xFF, 0xFF,
    0xFF, 0xFF, 0xFF, 0xFF, 0xFF, 0xFF, 0xFF, 0xFF, 0xFF, 0xFF, 0xFF, 0xFF, 0xFF, 0xFF, 0xFF, 0xFF,
    0xFF, 0xFF, 0xFF, 0xFF, 0xFF, 0xFF, 0xFF, 0xFF, 0xFF, 0xFF, 0xFF, 0xFF, 0xFF, 0xFF, 0xFF, 0xFF,
    0xFF, 0xFF, 0xFF, 0xFF, 0xFF, 0xFF, 0xFF, 0xFF, 0xFF, 0xFF, 0xFF, 0xFF, 0xFF, 0xFF, 0xFF, 0xFF,
    0xFF, 0xFF, 0xFF, 0xFF, 0xFF, 0xFF, 0xFF, 0xFF, 0xFF, 0xFF, 0xFF, 0xFF, 0xFF, 0xFF, 0xFF, 0xFF,
    0xFF, 0xFF, 0xFF, 0xFF, 0xFF, 0xFF, 0xFF, 0xFF, 0xFF, 0xFF, 0xFF, 0xFF, 0xFF, 0xFF, 0xFF, 0xFF,
    0xFF, 0xFF, 0xFF, 0xFF, 0xFF, 0xFF, 0xFF, 0xFF, 0xFF, 0xFF, 0xFF, 0xFF, 0xFF, 0xFF, 0xFF, 0xFF,
    0xFF, 0xFF, 0xFF, 0xFF, 0xFF, 0xFF, 0xFF, 0xFF, 0xFF, 0xFF, 0xFF, 0xFF, 0xFF, 0xFF, 0xFF, 0xFF,
    0xFF, 0xFF, 0xFF, 0xFF, 0xFF, 0xFF, 0xFF, 0xFF, 0xFF, 0xFF, 0xFF, 0xFF, 0xFF, 0xFF, 0xBF, 0xFF,
    0x9A, 0xFF, 0x0C, 0xEE, 0x84, 0xFD, 0xA6, 0xED, 0xB2, 0xFE, 0xFE, 0xFF, 0xFF, 0xFF, 0xFF, 0xFF,
    0xFF, 0xFF, 0xFF, 0xFF, 0xFF, 0xFF, 0xFF, 0xFF, 0xFF, 0xFF, 0xFF, 0xFF, 0xFF, 0xFF, 0xFF, 0xFF,
    0xFF, 0xFF, 0xFF, 0xFF, 0xFF, 0xFF, 0xFF, 0xFF, 0xFF, 0xFF, 0xFF, 0xFF, 0xFF, 0xFF, 0xFF, 0xFF,
    0xFF, 0xFF, 0xFF, 0xFF, 0xFF, 0xFF, 0xFF, 0xFF, 0xFF, 0xFF, 0xFF, 0xFF, 0xFF, 0xFF, 0xFF, 0xFF,
    0xFF, 0xFF, 0xFF, 0xFF, 0xFF, 0xFF, 0xFF, 0xFF, 0xFF, 0xFF, 0xFF, 0xFF, 0xFF, 0xFF, 0xFF, 0xFF,
    0xFF, 0xFF, 0xFF, 0xFF, 0xFF, 0xFF, 0xFF, 0xFF, 0xFF, 0xFF, 0xFF, 0xFF, 0xFF, 0xFF, 0xFF, 0xFF,
    0xFF, 0xFF, 0xFF, 0xFF, 0xFF, 0xFF, 0xFF, 0xFF, 0xFF, 0xFF, 0xFF, 0xFF, 0xFF, 0xFF, 0xFF, 0xFF,
    0xFF, 0xFF, 0xFF, 0xFF, 0xFF, 0xFF, 0xFF, 0xFF, 0xFF, 0xFF, 0xFF, 0xFF, 0xFF, 0xFF, 0xFF, 0xFF,
    0xFF, 0xFF, 0xFF, 0xFF, 0xFF, 0xFF, 0xFF, 0xFF, 0xFF, 0xFF, 0xFF, 0xFF, 0xFF, 0xFF, 0xFF, 0xFF,
    0xFF, 0xFF, 0xFF, 0xFF, 0xFF, 0xFF, 0xFF, 0xFF, 0xFF, 0xFF, 0xFF, 0xFF, 0xFF, 0xFF, 0xFF, 0xFF,
    0xFF, 0xFF, 0xFF, 0xFF, 0xFF, 0xFF, 0xFF, 0xFF, 0xFF, 0xFF, 0xFF, 0xFF, 0xFF, 0xFF, 0xFF, 0xFF,
    0xFF, 0xFF, 0xFF, 0xFF, 0xFF, 0xFF, 0xFF, 0xFF, 0xFF, 0xFF, 0xFF, 0xFF, 0xFF, 0xFF, 0xFF, 0xFF,
    0xFF, 0xFF, 0xFF, 0xFF, 0xFF, 0xFF, 0xFF, 0xFF, 0xFF, 0xFF, 0xFF, 0xFF, 0xFF, 0xFF, 0xFF, 0xFF,
    0xFF, 0xFF, 0xFF, 0xFF, 0xFF, 0xFF, 0xFF, 0xFF, 0xFE, 0xFF, 0xFF, 0xEF, 0xEB, 0xFD, 0xC5, 0xFD,
    0xA9, 0xFD, 0xE8, 0xFD, 0xE8, 0xF5, 0xB2, 0xFE, 0xFF, 0xFF, 0xFE, 0xFF, 0xFF, 0xFF, 0xFF, 0xFF,
    0xFF, 0xFF, 0xFF, 0xFF, 0xFF, 0xFF, 0xFF, 0xFF, 0xFF, 0xFF, 0xFF, 0xFF, 0xFF, 0xFF, 0xFF, 0xFF,
    0xFF, 0xFF, 0xFF, 0xFF, 0xFF, 0xFF, 0xFF, 0xFF, 0xFF, 0xFF, 0xFF, 0xFF, 0xFF, 0xFF, 0xFF, 0xFF,
    0xFF, 0xFF, 0xFF, 0xFF, 0xFF, 0xFF, 0xFF, 0xFF, 0xFF, 0xFF, 0xFF, 0xFF, 0xFF, 0xFF, 0xFF, 0xFF,
    0xFF, 0xFF, 0xFF, 0xFF, 0xFF, 0xFF, 0xFF, 0xFF, 0xFF, 0xFF, 0xFF, 0xFF, 0xFF, 0xFF, 0xFF, 0xFF,
    0xFF, 0xFF, 0xFF, 0xFF, 0xFF, 0xFF, 0xFF, 0xFF, 0xFF, 0xFF, 0xFF, 0xFF, 0xFF, 0xFF, 0xFF, 0xFF,
    0xFF, 0xFF, 0xFF, 0xFF, 0xFF, 0xFF, 0xFF, 0xFF, 0xFF, 0xFF, 0xFF, 0xFF, 0xFF, 0xFF, 0xFF, 0xFF,
    0xFF, 0xFF, 0xFF, 0xFF, 0xFF, 0xFF, 0xFF, 0xFF, 0xFF, 0xFF, 0xFF, 0xFF, 0xFF, 0xFF, 0xFF, 0xFF,
    0xFF, 0xFF, 0xFF, 0xFF, 0xFF, 0xFF, 0xFF, 0xFF, 0xFF, 0xFF, 0xFF, 0xFF, 0xFF, 0xFF, 0xFF, 0xFF,
    0xFF, 0xFF, 0xFF, 0xFF, 0xFF, 0xFF, 0xFF, 0xFF, 0xFF, 0xFF, 0xFF, 0xFF, 0xFF, 0xFF, 0xFF, 0xFF,
    0xFF, 0xFF, 0xFF, 0xFF, 0xFF, 0xFF, 0xFF, 0xFF, 0xFF, 0xFF, 0xFF, 0xFF, 0xFF, 0xFF, 0xFF, 0xFF,
    0xFF, 0xFF, 0xFF, 0xFF, 0xFF, 0xFF, 0xFF, 0xFF, 0xFF, 0xFF, 0xFF, 0xFF, 0xFF, 0xFF, 0xFF, 0xFF,
    0xFF, 0xFF, 0xFF, 0xFF, 0xFF, 0xFF, 0xFF, 0xFF, 0xFF, 0xFF, 0xFF, 0xFF, 0xFF, 0xFF, 0xFF, 0xFF,
    0xFF, 0xFF, 0xFF, 0xFF, 0xFE, 0xFF, 0xFE, 0xF7, 0x89, 0xF5, 0xE6, 0xFD, 0x89, 0xFD, 0xE8, 0xFD,
    0xC7, 0xFD, 0x2E, 0xFE, 0xDE, 0xFF, 0xFE, 0xFF, 0xFF, 0xFF, 0xFF, 0xFF, 0xFF, 0xFF, 0xFF, 0xFF,
    0xFF, 0xFF, 0xFF, 0xFF, 0xFF, 0xFF, 0xFF, 0xFF, 0xFF, 0xFF, 0xFF, 0xFF, 0xFF, 0xFF, 0xFF, 0xFF,
    0xFF, 0xFF, 0xFF, 0xFF, 0xFF, 0xFF, 0xFF, 0xFF, 0xFF, 0xFF, 0xFF, 0xFF, 0xFF, 0xFF, 0xFF, 0xFF,
    0xFF, 0xFF, 0xFF, 0xFF, 0xFF, 0xFF, 0xFF, 0xFF, 0xFF, 0xFF, 0xFF, 0xFF, 0xFF, 0xFF, 0xFF, 0xFF,
    0xFF, 0xFF, 0xFF, 0xFF, 0xFF, 0xFF, 0xFF, 0xFF, 0xFF, 0xFF, 0xFF, 0xFF, 0xFF, 0xFF, 0xFF, 0xFF,
    0xFF, 0xFF, 0xFF, 0xFF, 0xFF, 0xFF, 0xFF, 0xFF, 0xFF, 0xFF, 0xFF, 0xFF, 0xFF, 0xFF, 0xFF, 0xFF,
    0xFF, 0xFF, 0xFF, 0xFF, 0xFF, 0xFF, 0xFF, 0xFF, 0xFF, 0xFF, 0xFF, 0xFF, 0xFF, 0xFF, 0xFF, 0xFF,
    0xFF, 0xFF, 0xFF, 0xFF, 0xFF, 0xFF, 0xFF, 0xFF, 0xFF, 0xFF, 0xFF, 0xFF, 0xFF, 0xFF, 0xFF, 0xFF,
    0xFF, 0xFF, 0xFF, 0xFF, 0xFF, 0xFF, 0xFF, 0xFF, 0xFF, 0xFF, 0xFF, 0xFF, 0xFF, 0xFF, 0xFF, 0xFF,
    0xFF, 0xFF, 0xFF, 0xFF, 0xFF, 0xFF, 0xFF, 0xFF, 0xFF, 0xFF, 0xFF, 0xFF, 0xFF, 0xFF, 0xFF, 0xFF,
    0xFF, 0xFF, 0xFF, 0xFF, 0xFF, 0xFF, 0xFF, 0xFF, 0xFF, 0xFF, 0xFF, 0xFF, 0xFF, 0xFF, 0xFF, 0xFF,
    0xFF, 0xFF, 0xFF, 0xFF, 0xFF, 0xFF, 0xFF, 0xFF, 0xFF, 0xFF, 0xFF, 0xFF, 0xFF, 0xFF, 0xFF, 0xFF,
    0xFF, 0xFF, 0xFF, 0xFF, 0xFF, 0xFF, 0xFF, 0xFF, 0xFF, 0xFF, 0xFF, 0xFF, 0xFF, 0xFF, 0xFF, 0xFF,
    0xFE, 0xFF, 0xFE, 0xFF, 0x87, 0xFD, 0xA7, 0xFD, 0xA8, 0xFD, 0xC8, 0xFD, 0xC7, 0xFD, 0xA8, 0xF5,
    0x9B, 0xFF, 0xFE, 0xFF, 0xFF, 0xFF, 0xFF, 0xFF, 0xFF, 0xFF, 0xFF, 0xFF, 0xFF, 0xFF, 0xFF, 0xFF,
    0xFF, 0xFF, 0xFF, 0xFF, 0xFF, 0xFF, 0xFF, 0xFF, 0xFF, 0xFF, 0xFF, 0xFF, 0xFF, 0xFF, 0xFF, 0xFF,
    0xFF, 0xFF, 0xFF, 0xFF, 0xFF, 0xFF, 0xFF, 0xFF, 0xFF, 0xFF, 0xFF, 0xFF, 0xFF, 0xFF, 0xFF, 0xFF,
    0xFF, 0xFF, 0xFF, 0xFF, 0xFF, 0xFF, 0xFF, 0xFF, 0xFF, 0xFF, 0xFF, 0xFF, 0xFF, 0xFF, 0xFF, 0xFF,
    0xFF, 0xFF, 0xFF, 0xFF, 0xFF, 0xFF, 0xFF, 0xFF, 0xFF, 0xFF, 0xFF, 0xFF, 0xFF, 0xFF, 0xFF, 0xFF,
    0xFF, 0xFF, 0xFF, 0xFF, 0xFF, 0xFF, 0xFF, 0xFF, 0xFF, 0xFF, 0xFF, 0xFF, 0xFF, 0xFF, 0xFF, 0xFF,
    0xFF, 0xFF, 0xFF, 0xFF, 0xFF, 0xFF, 0xFF, 0xFF, 0xFF, 0xFF, 0xFF, 0xFF, 0xFF, 0xFF, 0xFF, 0xFF,
    0xFF, 0xFF, 0xFF, 0xFF, 0xFF, 0xFF, 0xFF, 0xFF, 0xFF, 0xFF, 0xFF, 0xFF, 0xFF, 0xFF, 0xFF, 0xFF,
    0xFF, 0xFF, 0xFF, 0xFF, 0xFF, 0xFF, 0xFF, 0xFF, 0xFF, 0xFF, 0xFF, 0xFF, 0xFF, 0xFF, 0xFF, 0xFF,
    0xFF, 0xFF, 0xFF, 0xFF, 0xFF, 0xFF, 0xFF, 0xFF, 0xFF, 0xFF, 0xFF, 0xFF, 0xFF, 0xFF, 0xFF, 0xFF,
    0xFF, 0xFF, 0xFF, 0xFF, 0xFF, 0xFF, 0xFF, 0xFF, 0xFF, 0xFF, 0xFF, 0xFF, 0xFF, 0xFF, 0xFF, 0xFF,
    0xFF, 0xFF, 0xFF, 0xFF, 0xFF, 0xFF, 0xFF, 0xFF, 0xFF, 0xFF, 0xFF, 0xFF, 0xFF, 0xFF, 0xFF, 0xFF,
    0xFF, 0xFF, 0xFF, 0xFF, 0xFF, 0xFF, 0xFF, 0xFF, 0xFF, 0xFF, 0xFF, 0xFF, 0xFE, 0xFF, 0xFF, 0xFF,
    0xA7, 0xFD, 0xA8, 0xFD, 0xE6, 0xFD, 0xA8, 0xFD, 0xA7, 0xFD, 0xC6, 0xF5, 0x9B, 0xFF, 0xFE, 0xFF,
    0xFF, 0xFF, 0xFF, 0xFF, 0xFF, 0xFF, 0xFF, 0xFF, 0xFF, 0xFF, 0xFF, 0xFF, 0xFF, 0xFF, 0xFF, 0xFF,
    0xFF, 0xFF, 0xFF, 0xFF, 0xFF, 0xFF, 0xFF, 0xFF, 0xFF, 0xFF, 0xFF, 0xFF, 0xFF, 0xFF, 0xFF, 0xFF,
    0xFF, 0xFF, 0xFF, 0xFF, 0xFF, 0xFF, 0xFF, 0xFF, 0xFF, 0xFF, 0xFF, 0xFF, 0xFF, 0xFF, 0xFF, 0xFF,
    0xFF, 0xFF, 0xFF, 0xFF, 0xFF, 0xFF, 0xFF, 0xFF, 0xFF, 0xFF, 0xFF, 0xFF, 0xFF, 0xFF, 0xFF, 0xFF,
    0xFF, 0xFF, 0xFF, 0xFF, 0xFF, 0xFF, 0xFF, 0xFF, 0xFF, 0xFF, 0xFF, 0xFF, 0xFF, 0xFF, 0xFF, 0xFF,
    0xFF, 0xFF, 0xFF, 0xFF, 0xFF, 0xFF, 0xFF, 0xFF, 0xFF, 0xFF, 0xFF, 0xFF, 0xFF, 0xFF, 0xFF, 0xFF,
    0xFF, 0xFF, 0xFF, 0xFF, 0xFF, 0xFF, 0xFF, 0xFF, 0xFF, 0xFF, 0xFF, 0xFF, 0xFF, 0xFF, 0xFF, 0xFF,
    0xFF, 0xFF, 0xFF, 0xFF, 0xFF, 0xFF, 0xFF, 0xFF, 0xFF, 0xFF, 0xFF, 0xFF, 0xFF, 0xFF, 0xFF, 0xFF,
    0xFF, 0xFF, 0xFF, 0xFF, 0xFF, 0xFF, 0xFF, 0xFF, 0xFF, 0xFF, 0xFF, 0xFF, 0xFF, 0xFF, 0xFF, 0xFF,
    0xFF, 0xFF, 0xFF, 0xFF, 0xFF, 0xFF, 0xFF, 0xFF, 0xFF, 0xFF, 0xFF, 0xFF, 0xFF, 0xFF, 0xFF, 0xFF,
    0xFF, 0xFF, 0xFF, 0xFF, 0xFF, 0xFF, 0xFF, 0xFF, 0xFF, 0xFF, 0xFF, 0xFF, 0xFF, 0xFF, 0xFF, 0xFF,
    0xFF, 0xFF, 0xFF, 0xFF, 0xFF, 0xFF, 0xFF, 0xFF, 0xFF, 0xFF, 0xFF, 0xFF, 0xFF, 0xFF, 0xFF, 0xFF,
    0xFF, 0xFF, 0xFF, 0xFF, 0xFF, 0xFF, 0xFF, 0xFF, 0xFE, 0xFF, 0xFF, 0xFF, 0xC7, 0xFD, 0xC8, 0xFD,
    0xE7, 0xFD, 0xA6, 0xF5, 0xC9, 0xFD, 0xC6, 0xFD, 0x9D, 0xFF, 0xFE, 0xFF, 0xFF, 0xFF, 0xFF, 0xFF,
    0xFF, 0xFF, 0xFF, 0xFF, 0xFF, 0xFF, 0xFF, 0xFF, 0xFF, 0xFF, 0xFF, 0xFF, 0xFF, 0xFF, 0xFF, 0xFF,
    0xFF, 0xFF, 0xFF, 0xFF, 0xFF, 0xFF, 0xFF, 0xFF, 0xFF, 0xFF, 0xFF, 0xFF, 0xFF, 0xFF, 0xFF, 0xFF,
    0xFF, 0xFF, 0xFF, 0xFF, 0xFF, 0xFF, 0xFF, 0xFF, 0xFF, 0xFF, 0xFF, 0xFF, 0xFF, 0xFF, 0xFF, 0xFF,
    0xFF, 0xFF, 0xFF, 0xFF, 0xFF, 0xFF, 0xFF, 0xFF, 0xFF, 0xFF, 0xFF, 0xFF, 0xFF, 0xFF, 0xFF, 0xFF,
    0xFF, 0xFF, 0xFF, 0xFF, 0xFF, 0xFF, 0xFF, 0xFF, 0xFF, 0xFF, 0xFF, 0xFF, 0xFF, 0xFF, 0xFF, 0xFF,
    0xFF, 0xFF, 0xFF, 0xFF, 0xFF, 0xFF, 0xFF, 0xFF, 0xFF, 0xFF, 0xFF, 0xFF, 0xFF, 0xFF, 0xFF, 0xFF,
    0xFF, 0xFF, 0xFF, 0xFF, 0xFF, 0xFF, 0xFF, 0xFF, 0xFF, 0xFF, 0xFF, 0xFF, 0xFF, 0xFF, 0xFF, 0xFF,
    0xFF, 0xFF, 0xFF, 0xFF, 0xFF, 0xFF, 0xFF, 0xFF, 0xFF, 0xFF, 0xFF, 0xFF, 0xFF, 0xFF, 0xFF, 0xFF,
    0xFF, 0xFF, 0xFF, 0xFF, 0xFF, 0xFF, 0xFF, 0xFF, 0xFF, 0xFF, 0xFF, 0xFF, 0xFF, 0xFF, 0xFF, 0xFF,
    0xFF, 0xFF, 0xFF, 0xFF, 0xFF, 0xFF, 0xFF, 0xFF, 0xFF, 0xFF, 0xFF, 0xFF, 0xFF, 0xFF, 0xFF, 0xFF,
    0xFF, 0xFF, 0xFF, 0xFF, 0xFF, 0xFF, 0xFF, 0xFF, 0xFF, 0xFF, 0xFF, 0xFF, 0xFF, 0xFF, 0xFF, 0xFF,
    0xFF, 0xFF, 0xFF, 0xFF, 0xFF, 0xFF, 0xFF, 0xFF, 0xFF, 0xFF, 0xFF, 0xFF, 0xFF, 0xFF, 0xFF, 0xFF,
    0xFF, 0xFF, 0xFF, 0xFF, 0xFE, 0xFF, 0xFF, 0xFF, 0xC7, 0xFD, 0xC8, 0xFD, 0xC7, 0xFD, 0xA6, 0xF5,
    0xC9, 0xFD, 0xC6, 0xFD, 0x9D, 0xFF, 0xFE, 0xFF, 0xFF, 0xFF, 0xFF, 0xFF, 0xFF, 0xFF, 0xFF, 0xFF,
    0xFF, 0xFF, 0xFF, 0xFF, 0xFF, 0xFF, 0xFF, 0xFF, 0xFF, 0xFF, 0xFF, 0xFF, 0xFF, 0xFF, 0xFF, 0xFF,
    0xFF, 0xFF, 0xFF, 0xFF, 0xFF, 0xFF, 0xFF, 0xFF, 0xFF, 0xFF, 0xFF, 0xFF, 0xFF, 0xFF, 0xFF, 0xFF,
    0xFF, 0xFF, 0xFF, 0xFF, 0xFF, 0xFF, 0xFF, 0xFF, 0xFF, 0xFF, 0xFF, 0xFF, 0xFF, 0xFF, 0xFF, 0xFF,
    0xFF, 0xFF, 0xFF, 0xFF, 0xFF, 0xFF, 0xFF, 0xFF, 0xFF, 0xFF, 0xFF, 0xFF, 0xFF, 0xFF, 0xFF, 0xFF,
    0xFF, 0xFF, 0xFF, 0xFF, 0xFF, 0xFF, 0xFF, 0xFF, 0xFF, 0xFF, 0xFF, 0xFF, 0xFF, 0xFF, 0xFF, 0xFF,
    0xFF, 0xFF, 0xFF, 0xFF, 0xFF, 0xFF, 0xFF, 0xFF, 0xFF, 0xFF, 0xFF, 0xFF, 0xFF, 0xFF, 0xFF, 0xFF,
    0xFF, 0xFF, 0xFF, 0xFF, 0xFF, 0xFF, 0xFF, 0xFF, 0xFF, 0xFF, 0xFF, 0xFF, 0xFF, 0xFF, 0xFF, 0xFF,
    0xFF, 0xFF, 0xFF, 0xFF, 0xFF, 0xFF, 0xFF, 0xFF, 0xFF, 0xFF, 0xFF, 0xFF, 0xFF, 0xFF, 0xFF, 0xFF,
    0xFF, 0xFF, 0xFF, 0xFF, 0xFF, 0xFF, 0xFF, 0xFF, 0xFF, 0xFF, 0xFF, 0xFF, 0xFF, 0xFF, 0xFF, 0xFF,
    0xFF, 0xFF, 0xFF, 0xFF, 0xFF, 0xFF, 0xFF, 0xFF, 0xFF, 0xFF, 0xFF, 0xFF, 0xFF, 0xFF, 0xFF, 0xFF,
    0xFF, 0xFF, 0xFF, 0xFF, 0xFF, 0xFF, 0xFF, 0xFF, 0xFF, 0xFF, 0xFF, 0xFF, 0xFF, 0xFF, 0xFF, 0xFF,
    0xFF, 0xFF, 0xFF, 0xFF, 0xFF, 0xFF, 0xFF, 0xFF, 0xFF, 0xFF, 0xFF, 0xFF, 0xFF, 0xFF, 0xFF, 0xFF,
    0xFE, 0xFF, 0xFF, 0xFF, 0xA6, 0xFD, 0xA7, 0xFD, 0xC7, 0xFD, 0xC6, 0xFD, 0xC9, 0xFD, 0xC6, 0xFD,
    0xBD, 0xFF, 0xFE, 0xFF, 0xFF, 0xFF, 0xFF, 0xFF, 0xFF, 0xFF, 0xFF, 0xFF, 0xFF, 0xFF, 0xFF, 0xFF,
    0xFF, 0xFF, 0xFF, 0xFF, 0xFF, 0xFF, 0xFF, 0xFF, 0xFF, 0xFF, 0xFF, 0xFF, 0xFF, 0xFF, 0xFF, 0xFF,
    0xFF, 0xFF, 0xFF, 0xFF, 0xFF, 0xFF, 0xFF, 0xFF, 0xFF, 0xFF, 0xFF, 0xFF, 0xFF, 0xFF, 0xFF, 0xFF,
    0xFF, 0xFF, 0xFF, 0xFF, 0xFF, 0xFF, 0xFF, 0xFF, 0xFF, 0xFF, 0xFF, 0xFF, 0xFF, 0xFF, 0xFF, 0xFF,
    0xFF, 0xFF, 0xFF, 0xFF, 0xFF, 0xFF, 0xFF, 0xFF, 0xFF, 0xFF, 0xFF, 0xFF, 0xFF, 0xFF, 0xFF, 0xFF,
    0xFF, 0xFF, 0xFF, 0xFF, 0xFF, 0xFF, 0xFF, 0xFF, 0xFF, 0xFF, 0xFF, 0xFF, 0xFF, 0xFF, 0xFF, 0xFF,
    0xFF, 0xFF, 0xFF, 0xFF, 0xFF, 0xFF, 0xFF, 0xFF, 0xFF, 0xFF, 0xFF, 0xFF, 0xFF, 0xFF, 0xFF, 0xFF,
    0xFF, 0xFF, 0xFF, 0xFF, 0xFF, 0xFF, 0xFF, 0xFF, 0xFF, 0xFF, 0xFF, 0xFF, 0xFF, 0xFF, 0xFF, 0xFF,
    0xFF, 0xFF, 0xFF, 0xFF, 0xFF, 0xFF, 0xFF, 0xFF, 0xFF, 0xFF, 0xFF, 0xFF, 0xFF, 0xFF, 0xFF, 0xFF,
    0xFF, 0xFF, 0xFF, 0xFF, 0xFF, 0xFF, 0xFF, 0xFF, 0xFF, 0xFF, 0xFF, 0xFF, 0xFF, 0xFF, 0xFF, 0xFF,
    0xFF, 0xFF, 0xFF, 0xFF, 0xFF, 0xFF, 0xFF, 0xFF, 0xFF, 0xFF, 0xFF, 0xFF, 0xFF, 0xFF, 0xFF, 0xFF,
    0xFF, 0xFF, 0xFF, 0xFF, 0xFF, 0xFF, 0xFF, 0xFF, 0xFF, 0xFF, 0xFF, 0xFF, 0xFF, 0xFF, 0xFF, 0xFF,
    0xFF, 0xFF, 0xFF, 0xFF, 0xFF, 0xFF, 0xFF, 0xFF, 0xFF, 0xFF, 0xFF, 0xFF, 0xFE, 0xFF, 0xDE, 0xFF,
    0xA6, 0xFD, 0xA7, 0xFD, 0xA6, 0xFD, 0xC6, 0xFD, 0xC9, 0xFD, 0xC6, 0xFD, 0xBD, 0xFF, 0xFE, 0xFF,
    0xFF, 0xFF, 0xFF, 0xFF, 0xFF, 0xFF, 0xFF, 0xFF, 0xFF, 0xFF, 0xFF, 0xFF, 0xFF, 0xFF, 0xFF, 0xFF,
    0xFF, 0xFF, 0xFF, 0xFF, 0xFF, 0xFF, 0xFF, 0xFF, 0xFF, 0xFF, 0xFF, 0xFF, 0xFF, 0xFF, 0xFF, 0xFF,
    0xFF, 0xFF, 0xFF, 0xFF, 0xFF, 0xFF, 0xFF, 0xFF, 0xFF, 0xFF, 0xFF, 0xFF, 0xFF, 0xFF, 0xFF, 0xFF,
    0xFF, 0xFF, 0xFF, 0xFF, 0xFF, 0xFF, 0xFF, 0xFF, 0xFF, 0xFF, 0xFF, 0xFF, 0xFF, 0xFF, 0xFF, 0xFF,
    0xFF, 0xFF, 0xFF, 0xFF, 0xFF, 0xFF, 0xFF, 0xFF, 0xFF, 0xFF, 0xFF, 0xFF, 0xFF, 0xFF, 0xFF, 0xFF,
    0xFF, 0xFF, 0xFF, 0xFF, 0xFF, 0xFF, 0xFF, 0xFF, 0xFF, 0xFF, 0xFF, 0xFF, 0xFF, 0xFF, 0xFF, 0xFF,
    0xFF, 0xFF, 0xFF, 0xFF, 0xFF, 0xFF, 0xFF, 0xFF, 0xFF, 0xFF, 0xFF, 0xFF, 0xFF, 0xFF, 0xFF, 0xFF,
    0xFF, 0xFF, 0xFF, 0xFF, 0xFF, 0xFF, 0xFF, 0xFF, 0xFF, 0xFF, 0xFF, 0xFF, 0xFF, 0xFF, 0xFF, 0xFF,
    0xFF, 0xFF, 0xFF, 0xFF, 0xFF, 0xFF, 0xFF, 0xFF, 0xFF, 0xFF, 0xFF, 0xFF, 0xFF, 0xFF, 0xFF, 0xFF,
    0xFF, 0xFF, 0xFF, 0xFF, 0xFE, 0xFF, 0xFF, 0xFF, 0xDF, 0xFF, 0xFF, 0xFF, 0xFF, 0xFF, 0xFD, 0xFF,
    0xFF, 0xFF, 0xFF, 0xFF, 0xFF, 0xFF, 0xFF, 0xFF, 0xFF, 0xFF, 0xFF, 0xFF, 0xFF, 0xFF, 0xFF, 0xFF,
    0xFF, 0xFF, 0xFF, 0xFF, 0xFF, 0xFF, 0xFF, 0xFF, 0xFF, 0xFF, 0xFF, 0xFF, 0xFF, 0xFF, 0xFF, 0xFF,
    0xFF, 0xFF, 0xFF, 0xFF, 0xFF, 0xFF, 0xFF, 0xFF, 0xFE, 0xFF, 0xDE, 0xFF, 0x85, 0xF5, 0xA7, 0xFD,
    0xC6, 0xFD, 0xA6, 0xFD, 0xA9, 0xFD, 0xE7, 0xF5, 0x9D, 0xFF, 0xFF, 0xFF, 0xFF, 0xFF, 0xFF, 0xFF,
    0xFF, 0xFF, 0xFF, 0xFF, 0xFF, 0xFF, 0xFF, 0xFF, 0xFF, 0xFF, 0xFF, 0xFF, 0xFF, 0xFF, 0xFF, 0xFF,
    0xFF, 0xFF, 0xFF, 0xFF, 0xFF, 0xFF, 0xFF, 0xFF, 0xFF, 0xFF, 0xFF, 0xFF, 0xFF, 0xFF, 0xFF, 0xFF,
    0xFE, 0xFF, 0xFF, 0xFF, 0xFF, 0xF7, 0xFE, 0xFF, 0xDF, 0xFF, 0xDF, 0xFF, 0xDF, 0xFF, 0xFE, 0xFF,
    0xFF, 0xFF, 0xFF, 0xFF, 0xFF, 0xFF, 0xFF, 0xFF, 0xFF, 0xFF, 0xFF, 0xFF, 0xFF, 0xFF, 0xFF, 0xFF,
    0xFF, 0xFF, 0xFF, 0xFF, 0xFF, 0xFF, 0xFF, 0xFF, 0xFF, 0xFF, 0xFF, 0xFF, 0xFF, 0xFF, 0xFF, 0xFF,
    0xFF, 0xFF, 0xFF, 0xFF, 0xFF, 0xFF, 0xFF, 0xFF, 0xFF, 0xFF, 0xFF, 0xFF, 0xFF, 0xFF, 0xFF, 0xFF,
    0xFF, 0xFF, 0xFF, 0xFF, 0xFF, 0xFF, 0xFF, 0xFF, 0xFF, 0xFF, 0xFF, 0xFF, 0xFF, 0xFF, 0xFF, 0xFF,
    0xFF, 0xFF, 0xFF, 0xFF, 0xFF, 0xFF, 0xFF, 0xFF, 0xFF, 0xFF, 0xFF, 0xFF, 0xFF, 0xFF, 0xFF, 0xFF,
    0xFF, 0xFF, 0xFF, 0xFF, 0xFF, 0xFF, 0xFF, 0xFF, 0xFF, 0xFF, 0xFF, 0xFF, 0xFF, 0xFF, 0xFF, 0xFF,
    0xFF, 0xFF, 0xFE, 0xFF, 0xFD, 0xFF, 0xFE, 0xFF, 0xDF, 0xFF, 0xDF, 0xFF, 0xDF, 0xFF, 0xFF, 0xFF,
    0xFF, 0xFF, 0xFF, 0xFF, 0xFF, 0xFF, 0xFF, 0xFF, 0xFF, 0xFF, 0xFF, 0xFF, 0xFF, 0xFF, 0xFF, 0xFF,
    0xFF, 0xFF, 0xFF, 0xFF, 0xFF, 0xFF, 0xFF, 0xFF, 0xFF, 0xFF, 0xFF, 0xFF, 0xFF, 0xFF, 0xFF, 0xFF,
    0xFF, 0xFF, 0xFF, 0xFF, 0xFE, 0xFF, 0xDE, 0xFF, 0x86, 0xFD, 0xC7, 0xFD, 0xC7, 0xFD, 0xC7, 0xFD,
    0xAA, 0xFD, 0x07, 0xF6, 0x9E, 0xFF, 0xFF, 0xFF, 0xFF, 0xFF, 0xFF, 0xFF, 0xFF, 0xFF, 0xFF, 0xFF,
    0xFF, 0xFF, 0xFF, 0xFF, 0xFF, 0xFF, 0xFF, 0xFF, 0xFF, 0xFF, 0xFF, 0xFF, 0xFF, 0xFF, 0xFF, 0xFF,
    0xFF, 0xFF, 0xFF, 0xFF, 0xFF, 0xFF, 0xFF, 0xFF, 0xFF, 0xFF, 0xFF, 0xFF, 0xFF, 0xFF, 0xDF, 0xFF,
    0xFF, 0xFF, 0xFF, 0xFF, 0xFE, 0xFF, 0xFE, 0xFF, 0xFF, 0xFF, 0xBF, 0xFF, 0xFF, 0xFF, 0xFF, 0xFF,
    0xFF, 0xFF, 0xFF, 0xFF, 0xFF, 0xFF, 0xFF, 0xFF, 0xFF, 0xFF, 0xFF, 0xFF, 0xFF, 0xFF, 0xFF, 0xFF,
    0xFF, 0xFF, 0xFF, 0xFF, 0xFF, 0xFF, 0xFF, 0xFF, 0xFF, 0xFF, 0xFF, 0xFF, 0xFF, 0xFF, 0xFF, 0xFF,
    0xFF, 0xFF, 0xFF, 0xFF, 0xFF, 0xFF, 0xFF, 0xFF, 0xFF, 0xFF, 0xFF, 0xFF, 0xFF, 0xFF, 0xFF, 0xFF,
    0xFF, 0xFF, 0xFF, 0xFF, 0xFF, 0xFF, 0xFF, 0xFF, 0xFF, 0xFF, 0xFF, 0xFF, 0xFF, 0xFF, 0xFF, 0xFF,
    0xFF, 0xFF, 0xFF, 0xFF, 0xFF, 0xFF, 0xFF, 0xFF, 0xFF, 0xFF, 0xFF, 0xFF, 0xFF, 0xFF, 0xFF, 0xFF,
    0xFF, 0xFF, 0xFF, 0xFF, 0xFF, 0xFF, 0xFF, 0xFF, 0xFF, 0xFF, 0xFF, 0xFF, 0xFF, 0xFF, 0xFE, 0xFF,
    0xFE, 0xFF, 0xDF, 0xFF, 0xDE, 0xFF, 0xDF, 0xFF, 0xFF, 0xFF, 0xFF, 0xFF, 0xFF, 0xFF, 0xFF, 0xFF,
    0xFF, 0xFF, 0xFF, 0xFF, 0xFF, 0xFF, 0xFF, 0xFF, 0xFF, 0xFF, 0xFF, 0xFF, 0xFF, 0xFF, 0xFF, 0xFF,
    0xFF, 0xFF, 0xFF, 0xFF, 0xFF, 0xFF, 0xFF, 0xFF, 0xFF, 0xFF, 0xFF, 0xFF, 0xFF, 0xFF, 0xFF, 0xFF,
    0xFE, 0xFF, 0xFF, 0xFF, 0xA6, 0xFD, 0xC8, 0xFD, 0xE7, 0xFD, 0xC7, 0xFD, 0xCA, 0xFD, 0x07, 0xF6,
    0x9E, 0xFF, 0xFF, 0xFF, 0xFF, 0xFF, 0xFF, 0xFF, 0xFF, 0xFF, 0xFF, 0xFF, 0xFF, 0xFF, 0xFF, 0xFF,
    0xFF, 0xFF, 0xFF, 0xFF, 0xFF, 0xFF, 0xFF, 0xFF, 0xFF, 0xFF, 0xFF, 0xFF, 0xFF, 0xFF, 0xFF, 0xFF,
    0xFF, 0xFF, 0xFF, 0xFF, 0xFF, 0xFF, 0xFF, 0xFF, 0xFF, 0xFF, 0xFF, 0xFF, 0xDF, 0xFF, 0xFF, 0xFF,
    0xFF, 0xFF, 0xFE, 0xF7, 0xFF, 0xFF, 0xDF, 0xFF, 0xFF, 0xFF, 0xFF, 0xFF, 0xFF, 0xFF, 0xFF, 0xFF,
    0xFF, 0xFF, 0xFF, 0xFF, 0xFF, 0xFF, 0xFF, 0xFF, 0xFF, 0xFF, 0xFF, 0xFF, 0xFF, 0xFF, 0xFF, 0xFF,
    0xFF, 0xFF, 0xFF, 0xFF, 0xFF, 0xFF, 0xFF, 0xFF, 0xFF, 0xFF, 0xFF, 0xFF, 0xFF, 0xFF, 0xFF, 0xFF,
    0xFF, 0xFF, 0xFF, 0xFF, 0xFF, 0xFF, 0xFF, 0xFF, 0xFF, 0xFF, 0xFF, 0xFF, 0xFF, 0xFF, 0xFF, 0xFF,
    0xFF, 0xFF, 0xFF, 0xFF, 0xFF, 0xFF, 0xFF, 0xFF, 0xFF, 0xFF, 0xFF, 0xFF, 0xFF, 0xFF, 0xFF, 0xFF,
    0xFF, 0xFF, 0xFF, 0xFF, 0xFF, 0xFF, 0xFF, 0xFF, 0xFF, 0xFF, 0xFF, 0xFF, 0xFF, 0xFF, 0xFF, 0xFF,
    0xFF, 0xFF, 0xFF, 0xFF, 0xFF, 0xFF, 0xFF, 0xFF, 0xFE, 0xFF, 0xFF, 0xFF, 0xFF, 0xFF, 0x7C, 0xFF,
    0x36, 0xFF, 0x16, 0xFF, 0xDB, 0xFF, 0xFF, 0xFF, 0xFF, 0xFF, 0xFF, 0xFF, 0xFF, 0xFF, 0xFF, 0xFF,
    0xFF, 0xFF, 0xFF, 0xFF, 0xFF, 0xFF, 0xFF, 0xFF, 0xFF, 0xFF, 0xFF, 0xFF, 0xFF, 0xFF, 0xFF, 0xFF,
    0xFF, 0xFF, 0xFF, 0xFF, 0xFF, 0xFF, 0xFF, 0xFF, 0xFF, 0xFF, 0xFF, 0xFF, 0xFE, 0xFF, 0xFF, 0xFF,
    0xA7, 0xFD, 0xE9, 0xFD, 0xE8, 0xFD, 0xE7, 0xFD, 0xCA, 0xFD, 0x28, 0xF6, 0xBF, 0xFF, 0xFF, 0xFF,
    0xFF, 0xFF, 0xFF, 0xFF, 0xFF, 0xFF, 0xFF, 0xFF, 0xFF, 0xFF, 0xFF, 0xFF, 0xFF, 0xFF, 0xFF, 0xFF,
    0xFF, 0xFF, 0xFF, 0xFF, 0xFF, 0xFF, 0xFF, 0xFF, 0xFF, 0xFF, 0xFF, 0xFF, 0xFF, 0xFF, 0xFF, 0xFF,
    0xFF, 0xFF, 0xFF, 0xFF, 0xFE, 0xFF, 0xBA, 0xFF, 0x15, 0xFF, 0x16, 0xF7, 0x9E, 0xFF, 0xFF, 0xFF,
    0xFF, 0xFF, 0xFE, 0xFF, 0xFF, 0xFF, 0xFF, 0xFF, 0xFF, 0xFF, 0xFF, 0xFF, 0xFF, 0xFF, 0xFF, 0xFF,
    0xFF, 0xFF, 0xFF, 0xFF, 0xFF, 0xFF, 0xFF, 0xFF, 0xFF, 0xFF, 0xFF, 0xFF, 0xFF, 0xFF, 0xFF, 0xFF,
    0xFF, 0xFF, 0xFF, 0xFF, 0xFF, 0xFF, 0xFF, 0xFF, 0xFF, 0xFF, 0xFF, 0xFF, 0xFF, 0xFF, 0xFF, 0xFF,
    0xFF, 0xFF, 0xFF, 0xFF, 0xFF, 0xFF, 0xFF, 0xFF, 0xFF, 0xFF, 0xFF, 0xFF, 0xFF, 0xFF, 0xFF, 0xFF,
    0xFF, 0xFF, 0xFF, 0xFF, 0xFF, 0xFF, 0xFF, 0xFF, 0xFF, 0xFF, 0xFF, 0xFF, 0xFF, 0xFF, 0xFF, 0xFF,
    0xFF, 0xFF, 0xFF, 0xFF, 0xFF, 0xFF, 0xFF, 0xFF, 0xFF, 0xFF, 0xFF, 0xFF, 0xFF, 0xFF, 0xFF, 0xFF,
    0xFF, 0xFF, 0xFF, 0xFF, 0xFF, 0xFF, 0xFF, 0xFF, 0x35, 0xFF, 0x06, 0xE6, 0xC7, 0xFD, 0xC4, 0xFD,
    0x0B, 0xF6, 0x59, 0xFF, 0xFF, 0xFF, 0xFF, 0xFF, 0xFF, 0xFF, 0xFF, 0xFF, 0xFF, 0xFF, 0xFF, 0xFF,
    0xFF, 0xFF, 0xFF, 0xFF, 0xFF, 0xFF, 0xFF, 0xFF, 0xFF, 0xFF, 0xFF, 0xFF, 0xFF, 0xFF, 0xFF, 0xFF,
    0xFF, 0xFF, 0xFF, 0xFF, 0xFF, 0xFF, 0xFF, 0xFF, 0xFE, 0xFF, 0xFF, 0xFF, 0xC8, 0xFD, 0xE9, 0xFD,
    0x09, 0xFE, 0xE8, 0xFD, 0xEB, 0xFD, 0x28, 0xF6, 0xBF, 0xFF, 0xFF, 0xFF, 0xFF, 0xFF, 0xFF, 0xFF,
    0xFF, 0xFF, 0xFF, 0xFF, 0xFF, 0xFF, 0xFF, 0xFF, 0xFF, 0xFF, 0xFF, 0xFF, 0xFF, 0xFF, 0xFF, 0xFF,
    0xFF, 0xFF, 0xFF, 0xFF, 0xFF, 0xFF, 0xFF, 0xFF, 0xFF, 0xFF, 0xFF, 0xFF, 0xFF, 0xFF, 0xFF, 0xFF,
    0x14, 0xFF, 0xCA, 0xED, 0xA5, 0xFD, 0xA7, 0xFD, 0xE8, 0xE5, 0xDE, 0xFF, 0xFF, 0xFF, 0xFE, 0xFF,
    0xFF, 0xFF, 0xFF, 0xFF, 0xFF, 0xFF, 0xFF, 0xFF, 0xFF, 0xFF, 0xFF, 0xFF, 0xFF, 0xFF, 0xFF, 0xFF,
    0xFF, 0xFF, 0xFF, 0xFF, 0xFF, 0xFF, 0xFF, 0xFF, 0xFF, 0xFF, 0xFF, 0xFF, 0xFF, 0xFF, 0xFF, 0xFF,
    0xFF, 0xFF, 0xFF, 0xFF, 0xFF, 0xFF, 0xFF, 0xFF, 0xFF, 0xFF, 0xFF, 0xFF, 0xFF, 0xFF, 0xFF, 0xFF,
    0xFF, 0xFF, 0xFF, 0xFF, 0xFF, 0xFF, 0xFF, 0xFF, 0xFF, 0xFF, 0xFF, 0xFF, 0xFF, 0xFF, 0xFF, 0xFF,
    0xFF, 0xFF, 0xFF, 0xFF, 0xFF, 0xFF, 0xFF, 0xFF, 0xFF, 0xFF, 0xFF, 0xFF, 0xFF, 0xFF, 0xFF, 0xFF,
    0xFF, 0xFF, 0xFF, 0xFF, 0xFF, 0xFF, 0xFF, 0xFF, 0xFF, 0xFF, 0xFF, 0xFF, 0xFF, 0xFF, 0xFF, 0xFF,
    0xBF, 0xF7, 0xDC, 0xFF, 0xEA, 0xF5, 0xA8, 0xFD, 0xC8, 0xFD, 0xC7, 0xFD, 0xC7, 0xFD, 0xE9, 0xFD,
    0x57, 0xFF, 0xDF, 0xFF, 0xFF, 0xFF, 0xFF, 0xFF, 0xFF, 0xFF, 0xFF, 0xFF, 0xFF, 0xFF, 0xFF, 0xFF,
    0xFF, 0xFF, 0xFF, 0xFF, 0xFF, 0xFF, 0xFF, 0xFF, 0xFF, 0xFF, 0xFF, 0xFF, 0xFF, 0xFF, 0xFF, 0xFF,
    0xFF, 0xFF, 0xFF, 0xFF, 0xFF, 0xFF, 0xFF, 0xFF, 0xF3, 0xFE, 0xEA, 0xF5, 0xC8, 0xFD, 0xC8, 0xF5,
    0x0B, 0xFE, 0x36, 0xFF, 0xFF, 0xFF, 0xFF, 0xFF, 0xFF, 0xFF, 0xFF, 0xFF, 0xFF, 0xFF, 0xFF, 0xFF,
    0xFF, 0xFF, 0xFF, 0xFF, 0xFF, 0xFF, 0xFF, 0xFF, 0xFF, 0xFF, 0xFF, 0xFF, 0xFF, 0xFF, 0xFF, 0xFF,
    0xFF, 0xFF, 0xFF, 0xFF, 0xFF, 0xFF, 0xFE, 0xF7, 0xFF, 0xFF, 0xF4, 0xFE, 0xC8, 0xFD, 0xC8, 0xFD,
    0xC8, 0xFD, 0xC8, 0xFD, 0xA7, 0xFD, 0x14, 0xFF, 0xFF, 0xFF, 0xDD, 0xFF, 0xFF, 0xFF, 0xFF, 0xFF,
    0xFF, 0xFF, 0xFF, 0xFF, 0xFF, 0xFF, 0xFF, 0xFF, 0xFF, 0xFF, 0xFF, 0xFF, 0xFF, 0xFF, 0xFF, 0xFF,
    0xFF, 0xFF, 0xFF, 0xFF, 0xFF, 0xFF, 0xFF, 0xFF, 0xFF, 0xFF, 0xFF, 0xFF, 0xFF, 0xFF, 0xFF, 0xFF,
    0xFF, 0xFF, 0xFF, 0xFF, 0xFF, 0xFF, 0xFF, 0xFF, 0xFF, 0xFF, 0xFF, 0xFF, 0xFF, 0xFF, 0xFF, 0xFF,
    0xFF, 0xFF, 0xFF, 0xFF, 0xFF, 0xFF, 0xFF, 0xFF, 0xFF, 0xFF, 0xFF, 0xFF, 0xFF, 0xFF, 0xFF, 0xFF,
    0xFF, 0xFF, 0xFF, 0xFF, 0xFF, 0xFF, 0xFF, 0xFF, 0xFF, 0xFF, 0xFF, 0xFF, 0xFF, 0xFF, 0xFF, 0xFF,
    0xFF, 0xFF, 0xFF, 0xFF, 0xFF, 0xFF, 0xFF, 0xFF, 0xFF, 0xFF, 0xFF, 0xFF, 0xFF, 0xFF, 0x36, 0xFF,
    0x86, 0xFD, 0xE8, 0xFD, 0xC7, 0xFD, 0xA6, 0xFD, 0xC6, 0xFD, 0xC7, 0xFD, 0xC8, 0xF5, 0xB7, 0xFF,
    0x9F, 0xF7, 0xFD, 0xFF, 0xFF, 0xFF, 0xFF, 0xFF, 0xFF, 0xFF, 0xFF, 0xFF, 0xFF, 0xFF, 0xFF, 0xFF,
    0xFF, 0xFF, 0xFF, 0xFF, 0xFF, 0xFF, 0xFF, 0xFF, 0xFF, 0xFF, 0xFF, 0xFF, 0xFF, 0xFF, 0xFF, 0xFF,
    0xFF, 0xFF, 0xFE, 0xF7, 0xDF, 0xFF, 0x7A, 0xFF, 0x36, 0xFF, 0x55, 0xFF, 0xDB, 0xFF, 0xFF, 0xFF,
    0xBF, 0xFF, 0xFF, 0xFF, 0xFF, 0xFF, 0xFF, 0xFF, 0xFF, 0xFF, 0xFF, 0xFF, 0xFF, 0xFF, 0xFF, 0xFF,
    0xFF, 0xFF, 0xFF, 0xFF, 0xFF, 0xFF, 0xFF, 0xFF, 0xFF, 0xFF, 0xFF, 0xFF, 0xFF, 0xFF, 0xFF, 0xFF,
    0xFD, 0xEF, 0xFF, 0xFF, 0xF4, 0xFE, 0xA6, 0xF5, 0xA7, 0xFD, 0xC7, 0xFD, 0xC8, 0xFD, 0xC8, 0xFD,
    0x09, 0xFE, 0x6F, 0xFE, 0xFE, 0xFF, 0xFF, 0xFF, 0xFF, 0xFF, 0xFF, 0xFF, 0xFF, 0xFF, 0xFF, 0xFF,
    0xFF, 0xFF, 0xFF, 0xFF, 0xFF, 0xFF, 0xFF, 0xFF, 0xFF, 0xFF, 0xFF, 0xFF, 0xFF, 0xFF, 0xFF, 0xFF,
    0xFF, 0xFF, 0xFF, 0xFF, 0xFF, 0xFF, 0xFF, 0xFF, 0xFF, 0xFF, 0xFF, 0xFF, 0xFF, 0xFF, 0xFF, 0xFF,
    0xFF, 0xFF, 0xFF, 0xFF, 0xFF, 0xFF, 0xFF, 0xFF, 0xFF, 0xFF, 0xFF, 0xFF, 0xFF, 0xFF, 0xFF, 0xFF,
    0xFF, 0xFF, 0xFF, 0xFF, 0xFF, 0xFF, 0xFF, 0xFF, 0xFF, 0xFF, 0xFF, 0xFF, 0xFF, 0xFF, 0xFF, 0xFF,
    0xFF, 0xFF, 0xFF, 0xFF, 0xFF, 0xFF, 0xFF, 0xFF, 0xFF, 0xFF, 0xFF, 0xFF, 0xFF, 0xFF, 0xFF, 0xFF,
    0xFF, 0xFF, 0xFF, 0xFF, 0xFF, 0xFF, 0xFF, 0xFF, 0xDF, 0xFF, 0x58, 0xFF, 0x86, 0xF5, 0xA6, 0xFD,
    0xA6, 0xFD, 0xA6, 0xFD, 0xC6, 0xFD, 0xA7, 0xFD, 0xE8, 0xFD, 0x8A, 0xE5, 0xDC, 0xFF, 0xBE, 0xFF,
    0xFF, 0xFF, 0xFF, 0xFF, 0xFF, 0xFF, 0xFF, 0xFF, 0xFF, 0xFF, 0xFF, 0xFF, 0xFF, 0xFF, 0xFF, 0xFF,
    0xFF, 0xFF, 0xFF, 0xFF, 0xFF, 0xFF, 0xFF, 0xFF, 0xFF, 0xFF, 0xFF, 0xFF, 0xFF, 0xFF, 0xFF, 0xFF,
    0xDF, 0xF7, 0xFF, 0xFF, 0xFF, 0xFF, 0xFF, 0xFF, 0xFF, 0xFF, 0xFF, 0xF7, 0xFD, 0xFF, 0xFF, 0xFF,
    0xFF, 0xFF, 0xFF, 0xFF, 0xFF, 0xFF, 0xFF, 0xFF, 0xFF, 0xFF, 0xFF, 0xFF, 0xFF, 0xFF, 0xFF, 0xFF,
    0xFF, 0xFF, 0xFF, 0xFF, 0xFF, 0xFF, 0xFF, 0xFF, 0xFF, 0xFF, 0xFF, 0xFF, 0xDF, 0xFF, 0xF4, 0xFE,
    0xC6, 0xF5, 0xC8, 0xFD, 0xC7, 0xFD, 0xC7, 0xFD, 0xC7, 0xFD, 0xC7, 0xFD, 0xE8, 0xFD, 0xB1, 0xFE,
    0xDF, 0xFF, 0xDE, 0xFF, 0xFF, 0xFF, 0xFF, 0xFF, 0xFF, 0xFF, 0xFF, 0xFF, 0xFF, 0xFF, 0xFF, 0xFF,
    0xFF, 0xFF, 0xFF, 0xFF, 0xFF, 0xFF, 0xFF, 0xFF, 0xFF, 0xFF, 0xFF, 0xFF, 0xFF, 0xFF, 0xFF, 0xFF,
    0xFF, 0xFF, 0xFF, 0xFF, 0xFF, 0xFF, 0xFF, 0xFF, 0xFF, 0xFF, 0xFF, 0xFF, 0xFF, 0xFF, 0xFF, 0xFF,
    0xFF, 0xFF, 0xFF, 0xFF, 0xFF, 0xFF, 0xFF, 0xFF, 0xFF, 0xFF, 0xFF, 0xFF, 0xFF, 0xFF, 0xFF, 0xFF,
    0xFF, 0xFF, 0xFF, 0xFF, 0xFF, 0xFF, 0xFF, 0xFF, 0xFF, 0xFF, 0xFF, 0xFF, 0xFF, 0xFF, 0xFF, 0xFF,
    0xFF, 0xFF, 0xFF, 0xFF, 0xFF, 0xFF, 0xFF, 0xFF, 0xFF, 0xFF, 0xFF, 0xFF, 0xFF, 0xFF, 0xFF, 0xFF,
    0xFF, 0xFF, 0xFF, 0xFF, 0xBF, 0xFF, 0xFD, 0xFF, 0xE9, 0xF5, 0xA6, 0xFD, 0xA7, 0xFD, 0xC6, 0xFD,
    0xC7, 0xFD, 0xC8, 0xFD, 0xA8, 0xFD, 0x07, 0xFE, 0xA6, 0xDD, 0xFE, 0xFF, 0xFF, 0xFF, 0xFF, 0xFF,
    0xFF, 0xFF, 0xFF, 0xFF, 0xFF, 0xFF, 0xFF, 0xFF, 0xFF, 0xFF, 0xFF, 0xFF, 0xFF, 0xFF, 0xFF, 0xFF,
    0xFF, 0xFF, 0xFF, 0xFF, 0xFF, 0xFF, 0xFF, 0xFF, 0xFF, 0xFF, 0xDF, 0xFF, 0xFE, 0xFF, 0xFF, 0xFF,
    0xBF, 0xFF, 0xFF, 0xFF, 0xDF, 0xFF, 0xDF, 0xFF, 0xDF, 0xF7, 0xFF, 0xFF, 0xFF, 0xFF, 0xFF, 0xFF,
    0xFF, 0xFF, 0xFF, 0xFF, 0xFF, 0xFF, 0xFF, 0xFF, 0xFF, 0xFF, 0xFF, 0xFF, 0xFF, 0xFF, 0xFF, 0xFF,
    0xFF, 0xFF, 0xFF, 0xFF, 0xFF, 0xFF, 0xFF, 0xFF, 0xF4, 0xFE, 0xE6, 0xF5, 0xA9, 0xFD, 0xA5, 0xED,
    0xC7, 0xFD, 0xC7, 0xFD, 0xC7, 0xFD, 0xA7, 0xFD, 0xA7, 0xFD, 0x77, 0xFF, 0xFF, 0xF7, 0xDD, 0xFF,
    0xFF, 0xFF, 0xFF, 0xFF, 0xFF, 0xFF, 0xFF, 0xFF, 0xFF, 0xFF, 0xFF, 0xFF, 0xFF, 0xFF, 0xFF, 0xFF,
    0xFF, 0xFF, 0xFF, 0xFF, 0xFF, 0xFF, 0xFF, 0xFF, 0xFF, 0xFF, 0xFF, 0xFF, 0xFF, 0xFF, 0xFF, 0xFF,
    0xFF, 0xFF, 0xFF, 0xFF, 0xFF, 0xFF, 0xFF, 0xFF, 0xFF, 0xFF, 0xFF, 0xFF, 0xFF, 0xFF, 0xFF, 0xFF,
    0xFF, 0xFF, 0xFF, 0xFF, 0xFF, 0xFF, 0xFF, 0xFF, 0xFF, 0xFF, 0xFF, 0xFF, 0xFF, 0xFF, 0xFF, 0xFF,
    0xFF, 0xFF, 0xFF, 0xFF, 0xFF, 0xFF, 0xFF, 0xFF, 0xFF, 0xFF, 0xFF, 0xFF, 0xFF, 0xFF, 0xFF, 0xFF,
    0xFF, 0xFF, 0xFF, 0xFF, 0xFF, 0xFF, 0xFF, 0xFF, 0xFF, 0xFF, 0xFF, 0xFF, 0xFF, 0xFF, 0xFF, 0xFF,
    0xFF, 0xFF, 0xFF, 0xFF, 0x59, 0xFF, 0x6C, 0xFE, 0xC6, 0xFD, 0xE7, 0xFD, 0xAA, 0xFD, 0xE7, 0xFD,
    0xC8, 0xFD, 0xC7, 0xFD, 0xC7, 0xFD, 0xC8, 0xFD, 0xFD, 0xFF, 0xDF, 0xFF, 0xFF, 0xFF, 0xFF, 0xFF,
    0xFF, 0xFF, 0xFF, 0xFF, 0xFF, 0xFF, 0xFF, 0xFF, 0xFF, 0xFF, 0xFF, 0xFF, 0xFF, 0xFF, 0xFF, 0xFF,
    0xFF, 0xFF, 0xFF, 0xFF, 0xDF, 0xFF, 0xFF, 0xFF, 0xFF, 0xFF, 0xFF, 0xFF, 0xDF, 0xFF, 0xFF, 0xFF,
    0xFF, 0xFF, 0xFF, 0xFF, 0xFF, 0xFF, 0xDF, 0xF7, 0xBF, 0xFF, 0xDF, 0xFF, 0xFF, 0xFF, 0xFE, 0xFF,
    0xFE, 0xFF, 0xDF, 0xFF, 0xDF, 0xFF, 0xFF, 0xFF, 0xFF, 0xFF, 0xFF, 0xFF, 0xFF, 0xFF, 0xDF, 0xFF,
    0xDE, 0xFF, 0x15, 0xFF, 0xC9, 0xFD, 0xC8, 0xFD, 0xC7, 0xFD, 0xC7, 0xFD, 0xE7, 0xFD, 0x85, 0xF5,
    0xC7, 0xFD, 0xA6, 0xFD, 0x8E, 0xF6, 0xFF, 0xFF, 0xFF, 0xFF, 0xFF, 0xFF, 0xFF, 0xFF, 0xFF, 0xFF,
    0xFF, 0xFF, 0xFF, 0xFF, 0xFF, 0xFF, 0xFF, 0xFF, 0xFF, 0xFF, 0xFF, 0xFF, 0xFF, 0xFF, 0xFF, 0xFF,
    0xFF, 0xFF, 0xFF, 0xFF, 0xFF, 0xFF, 0xFF, 0xFF, 0xFF, 0xFF, 0xFF, 0xFF, 0xFF, 0xFF, 0xFF, 0xFF,
    0xFF, 0xFF, 0xFF, 0xFF, 0xFF, 0xFF, 0xFF, 0xFF, 0xFF, 0xFF, 0xFF, 0xFF, 0xFF, 0xFF, 0xFF, 0xFF,
    0xFF, 0xFF, 0xFF, 0xFF, 0xFF, 0xFF, 0xFF, 0xFF, 0xFF, 0xFF, 0xFF, 0xFF, 0xFF, 0xFF, 0xFF, 0xFF,
    0xFF, 0xFF, 0xFF, 0xFF, 0xFF, 0xFF, 0xFF, 0xFF, 0xFF, 0xFF, 0xFF, 0xFF, 0xFF, 0xFF, 0xFF, 0xFF,
    0xFF, 0xFF, 0xFF, 0xFF, 0xFF, 0xFF, 0xFF, 0xFF, 0xFF, 0xFF, 0xFF, 0xFF, 0xDF, 0xFF, 0xFE, 0xFF,
    0xFF, 0xFF, 0xDD, 0xFF, 0x8D, 0xF6, 0xA9, 0xFD, 0xA8, 0xFD, 0xE8, 0xFD, 0xC8, 0xFD, 0xA6, 0xFD,
    0xA7, 0xFD, 0xA7, 0xFD, 0xB1, 0xF6, 0xDF, 0xFF, 0xDE, 0xFF, 0xFF, 0xFF, 0xFF, 0xFF, 0xFF, 0xFF,
    0xFF, 0xFF, 0xDF, 0xFF, 0xFF, 0xFF, 0xFF, 0xFF, 0xFF, 0xFF, 0xFF, 0xF7, 0xFE, 0xFF, 0xBB, 0xFF,
    0x58, 0xFF, 0xF1, 0xFE, 0xAE, 0xF6, 0xAD, 0xF6, 0xAE, 0xFE, 0x8F, 0xFE, 0xD0, 0xFE, 0xF2, 0xFE,
    0x13, 0xF7, 0x99, 0xFF, 0xFC, 0xFF, 0xFF, 0xFF, 0xFF, 0xF7, 0xDF, 0xFF, 0xFE, 0xFF, 0xFF, 0xFF,
    0xDF, 0xFF, 0xFF, 0xFF, 0xFF, 0xFF, 0xFF, 0xFF, 0xFF, 0xFF, 0xFF, 0xFF, 0x15, 0xFF, 0xE9, 0xF5,
    0xC8, 0xFD, 0xC8, 0xFD, 0xC7, 0xFD, 0xC7, 0xFD, 0xAA, 0xFD, 0xC5, 0xFD, 0xA4, 0xFD, 0x6F, 0xF6,
    0xFE, 0xFF, 0xFF, 0xFF, 0xFF, 0xFF, 0xDF, 0xFF, 0xFF, 0xFF, 0xFF, 0xFF, 0xFF, 0xFF, 0xFF, 0xFF,
    0xFF, 0xFF, 0xFF, 0xFF, 0xFF, 0xFF, 0xFF, 0xFF, 0xFF, 0xFF, 0xFF, 0xFF, 0xFF, 0xFF, 0xFF, 0xFF,
    0xFF, 0xFF, 0xFF, 0xFF, 0xFF, 0xFF, 0xFF, 0xFF, 0xFF, 0xFF, 0xFF, 0xFF, 0xFF, 0xFF, 0xFF, 0xFF,
    0xFF, 0xFF, 0xFF, 0xFF, 0xFF, 0xFF, 0xFF, 0xFF, 0xFF, 0xFF, 0xFF, 0xFF, 0xFF, 0xFF, 0xFF, 0xFF,
    0xFF, 0xFF, 0xFF, 0xFF, 0xFF, 0xFF, 0xFF, 0xFF, 0xFF, 0xFF, 0xFF, 0xFF, 0xFF, 0xFF, 0xFF, 0xFF,
    0xFF, 0xFF, 0xFF, 0xFF, 0xFF, 0xFF, 0xFF, 0xFF, 0xFF, 0xFF, 0xFF, 0xFF, 0xFF, 0xFF, 0xFF, 0xFF,
    0xFF, 0xFF, 0xFF, 0xFF, 0xFF, 0xFF, 0xFF, 0xFF, 0xFF, 0xFF, 0xFD, 0xFF, 0xFF, 0xFF, 0xFF, 0xFF,
    0x58, 0xFF, 0xC8, 0xF5, 0xE5, 0xFD, 0xA8, 0xF5, 0xC8, 0xFD, 0xC6, 0xFD, 0xC7, 0xFD, 0xA7, 0xFD,
    0x0C, 0xF6, 0xDE, 0xFF, 0xDE, 0xFF, 0xFF, 0xFF, 0xFF, 0xFF, 0xFF, 0xFF, 0xFF, 0xFF, 0xFE, 0xFF,
    0xFF, 0xFF, 0xFF, 0xFF, 0xFF, 0xFF, 0xFD, 0xFF, 0x79, 0xFF, 0xD2, 0xFE, 0x4D, 0xFE, 0x09, 0xFE,
    0xE7, 0xF5, 0xE6, 0xFD, 0x07, 0xFE, 0xE6, 0xFD, 0x07, 0xF6, 0x28, 0xF6, 0x29, 0xF6, 0x4D, 0xFE,
    0xF3, 0xFE, 0x9A, 0xFF, 0xFF, 0xFF, 0xDF, 0xFF, 0xFF, 0xF7, 0xFF, 0xF7, 0xFF, 0xFF, 0xFF, 0xFF,
    0xFF, 0xFF, 0xFF, 0xFF, 0xFF, 0xFF, 0xFE, 0xFF, 0x90, 0xFE, 0xA6, 0xFD, 0xC8, 0xFD, 0xC8, 0xFD,
    0xC7, 0xFD, 0xC7, 0xFD, 0xA7, 0xF5, 0xE5, 0xFD, 0xA7, 0xF5, 0x58, 0xFF, 0xFF, 0xFF, 0xFF, 0xFF,
    0xFD, 0xFF, 0xDF, 0xFF, 0xFF, 0xFF, 0xFF, 0xFF, 0xFF, 0xFF, 0xFF, 0xFF, 0xFF, 0xFF, 0xFF, 0xFF,
    0xFF, 0xFF, 0xFF, 0xFF, 0xFF, 0xFF, 0xFF, 0xFF, 0xFF, 0xFF, 0xFF, 0xFF, 0xFF, 0xFF, 0xFF, 0xFF,
    0xFF, 0xFF, 0xFF, 0xFF, 0xFF, 0xFF, 0xFF, 0xFF, 0xFF, 0xFF, 0xFF, 0xFF, 0xFF, 0xFF, 0xFF, 0xFF,
    0xFF, 0xFF, 0xFF, 0xFF, 0xFF, 0xFF, 0xFF, 0xFF, 0xFF, 0xFF, 0xFF, 0xFF, 0xFF, 0xFF, 0xFF, 0xFF,
    0xFF, 0xFF, 0xFF, 0xFF, 0xFF, 0xFF, 0xFF, 0xFF, 0xFF, 0xFF, 0xFF, 0xFF, 0xFF, 0xFF, 0xFF, 0xFF,
    0xFF, 0xFF, 0xFF, 0xFF, 0xFF, 0xFF, 0xFF, 0xFF, 0xFF, 0xFF, 0xFF, 0xFF, 0xFF, 0xFF, 0xFF, 0xFF,
    0xFF, 0xFF, 0xFF, 0xFF, 0xFF, 0xFF, 0xFF, 0xFF, 0xDF, 0xFF, 0xFE, 0xFF, 0xFF, 0xFF, 0x37, 0xFF,
    0x29, 0xFE, 0x88, 0xFD, 0xA7, 0xFD, 0xA6, 0xFD, 0xA6, 0xFD, 0xA7, 0xFD, 0xC7, 0xFD, 0x7A, 0xFF,
    0xFF, 0xFF, 0xFF, 0xFF, 0xFF, 0xFF, 0xFF, 0xFF, 0xFF, 0xFF, 0xFF, 0xF7, 0xDE, 0xFF, 0x59, 0xFF,
    0xD1, 0xFE, 0x0B, 0xF6, 0xE9, 0xF5, 0xE8, 0xFD, 0x07, 0xFE, 0xE9, 0xFD, 0xE8, 0xFD, 0xC8, 0xFD,
    0xC9, 0xFD, 0xE8, 0xFD, 0xE8, 0xFD, 0xC8, 0xFD, 0xC8, 0xFD, 0xC6, 0xFD, 0xA6, 0xF5, 0xC9, 0xF5,
    0x2D, 0xFE, 0x55, 0xFF, 0xFE, 0xFF, 0xFF, 0xFF, 0xFE, 0xFF, 0xFF, 0xFF, 0xFF, 0xFF, 0xFF, 0xFF,
    0xDF, 0xFF, 0xFE, 0xFF, 0xCA, 0xFD, 0xC6, 0xFD, 0xC7, 0xFD, 0xC7, 0xFD, 0xC8, 0xFD, 0xC8, 0xFD,
    0xC5, 0xFD, 0xEA, 0xF5, 0x37, 0xFF, 0xFF, 0xFF, 0xFE, 0xFF, 0xFF, 0xFF, 0xFE, 0xFF, 0xFF, 0xFF,
    0xFF, 0xFF, 0xFF, 0xFF, 0xFF, 0xFF, 0xFF, 0xFF, 0xFF, 0xFF, 0xFF, 0xFF, 0xFF, 0xFF, 0xFF, 0xFF,
    0xFF, 0xFF, 0xFF, 0xFF, 0xFF, 0xFF, 0xFF, 0xFF, 0xFF, 0xFF, 0xFF, 0xFF, 0xFF, 0xFF, 0xFF, 0xFF,
    0xFF, 0xFF, 0xFF, 0xFF, 0xFF, 0xFF, 0xFF, 0xFF, 0xFF, 0xFF, 0xFF, 0xFF, 0xFF, 0xFF, 0xFF, 0xFF,
    0xFF, 0xFF, 0xFF, 0xFF, 0xFF, 0xFF, 0xFF, 0xFF, 0xFF, 0xFF, 0xFF, 0xFF, 0xFF, 0xFF, 0xFF, 0xFF,
    0xFF, 0xFF, 0xFF, 0xFF, 0xFF, 0xFF, 0xFF, 0xFF, 0xFF, 0xFF, 0xFF, 0xFF, 0xFF, 0xFF, 0xFF, 0xFF,
    0xFF, 0xFF, 0xFF, 0xFF, 0xFF, 0xFF, 0xFF, 0xFF, 0xFF, 0xFF, 0xFF, 0xFF, 0xFF, 0xFF, 0xFF, 0xFF,
    0xFF, 0xFF, 0xFF, 0xFF, 0xFF, 0xFF, 0xFF, 0xFF, 0xFD, 0xF7, 0xFE, 0xFF, 0x39, 0xFF, 0xA2, 0xE5,
    0xA5, 0xFD, 0xA6, 0xF5, 0xA8, 0xED, 0xE9, 0xFD, 0x28, 0xF6, 0x9B, 0xFF, 0xBF, 0xFF, 0x7F, 0xFF,
    0xFE, 0xFF, 0xFE, 0xE7, 0xFF, 0xFF, 0xBD, 0xFF, 0x6F, 0xFE, 0x07, 0xFE, 0x28, 0xFE, 0x08, 0xFE,
    0x08, 0xFE, 0x08, 0xFE, 0x08, 0xFE, 0xE8, 0xFD, 0xE7, 0xFD, 0xE7, 0xFD, 0xE7, 0xFD, 0xC7, 0xFD,
    0xC7, 0xFD, 0xC7, 0xFD, 0xC7, 0xFD, 0xE7, 0xFD, 0xE7, 0xFD, 0xE7, 0xFD, 0xE7, 0xFD, 0xE7, 0xFD,
    0x2A, 0xFE, 0x37, 0xFF, 0xFF, 0xFF, 0xFC, 0xFF, 0xFF, 0xFF, 0xBF, 0xFF, 0xFD, 0xEF, 0x9F, 0xFF,
    0x0B, 0xFE, 0x85, 0xFD, 0xA8, 0xFD, 0xA8, 0xF5, 0xC9, 0xFD, 0xC8, 0xFD, 0x09, 0xE6, 0x59, 0xFF,
    0xFF, 0xFF, 0xFD, 0xFF, 0xFF, 0xFF, 0xFF, 0xFF, 0xFF, 0xFF, 0xFF, 0xFF, 0xFF, 0xFF, 0xFF, 0xFF,
    0xFF, 0xFF, 0xFF, 0xFF, 0xFF, 0xFF, 0xFF, 0xFF, 0xFF, 0xFF, 0xFF, 0xFF, 0xFF, 0xFF, 0xFF, 0xFF,
    0xFF, 0xFF, 0xFF, 0xFF, 0xFF, 0xFF, 0xFF, 0xFF, 0xFF, 0xFF, 0xFF, 0xFF, 0xFF, 0xFF, 0xFF, 0xFF,
    0xFF, 0xFF, 0xFF, 0xFF, 0xFF, 0xFF, 0xFF, 0xFF, 0xFF, 0xFF, 0xFF, 0xFF, 0xFF, 0xFF, 0xFF, 0xFF,
    0xFF, 0xFF, 0xFF, 0xFF, 0xFF, 0xFF, 0xFF, 0xFF, 0xFF, 0xFF, 0xFF, 0xFF, 0xFF, 0xFF, 0xFF, 0xFF,
    0xFF, 0xFF, 0xFF, 0xFF, 0xFF, 0xFF, 0xFF, 0xFF, 0xFF, 0xFF, 0xFF, 0xFF, 0xFF, 0xFF, 0xFF, 0xFF,
    0xFF, 0xFF, 0xFF, 0xFF, 0xFF, 0xFF, 0xFF, 0xFF, 0xFF, 0xFF, 0xFF, 0xFF, 0xFF, 0xFF, 0xFF, 0xFF,
    0xFF, 0xFF, 0xFF, 0xFF, 0xDF, 0xFF, 0xDF, 0xFF, 0xBF, 0xFF, 0x36, 0xFF, 0xC9, 0xFD, 0xA5, 0xFD,
    0xC5, 0xFD, 0xA5, 0xFD, 0xD2, 0xFE, 0xFC, 0xFF, 0xDD, 0xFF, 0xFF, 0xFF, 0xDF, 0xF7, 0xDF, 0xFF,
    0x13, 0xFF, 0x28, 0xF6, 0xE7, 0xFD, 0xE8, 0xFD, 0x09, 0xFE, 0x08, 0xFE, 0x08, 0xFE, 0x08, 0xFE,
    0x08, 0xFE, 0xE8, 0xFD, 0xE7, 0xFD, 0xE7, 0xFD, 0xE7, 0xFD, 0xC7, 0xFD, 0xC7, 0xFD, 0xC7, 0xFD,
    0xC7, 0xFD, 0xE7, 0xFD, 0xE7, 0xFD, 0xE7, 0xFD, 0xE7, 0xFD, 0xE9, 0xFD, 0xE6, 0xFD, 0x29, 0xF6,
    0x8D, 0xF6, 0xBF, 0xFF, 0xFE, 0xF7, 0xFD, 0xFF, 0xDE, 0xFF, 0xDF, 0xFF, 0x12, 0xFF, 0xC4, 0xF5,
    0xA5, 0xF5, 0x06, 0xFE, 0xC6, 0xFD, 0x4C, 0xF6, 0xBB, 0xFF, 0xDF, 0xFF, 0xFF, 0xFF, 0xDF, 0xFF,
    0xFF, 0xFF, 0xFF, 0xFF, 0xFF, 0xFF, 0xFF, 0xFF, 0xFF, 0xFF, 0xFF, 0xFF, 0xFF, 0xFF, 0xFF, 0xFF,
    0xFF, 0xFF, 0xFF, 0xFF, 0xFF, 0xFF, 0xFF, 0xFF, 0xFF, 0xFF, 0xFF, 0xFF, 0xFF, 0xFF, 0xFF, 0xFF,
    0xFF, 0xFF, 0xFF, 0xFF, 0xFF, 0xFF, 0xFF, 0xFF, 0xFF, 0xFF, 0xFF, 0xFF, 0xFF, 0xFF, 0xFF, 0xFF,
    0xFF, 0xFF, 0xFF, 0xFF, 0xFF, 0xFF, 0xFF, 0xFF, 0xFF, 0xFF, 0xFF, 0xFF, 0xFF, 0xFF, 0xFF, 0xFF,
    0xFF, 0xFF, 0xFF, 0xFF, 0xFF, 0xFF, 0xFF, 0xFF, 0xFF, 0xFF, 0xFF, 0xFF, 0xFF, 0xFF, 0xFF, 0xFF,
    0xFF, 0xFF, 0xFF, 0xFF, 0xFF, 0xFF, 0xFF, 0xFF, 0xFF, 0xFF, 0xFF, 0xFF, 0xFF, 0xFF, 0xFF, 0xFF,
    0xFF, 0xFF, 0xFF, 0xFF, 0xFF, 0xFF, 0xFF, 0xFF, 0xFF, 0xFF, 0xFF, 0xFF, 0xFF, 0xFF, 0xFF, 0xFF,
    0xFF, 0xFF, 0xFE, 0xFF, 0xDF, 0xFF, 0xDF, 0xFF, 0x57, 0xF7, 0xEC, 0xF5, 0x2C, 0xFE, 0x6E, 0xF6,
    0x9F, 0xFF, 0xDF, 0xFF, 0xDE, 0xFF, 0xBF, 0xFF, 0xB8, 0xFF, 0x4D, 0xF6, 0xC9, 0xFD, 0xE8, 0xFD,
    0xEA, 0xFD, 0xCA, 0xFD, 0xE7, 0xFD, 0x08, 0xFE, 0x08, 0xFE, 0x08, 0xFE, 0x08, 0xFE, 0xE8, 0xFD,
    0xE7, 0xFD, 0xE7, 0xFD, 0xE7, 0xFD, 0xE7, 0xFD, 0xE7, 0xFD, 0xE7, 0xFD, 0xE7, 0xFD, 0xE8, 0xFD,
    0xE8, 0xFD, 0xE8, 0xFD, 0xE8, 0xFD, 0x08, 0xFE, 0x07, 0xFE, 0xE8, 0xFD, 0x09, 0xFE, 0x8E, 0xF6,
    0xBE, 0xFF, 0xDF, 0xFF, 0xFD, 0xFF, 0xDF, 0xF7, 0xFF, 0xFF, 0xF6, 0xFE, 0x4E, 0xF6, 0x0C, 0xFE,
    0x2E, 0xFE, 0x79, 0xFF, 0xDF, 0xFF, 0xDF, 0xF7, 0xFD, 0xFF, 0xFF, 0xFF, 0xFF, 0xFF, 0xFF, 0xFF,
    0xFF, 0xFF, 0xFF, 0xFF, 0xFF, 0xFF, 0xFF, 0xFF, 0xFF, 0xFF, 0xFF, 0xFF, 0xFF, 0xFF, 0xFF, 0xFF,
    0xFF, 0xFF, 0xFF, 0xFF, 0xFF, 0xFF, 0xFF, 0xFF, 0xFF, 0xFF, 0xFF, 0xFF, 0xFF, 0xFF, 0xFF, 0xFF,
    0xFF, 0xFF, 0xFF, 0xFF, 0xFF, 0xFF, 0xFF, 0xFF, 0xFF, 0xFF, 0xFF, 0xFF, 0xFF, 0xFF, 0xFF, 0xFF,
    0xFF, 0xFF, 0xFF, 0xFF, 0xFF, 0xFF, 0xFF, 0xFF, 0xFF, 0xFF, 0xFF, 0xFF, 0xFF, 0xFF, 0xFF, 0xFF,
    0xFF, 0xFF, 0xFF, 0xFF, 0xFF, 0xFF, 0xFF, 0xFF, 0xFF, 0xFF, 0xFF, 0xFF, 0xFF, 0xFF, 0xFF, 0xFF,
    0xFF, 0xFF, 0xFF, 0xFF, 0xFF, 0xFF, 0xFF, 0xFF, 0xFF, 0xFF, 0xFF, 0xFF, 0xFF, 0xFF, 0xFF, 0xFF,
    0xFF, 0xFF, 0xFF, 0xFF, 0xFF, 0xFF, 0xFF, 0xFF, 0xFF, 0xFF, 0xFF, 0xFF, 0xFF, 0xFF, 0xDF, 0xFF,
    0xFF, 0xFF, 0xDF, 0xF7, 0xFF, 0xFF, 0xFE, 0xFF, 0xFD, 0xFF, 0xDD, 0xFF, 0xFF, 0xFF, 0xBF, 0xF7,
    0xDE, 0xFF, 0x37, 0xFF, 0x0A, 0xF6, 0x06, 0xFE, 0xC7, 0xFD, 0xE9, 0xFD, 0xE9, 0xFD, 0x08, 0xFE,
    0x07, 0xFE, 0x08, 0xFE, 0x08, 0xFE, 0x08, 0xFE, 0x08, 0xFE, 0xE8, 0xFD, 0xE7, 0xFD, 0xE7, 0xFD,
    0xE7, 0xFD, 0xE7, 0xFD, 0xE7, 0xFD, 0xE7, 0xFD, 0xE7, 0xFD, 0xE8, 0xFD, 0xE8, 0xFD, 0xE8, 0xFD,
    0xE8, 0xFD, 0x07, 0xFE, 0x08, 0xFE, 0xE8, 0xFD, 0xE8, 0xFD, 0xE5, 0xFD, 0x2C, 0xFE, 0x7A, 0xFF,
    0xFF, 0xFF, 0xFF, 0xFF, 0xDF, 0xFF, 0xFF, 0xFF, 0xDE, 0xFF, 0xFE, 0xFF, 0xFF, 0xFF, 0xFF, 0xFF,
    0xFE, 0xFF, 0xFF, 0xFF, 0xFF, 0xFF, 0xFE, 0xFF, 0xFF, 0xFF, 0xFF, 0xFF, 0xFF, 0xFF, 0xFF, 0xFF,
    0xFF, 0xFF, 0xFF, 0xFF, 0xFF, 0xFF, 0xFF, 0xFF, 0xFF, 0xFF, 0xFF, 0xFF, 0xFF, 0xFF, 0xFF, 0xFF,
    0xFF, 0xFF, 0xFF, 0xFF, 0xFF, 0xFF, 0xFF, 0xFF, 0xFF, 0xFF, 0xFF, 0xFF, 0xFF, 0xFF, 0xFF, 0xFF,
    0xFF, 0xFF, 0xFF, 0xFF, 0xFF, 0xFF, 0xFF, 0xFF, 0xFF, 0xFF, 0xFF, 0xFF, 0xFF, 0xFF, 0xFF, 0xFF,
    0xFF, 0xFF, 0xFF, 0xFF, 0xFF, 0xFF, 0xFF, 0xFF, 0xFF, 0xFF, 0xFF, 0xFF, 0xFF, 0xFF, 0xFF, 0xFF,
    0xFF, 0xFF, 0xFF, 0xFF, 0xFF, 0xFF, 0xFF, 0xFF, 0xFF, 0xFF, 0xFF, 0xFF, 0xFF, 0xFF, 0xFF, 0xFF,
    0xFF, 0xFF, 0xFF, 0xFF, 0xFF, 0xFF, 0xFF, 0xFF, 0xFF, 0xFF, 0xFF, 0xFF, 0xFF, 0xFF, 0xFF, 0xFF,
    0xFF, 0xFF, 0xFF, 0xFF, 0xFF, 0xFF, 0xFF, 0xFF, 0xFF, 0xFF, 0xFF, 0xFF, 0xFF, 0xFF, 0xFF, 0xFF,
    0xFF, 0xFF, 0xFF, 0xFF, 0xFF, 0xFF, 0xFF, 0xFF, 0xDF, 0xF7, 0xFF, 0xFF, 0x17, 0xFF, 0xE7, 0xFD,
    0xE7, 0xFD, 0xE7, 0xFD, 0xE7, 0xFD, 0xE7, 0xFD, 0xE7, 0xFD, 0xE7, 0xFD, 0xE7, 0xFD, 0xE7, 0xFD,
    0xE7, 0xFD, 0xE7, 0xFD, 0xE7, 0xFD, 0xE8, 0xFD, 0xE8, 0xFD, 0xE8, 0xFD, 0xE8, 0xFD, 0x08, 0xFE,
    0x08, 0xFE, 0x08, 0xFE, 0x08, 0xFE, 0xE7, 0xFD, 0xE7, 0xFD, 0xE7, 0xFD, 0xE7, 0xFD, 0xE7, 0xFD,
    0xE7, 0xFD, 0xE7, 0xFD, 0xE7, 0xFD, 0xE6, 0xFD, 0x07, 0xFE, 0x2B, 0xFE, 0xBE, 0xFF, 0xFF, 0xFF,
    0xFF, 0xFF, 0xFF, 0xFF, 0xFF, 0xFF, 0xFF, 0xFF, 0xFF, 0xFF, 0xFF, 0xFF, 0xFF, 0xFF, 0xFF, 0xFF,
    0xFF, 0xFF, 0xFF, 0xFF, 0xFF, 0xFF, 0xFF, 0xFF, 0xFF, 0xFF, 0xFF, 0xFF, 0xFF, 0xFF, 0xFF, 0xFF,
    0xFF, 0xFF, 0xFF, 0xFF, 0xFF, 0xFF, 0xFF, 0xFF, 0xFF, 0xFF, 0xFF, 0xFF, 0xFF, 0xFF, 0xFF, 0xFF,
    0xFF, 0xFF, 0xFF, 0xFF, 0xFF, 0xFF, 0xFF, 0xFF, 0xFF, 0xFF, 0xFF, 0xFF, 0xFF, 0xFF, 0xFF, 0xFF,
    0xFF, 0xFF, 0xFF, 0xFF, 0xFF, 0xFF, 0xFF, 0xFF, 0xFF, 0xFF, 0xFF, 0xFF, 0xFF, 0xFF, 0xFF, 0xFF,
    0xFF, 0xFF, 0xFF, 0xFF, 0xFF, 0xFF, 0xFF, 0xFF, 0xFF, 0xFF, 0xFF, 0xFF, 0xFF, 0xFF, 0xFF, 0xFF,
    0xFF, 0xFF, 0xFF, 0xFF, 0xFF, 0xFF, 0xFF, 0xFF, 0xFF, 0xFF, 0xFF, 0xFF, 0xFF, 0xFF, 0xFF, 0xFF,
    0xFF, 0xFF, 0xFF, 0xFF, 0xFF, 0xFF, 0xFF, 0xFF, 0xFF, 0xFF, 0xFF, 0xFF, 0xFF, 0xFF, 0xFF, 0xFF,
    0xFF, 0xFF, 0xFF, 0xFF, 0xFF, 0xFF, 0xFF, 0xFF, 0xFF, 0xFF, 0xFF, 0xFF, 0xFF, 0xFF, 0xFF, 0xFF,
    0xFF, 0xFF, 0xFF, 0xFF, 0xFD, 0xFF, 0x99, 0xFF, 0x06, 0xEE, 0xE7, 0xFD, 0xE7, 0xFD, 0xE7, 0xFD,
    0xE7, 0xFD, 0xE7, 0xFD, 0xE7, 0xFD, 0xE7, 0xFD, 0xE7, 0xFD, 0xE7, 0xFD, 0xE7, 0xFD, 0xE7, 0xFD,
    0xE7, 0xFD, 0xE8, 0xFD, 0xE8, 0xFD, 0xE8, 0xFD, 0xE8, 0xFD, 0x08, 0xFE, 0x08, 0xFE, 0x08, 0xFE,
    0x08, 0xFE, 0xE7, 0xFD, 0xE7, 0xFD, 0xE7, 0xFD, 0xE7, 0xFD, 0xE7, 0xFD, 0xE7, 0xFD, 0xE7, 0xFD,
    0xE7, 0xFD, 0xE7, 0xFD, 0x08, 0xFE, 0x0A, 0xFE, 0x6B, 0xF6, 0x9F, 0xFF, 0xFF, 0xFF, 0xDE, 0xFF,
    0xFF, 0xFF, 0xFF, 0xFF, 0xFF, 0xFF, 0xFF, 0xFF, 0xFF, 0xFF, 0xFF, 0xFF, 0xFF, 0xFF, 0xFF, 0xFF,
    0xFF, 0xFF, 0xFF, 0xFF, 0xFF, 0xFF, 0xFF, 0xFF, 0xFF, 0xFF, 0xFF, 0xFF, 0xFF, 0xFF, 0xFF, 0xFF,
    0xFF, 0xFF, 0xFF, 0xFF, 0xFF, 0xFF, 0xFF, 0xFF, 0xFF, 0xFF, 0xFF, 0xFF, 0xFF, 0xFF, 0xFF, 0xFF,
    0xFF, 0xFF, 0xFF, 0xFF, 0xFF, 0xFF, 0xFF, 0xFF, 0xFF, 0xFF, 0xFF, 0xFF, 0xFF, 0xFF, 0xFF, 0xFF,
    0xFF, 0xFF, 0xFF, 0xFF, 0xFF, 0xFF, 0xFF, 0xFF, 0xFF, 0xFF, 0xFF, 0xFF, 0xFF, 0xFF, 0xFF, 0xFF,
    0xFF, 0xFF, 0xFF, 0xFF, 0xFF, 0xFF, 0xFF, 0xFF, 0xFF, 0xFF, 0xFF, 0xFF, 0xFF, 0xFF, 0xFF, 0xFF,
    0xFF, 0xFF, 0xFF, 0xFF, 0xFF, 0xFF, 0xFF, 0xFF, 0xFF, 0xFF, 0xFF, 0xFF, 0xFF, 0xFF, 0xFF, 0xFF,
    0xFF, 0xFF, 0xFF, 0xFF, 0xFF, 0xFF, 0xFF, 0xFF, 0xFF, 0xFF, 0xFF, 0xFF, 0xFF, 0xFF, 0xFF, 0xFF,
    0xFF, 0xFF, 0xFF, 0xFF, 0xFF, 0xFF, 0xFF, 0xFF, 0xFF, 0xFF, 0xFF, 0xFF, 0xFF, 0xFF, 0xFF, 0xFF,
    0x9F, 0xFF, 0x4A, 0xF6, 0xE8, 0xFD, 0x07, 0xFE, 0x07, 0xFE, 0x07, 0xFE, 0x07, 0xFE, 0xE7, 0xFD,
    0xE7, 0xFD, 0xE7, 0xFD, 0xE7, 0xFD, 0xE7, 0xFD, 0xE7, 0xFD, 0xE7, 0xFD, 0xE7, 0xFD, 0xE8, 0xFD,
    0xE8, 0xFD, 0xE8, 0xFD, 0xE8, 0xFD, 0x08, 0xFE, 0x08, 0xFE, 0x08, 0xFE, 0x08, 0xFE, 0xE7, 0xFD,
    0xE7, 0xFD, 0xE7, 0xFD, 0xE7, 0xFD, 0xE7, 0xFD, 0xE7, 0xFD, 0xE7, 0xFD, 0xE7, 0xFD, 0xE8, 0xFD,
    0x08, 0xFE, 0x09, 0xFE, 0x08, 0xFE, 0x6D, 0xF6, 0xDF, 0xFF, 0xFF, 0xFF, 0xFF, 0xFF, 0xFF, 0xFF,
    0xFF, 0xFF, 0xFF, 0xFF, 0xFF, 0xFF, 0xFF, 0xFF, 0xFF, 0xFF, 0xFF, 0xFF, 0xFF, 0xFF, 0xFF, 0xFF,
    0xFF, 0xFF, 0xFF, 0xFF, 0xFF, 0xFF, 0xFF, 0xFF, 0xFF, 0xFF, 0xFF, 0xFF, 0xFF, 0xFF, 0xFF, 0xFF,
    0xFF, 0xFF, 0xFF, 0xFF, 0xFF, 0xFF, 0xFF, 0xFF, 0xFF, 0xFF, 0xFF, 0xFF, 0xFF, 0xFF, 0xFF, 0xFF,
    0xFF, 0xFF, 0xFF, 0xFF, 0xFF, 0xFF, 0xFF, 0xFF, 0xFF, 0xFF, 0xFF, 0xFF, 0xFF, 0xFF, 0xFF, 0xFF,
    0xFF, 0xFF, 0xFF, 0xFF, 0xFF, 0xFF, 0xFF, 0xFF, 0xFF, 0xFF, 0xFF, 0xFF, 0xFF, 0xFF, 0xFF, 0xFF,
    0xFF, 0xFF, 0xFF, 0xFF, 0xFF, 0xFF, 0xFF, 0xFF, 0xFF, 0xFF, 0xFF, 0xFF, 0xFF, 0xFF, 0xFF, 0xFF,
    0xFF, 0xFF, 0xFF, 0xFF, 0xFF, 0xFF, 0xFF, 0xFF, 0xFF, 0xFF, 0xFF, 0xFF, 0xFF, 0xFF, 0xFF, 0xFF,
    0xFF, 0xFF, 0xFF, 0xFF, 0xFF, 0xFF, 0xFF, 0xFF, 0xFF, 0xFF, 0xFF, 0xFF, 0xFF, 0xFF, 0xFF, 0xFF,
    0xFF, 0xFF, 0xFF, 0xFF, 0xFF, 0xFF, 0xFF, 0xFF, 0xFF, 0xFF, 0xFF, 0xFF, 0x3B, 0xFF, 0xE6, 0xF5,
    0xEA, 0xFD, 0xE8, 0xFD, 0xE8, 0xFD, 0xE8, 0xFD, 0xE8, 0xFD, 0xE7, 0xFD, 0xE7, 0xFD, 0xE7, 0xFD,
    0xE7, 0xFD, 0xE7, 0xFD, 0xE7, 0xFD, 0xE7, 0xFD, 0xE7, 0xFD, 0xE8, 0xFD, 0xE8, 0xFD, 0xE8, 0xFD,
    0xE8, 0xFD, 0x08, 0xFE, 0x08, 0xFE, 0x08, 0xFE, 0x08, 0xFE, 0xE7, 0xFD, 0xE7, 0xFD, 0xE7, 0xFD,
    0xE7, 0xFD, 0xE7, 0xFD, 0xE7, 0xFD, 0xE7, 0xFD, 0xE7, 0xFD, 0x08, 0xFE, 0x08, 0xFE, 0x09, 0xFE,
    0x0A, 0xFE, 0x06, 0xEE, 0x5B, 0xFF, 0xFF, 0xFF, 0xFF, 0xFF, 0xFF, 0xFF, 0xFF, 0xFF, 0xFF, 0xFF,
    0xFF, 0xFF, 0xFF, 0xFF, 0xFF, 0xFF, 0xFF, 0xFF, 0xFF, 0xFF, 0xFF, 0xFF, 0xFF, 0xFF, 0xFF, 0xFF,
    0xFF, 0xFF, 0xFF, 0xFF, 0xFF, 0xFF, 0xFF, 0xFF, 0xFF, 0xFF, 0xFF, 0xFF, 0xFF, 0xFF, 0xFF, 0xFF,
    0xFF, 0xFF, 0xFF, 0xFF, 0xFF, 0xFF, 0xFF, 0xFF, 0xFF, 0xFF, 0xFF, 0xFF, 0xFF, 0xFF, 0xFF, 0xFF,
    0xFF, 0xFF, 0xFF, 0xFF, 0xFF, 0xFF, 0xFF, 0xFF, 0xFF, 0xFF, 0xFF, 0xFF, 0xFF, 0xFF, 0xFF, 0xFF,
    0xFF, 0xFF, 0xFF, 0xFF, 0xFF, 0xFF, 0xFF, 0xFF, 0xFF, 0xFF, 0xFF, 0xFF, 0xFF, 0xFF, 0xFF, 0xFF,
    0xFF, 0xFF, 0xFF, 0xFF, 0xFF, 0xFF, 0xFF, 0xFF, 0xFF, 0xFF, 0xFF, 0xFF, 0xFF, 0xFF, 0xFF, 0xFF,
    0xFF, 0xFF, 0xFF, 0xFF, 0xFF, 0xFF, 0xFF, 0xFF, 0xFF, 0xFF, 0xFF, 0xFF, 0xFF, 0xFF, 0xFF, 0xFF,
    0xFF, 0xFF, 0xFF, 0xFF, 0xFF, 0xFF, 0xFF, 0xFF, 0xFF, 0xFF, 0xFF, 0xFF, 0xFF, 0xFF, 0xFF, 0xFF,
    0xFF, 0xFF, 0xFF, 0xFF, 0xFF, 0xFF, 0xFF, 0xFF, 0x47, 0xEE, 0x0A, 0xFE, 0x07, 0xF6, 0xE8, 0xFD,
    0xE8, 0xFD, 0xE8, 0xFD, 0xE8, 0xFD, 0xE7, 0xFD, 0xE7, 0xFD, 0xE7, 0xFD, 0xE7, 0xFD, 0xE7, 0xFD,
    0xE7, 0xFD, 0xE7, 0xFD, 0xE7, 0xFD, 0xE8, 0xFD, 0xE8, 0xFD, 0xE8, 0xFD, 0xE8, 0xFD, 0x08, 0xFE,
    0x08, 0xFE, 0x08, 0xFE, 0x08, 0xFE, 0xE7, 0xFD, 0xE7, 0xFD, 0xE7, 0xFD, 0xE7, 0xFD, 0xE7, 0xFD,
    0xE7, 0xFD, 0xE7, 0xFD, 0xE7, 0xFD, 0x08, 0xFE, 0x09, 0xFE, 0x08, 0xFE, 0xE8, 0xF5, 0x07, 0xFE,
    0x4C, 0xFE, 0xDE, 0xFF, 0xFF, 0xFF, 0xFF, 0xFF, 0xFF, 0xFF, 0xFF, 0xFF, 0xFF, 0xFF, 0xFF, 0xFF,
    0xFF, 0xFF, 0xFF, 0xFF, 0xFF, 0xFF, 0xFF, 0xFF, 0xFF, 0xFF, 0xFF, 0xFF, 0xFF, 0xFF, 0xFF, 0xFF,
    0xFF, 0xFF, 0xFF, 0xFF, 0xFF, 0xFF, 0xFF, 0xFF, 0xFF, 0xFF, 0xFF, 0xFF, 0xFF, 0xFF, 0xFF, 0xFF,
    0xFF, 0xFF, 0xFF, 0xFF, 0xFF, 0xFF, 0xFF, 0xFF, 0xFF, 0xFF, 0xFF, 0xFF, 0xFF, 0xFF, 0xFF, 0xFF,
    0xFF, 0xFF, 0xFF, 0xFF, 0xFF, 0xFF, 0xFF, 0xFF, 0xFF, 0xFF, 0xFF, 0xFF, 0xFF, 0xFF, 0xFF, 0xFF,
    0xFF, 0xFF, 0xFF, 0xFF, 0xFF, 0xFF, 0xFF, 0xFF, 0xFF, 0xFF, 0xFF, 0xFF, 0xFF, 0xFF, 0xFF, 0xFF,
    0xFF, 0xFF, 0xFF, 0xFF, 0xFF, 0xFF, 0xFF, 0xFF, 0xFF, 0xFF, 0xFF, 0xFF, 0xFF, 0xFF, 0xFF, 0xFF,
    0xFF, 0xFF, 0xFF, 0xFF, 0xFF, 0xFF, 0xFF, 0xFF, 0xFF, 0xFF, 0xFF, 0xFF, 0xFF, 0xFF, 0xFF, 0xFF,
    0xFF, 0xFF, 0xFF, 0xFF, 0xFF, 0xFF, 0xFF, 0xFF, 0xFF, 0xFF, 0xFF, 0xFF, 0xFF, 0xFF, 0xFF, 0xFF,
    0xFF, 0xFF, 0x7D, 0xFF, 0xE9, 0xF5, 0x07, 0xFE, 0xE8, 0xFD, 0x08, 0xFE, 0x08, 0xFE, 0x08, 0xFE,
    0x08, 0xFE, 0xE7, 0xFD, 0xE7, 0xFD, 0xE7, 0xFD, 0xE7, 0xFD, 0x08, 0xFE, 0x08, 0xFE, 0x08, 0xFE,
    0x08, 0xFE, 0x08, 0xFE, 0x08, 0xFE, 0x08, 0xFE, 0x08, 0xFE, 0x08, 0xFE, 0x08, 0xFE, 0x08, 0xFE,
    0x08, 0xFE, 0x08, 0xFE, 0xE7, 0xFD, 0xE7, 0xFD, 0x08, 0xFE, 0x26, 0xFE, 0x08, 0xFE, 0xE9, 0xFD,
    0xCA, 0xFD, 0xE9, 0xFD, 0xE7, 0xFD, 0xE5, 0xFD, 0x05, 0xFE, 0x07, 0xFE, 0xE4, 0xFD, 0x54, 0xFF,
    0xFF, 0xFF, 0xFF, 0xFF, 0xFF, 0xFF, 0xFF, 0xFF, 0xFF, 0xFF, 0xFF, 0xFF, 0xFF, 0xFF, 0xFF, 0xFF,
    0xFF, 0xFF, 0xFF, 0xFF, 0xFF, 0xFF, 0xFF, 0xFF, 0xFF, 0xFF, 0xFF, 0xFF, 0xFF, 0xFF, 0xFF, 0xFF,
    0xFF, 0xFF, 0xFF, 0xFF, 0xFF, 0xFF, 0xFF, 0xFF, 0xFF, 0xFF, 0xFF, 0xFF, 0xFF, 0xFF, 0xFF, 0xFF,
    0xFF, 0xFF, 0xFF, 0xFF, 0xFF, 0xFF, 0xFF, 0xFF, 0xFF, 0xFF, 0xFF, 0xFF, 0xFF, 0xFF, 0xFF, 0xFF,
    0xFF, 0xFF, 0xFF, 0xFF, 0xFF, 0xFF, 0xFF, 0xFF, 0xFF, 0xFF, 0xFF, 0xFF, 0xFF, 0xFF, 0xFF, 0xFF,
    0xFF, 0xFF, 0xFF, 0xFF, 0xFF, 0xFF, 0xFF, 0xFF, 0xFF, 0xFF, 0xFF, 0xFF, 0xFF, 0xFF, 0xFF, 0xFF,
    0xFF, 0xFF, 0xFF, 0xFF, 0xFF, 0xFF, 0xFF, 0xFF, 0xFF, 0xFF, 0xFF, 0xFF, 0xFF, 0xFF, 0xFF, 0xFF,
    0xFF, 0xFF, 0xFF, 0xFF, 0xFF, 0xFF, 0xFF, 0xFF, 0xFF, 0xFF, 0xFF, 0xFF, 0xFF, 0xFF, 0xFF, 0xFF,
    0xFF, 0xFF, 0xFF, 0xFF, 0xFF, 0xFF, 0xFF, 0xFF, 0xFE, 0xFF, 0xDF, 0xFF, 0xDF, 0xFF, 0xAD, 0xF6,
    0xE7, 0xFD, 0x07, 0xFE, 0x08, 0xFE, 0x08, 0xFE, 0x08, 0xFE, 0x08, 0xFE, 0x08, 0xFE, 0xE8, 0xFD,
    0xE8, 0xFD, 0xE8, 0xFD, 0xE8, 0xFD, 0x08, 0xFE, 0x08, 0xFE, 0x08, 0xFE, 0x08, 0xFE, 0x08, 0xFE,
    0x08, 0xFE, 0x08, 0xFE, 0x08, 0xFE, 0x08, 0xFE, 0x08, 0xFE, 0x08, 0xFE, 0x08, 0xFE, 0x08, 0xFE,
    0xE8, 0xFD, 0x08, 0xFE, 0x08, 0xFE, 0xCA, 0xFD, 0xE5, 0xFD, 0x24, 0xFE, 0x46, 0xFE, 0x2A, 0xF6,
    0x8F, 0xFE, 0xB4, 0xFE, 0x14, 0xFF, 0x38, 0xFF, 0xF6, 0xFE, 0x7B, 0xFF, 0xFF, 0xFF, 0xFF, 0xFF,
    0xFF, 0xFF, 0xFF, 0xFF, 0xFF, 0xFF, 0xFF, 0xFF, 0xFF, 0xFF, 0xFF, 0xFF, 0xFF, 0xFF, 0xFF, 0xFF,
    0xFF, 0xFF, 0xFF, 0xFF, 0xFF, 0xFF, 0xFF, 0xFF, 0xFF, 0xFF, 0xFF, 0xFF, 0xFF, 0xFF, 0xFF, 0xFF,
    0xFF, 0xFF, 0xFF, 0xFF, 0xFF, 0xFF, 0xFF, 0xFF, 0xFF, 0xFF, 0xFF, 0xFF, 0xFF, 0xFF, 0xFF, 0xFF,
    0xFF, 0xFF, 0xFF, 0xFF, 0xFF, 0xFF, 0xFF, 0xFF, 0xFF, 0xFF, 0xFF, 0xFF, 0xFF, 0xFF, 0xFF, 0xFF,
    0xFF, 0xFF, 0xFF, 0xFF, 0xFF, 0xFF, 0xFF, 0xFF, 0xFF, 0xFF, 0xFF, 0xFF, 0xFF, 0xFF, 0xFF, 0xFF,
    0xFF, 0xFF, 0xFF, 0xFF, 0xFF, 0xFF, 0xFF, 0xFF, 0xFF, 0xFF, 0xFF, 0xFF, 0xFF, 0xFF, 0xFF, 0xFF,
    0xFF, 0xFF, 0xFF, 0xFF, 0xFF, 0xFF, 0xFF, 0xFF, 0xFF, 0xFF, 0xFF, 0xFF, 0xFF, 0xFF, 0xFF, 0xFF,
    0xFF, 0xFF, 0xFF, 0xFF, 0xFF, 0xFF, 0xFF, 0xFF, 0xFF, 0xFF, 0xFF, 0xFF, 0xFF, 0xFF, 0xFF, 0xFF,
    0xFF, 0xFF, 0xFF, 0xFF, 0xFE, 0xFF, 0xFF, 0xFF, 0x7A, 0xFF, 0xE6, 0xFD, 0x08, 0xFE, 0xE7, 0xF5,
    0x08, 0xFE, 0x08, 0xFE, 0x08, 0xFE, 0x08, 0xFE, 0x08, 0xFE, 0x08, 0xFE, 0x08, 0xFE, 0x08, 0xFE,
    0x08, 0xFE, 0x08, 0xFE, 0x08, 0xFE, 0x08, 0xFE, 0x08, 0xFE, 0x08, 0xFE, 0x08, 0xFE, 0x08, 0xFE,
    0x08, 0xFE, 0x08, 0xFE, 0x08, 0xFE, 0x08, 0xFE, 0x08, 0xFE, 0xE8, 0xFD, 0xE8, 0xFD, 0x08, 0xFE,
    0x09, 0xFE, 0x26, 0xFE, 0x4B, 0xFE, 0xB4, 0xFE, 0x19, 0xFF, 0xDE, 0xFF, 0xFE, 0xFF, 0xFE, 0xFF,
    0xDE, 0xF7, 0xFF, 0xEF, 0xDF, 0xFF, 0xDE, 0xF7, 0xFF, 0xFF, 0xFF, 0xFF, 0xFF, 0xFF, 0xFF, 0xFF,
    0xFF, 0xFF, 0xFF, 0xFF, 0xFF, 0xFF, 0xFF, 0xFF, 0xFF, 0xFF, 0xFF, 0xFF, 0xFF, 0xFF, 0xFF, 0xFF,
    0xFF, 0xFF, 0xFF, 0xFF, 0xFF, 0xFF, 0xFF, 0xFF, 0xFF, 0xFF, 0xFF, 0xFF, 0xFF, 0xFF, 0xFF, 0xFF,
    0xFF, 0xFF, 0xFF, 0xFF, 0xFF, 0xFF, 0xFF, 0xFF, 0xFF, 0xFF, 0xFF, 0xFF, 0xFF, 0xFF, 0xFF, 0xFF,
    0xFF, 0xFF, 0xFF, 0xFF, 0xFF, 0xFF, 0xFF, 0xFF, 0xFF, 0xFF, 0xFF, 0xFF, 0xFF, 0xFF, 0xFF, 0xFF,
    0xFF, 0xFF, 0xFF, 0xFF, 0xFF, 0xFF, 0xFF, 0xFF, 0xFF, 0xFF, 0xFF, 0xFF, 0xFF, 0xFF, 0xFF, 0xFF,
    0xFF, 0xFF, 0xFF, 0xFF, 0xFF, 0xFF, 0xFF, 0xFF, 0xFF, 0xFF, 0xFF, 0xFF, 0xFF, 0xFF, 0xFF, 0xFF,
    0xFF, 0xFF, 0xFF, 0xFF, 0xFF, 0xFF, 0xFF, 0xFF, 0xFF, 0xFF, 0xFF, 0xFF, 0xFF, 0xFF, 0xFF, 0xFF,
    0xFF, 0xFF, 0xFF, 0xFF, 0xFF, 0xFF, 0xFF, 0xFF, 0xFF, 0xFF, 0xFF, 0xFF, 0xFF, 0xFF, 0xFF, 0xFF,
    0xBF, 0xFF, 0xFF, 0xFF, 0xEF, 0xEE, 0xA8, 0xFD, 0x09, 0xFE, 0xE8, 0xFD, 0xE8, 0xFD, 0x08, 0xFE,
    0x08, 0xFE, 0x08, 0xFE, 0x08, 0xFE, 0x08, 0xFE, 0x08, 0xFE, 0x08, 0xFE, 0x08, 0xFE, 0x08, 0xFE,
    0x08, 0xFE, 0x08, 0xFE, 0x08, 0xFE, 0x08, 0xFE, 0x08, 0xFE, 0x08, 0xFE, 0x08, 0xFE, 0x08, 0xFE,
    0x08, 0xFE, 0x08, 0xFE, 0x08, 0xFE, 0xE8, 0xFD, 0xE8, 0xFD, 0x09, 0xFE, 0x29, 0xFE, 0x7A, 0xFF,
    0xFF, 0xFF, 0xFF, 0xF7, 0xFC, 0xEF, 0xFE, 0xFF, 0xFF, 0xFF, 0xDF, 0xFF, 0xBF, 0xFF, 0xFE, 0xF7,
    0xDF, 0xFF, 0xBF, 0xFF, 0xFF, 0xFF, 0xFF, 0xFF, 0xFF, 0xFF, 0xFF, 0xFF, 0xFF, 0xFF, 0xFF, 0xFF,
    0xFF, 0xFF, 0xFF, 0xFF, 0xFF, 0xFF, 0xFF, 0xFF, 0xFF, 0xFF, 0xFF, 0xFF, 0xFF, 0xFF, 0xFF, 0xFF,
    0xFF, 0xFF, 0xFF, 0xFF, 0xFF, 0xFF, 0xFF, 0xFF, 0xFF, 0xFF, 0xFF, 0xFF, 0xFF, 0xFF, 0xFF, 0xFF,
    0xFF, 0xFF, 0xFF, 0xFF, 0xFF, 0xFF, 0xFF, 0xFF, 0xFF, 0xFF, 0xFF, 0xFF, 0xFF, 0xFF, 0xFF, 0xFF,
    0xFF, 0xFF, 0xFF, 0xFF, 0xFF, 0xFF, 0xFF, 0xFF, 0xFF, 0xFF, 0xFF, 0xFF, 0xFF, 0xFF, 0xFF, 0xFF,
    0xFF, 0xFF, 0xFF, 0xFF, 0xFF, 0xFF, 0xFF, 0xFF, 0xFF, 0xFF, 0xFF, 0xFF, 0xFF, 0xFF, 0xFF, 0xFF,
    0xFF, 0xFF, 0xFF, 0xFF, 0xFF, 0xFF, 0xFF, 0xFF, 0xFF, 0xFF, 0xFF, 0xFF, 0xFF, 0xFF, 0xFF, 0xFF,
    0xFF, 0xFF, 0xFF, 0xFF, 0xFF, 0xFF, 0xFF, 0xFF, 0xFF, 0xFF, 0xFF, 0xFF, 0xFF, 0xFF, 0xFF, 0xFF,
    0xFF, 0xFF, 0xFF, 0xFF, 0xFF, 0xFF, 0xFF, 0xFF, 0xFF, 0xFF, 0xFF, 0xFF, 0xFE, 0xFF, 0x9F, 0xFF,
    0x66, 0xFE, 0xEA, 0xFD, 0x08, 0xFE, 0x08, 0xFE, 0x08, 0xFE, 0x08, 0xFE, 0x08, 0xFE, 0x08, 0xFE,
    0x08, 0xFE, 0x08, 0xFE, 0x08, 0xFE, 0x08, 0xFE, 0x08, 0xFE, 0xE7, 0xFD, 0xE7, 0xFD, 0xE7, 0xFD,
    0xE7, 0xFD, 0xE7, 0xFD, 0xE7, 0xFD, 0xE7, 0xFD, 0xE7, 0xFD, 0xE7, 0xFD, 0x09, 0xFE, 0xE8, 0xFD,
    0x07, 0xFE, 0xE9, 0xFD, 0x8F, 0xFE, 0x78, 0xFF, 0xDE, 0xFF, 0xDF, 0xFF, 0xFF, 0xFF, 0xFF, 0xFF,
    0xFF, 0xFF, 0x9E, 0xF7, 0x5D, 0xEF, 0x1C, 0xE7, 0xFC, 0xDE, 0xFC, 0xDE, 0xFC, 0xDE, 0xFC, 0xDE,
    0xFB, 0xDE, 0x1C, 0xDF, 0x5D, 0xE7, 0x7E, 0xEF, 0xBF, 0xF7, 0xFF, 0xFF, 0xFF, 0xFF, 0xFF, 0xFF,
    0xFF, 0xFF, 0xFF, 0xFF, 0xFF, 0xFF, 0xFF, 0xFF, 0xFF, 0xFF, 0xFF, 0xFF, 0xFF, 0xFF, 0xFF, 0xFF,
    0xFF, 0xFF, 0xFF, 0xFF, 0xFF, 0xFF, 0xFF, 0xFF, 0xFF, 0xFF, 0xFF, 0xFF, 0xFF, 0xFF, 0xFF, 0xFF,
    0xFF, 0xFF, 0xFF, 0xFF, 0xFF, 0xFF, 0xFF, 0xFF, 0xFF, 0xFF, 0xFF, 0xFF, 0xFF, 0xFF, 0xFF, 0xFF,
    0xFF, 0xFF, 0xFF, 0xFF, 0xFF, 0xFF, 0xFF, 0xFF, 0xFF, 0xFF, 0xFF, 0xFF, 0xFF, 0xFF, 0xFF, 0xFF,
    0xFF, 0xFF, 0xFF, 0xFF, 0xFF, 0xFF, 0xFF, 0xFF, 0xFF, 0xFF, 0xFF, 0xFF, 0xFF, 0xFF, 0xFF, 0xFF,
    0xFF, 0xFF, 0xFF, 0xFF, 0xFF, 0xFF, 0xFF, 0xFF, 0xFF, 0xFF, 0xFF, 0xFF, 0xFF, 0xFF, 0xFF, 0xFF,
    0xFF, 0xFF, 0xFF, 0xFF, 0xFF, 0xFF, 0xFF, 0xFF, 0xFF, 0xFF, 0xFF, 0xFF, 0xFF, 0xFF, 0xFF, 0xFF,
    0xFF, 0xFF, 0xFF, 0xFF, 0xFF, 0xFF, 0xFF, 0xFF, 0xFF, 0xFF, 0x57, 0xFF, 0xE6, 0xFD, 0xE9, 0xFD,
    0x08, 0xFE, 0x08, 0xFE, 0x08, 0xFE, 0x08, 0xFE, 0x08, 0xFE, 0x08, 0xFE, 0x08, 0xFE, 0x08, 0xFE,
    0x08, 0xFE, 0x08, 0xFE, 0x08, 0xFE, 0xE8, 0xFD, 0xE8, 0xFD, 0xE8, 0xFD, 0xE8, 0xFD, 0xE8, 0xFD,
    0xE7, 0xFD, 0xE7, 0xFD, 0xE7, 0xFD, 0x07, 0xFE, 0xA7, 0xFD, 0xC8, 0xFD, 0x8B, 0xF6, 0x56, 0xFF,
    0xDF, 0xFF, 0xFF, 0xFF, 0xDF, 0xFF, 0xFF, 0xFF, 0x9E, 0xF7, 0x3D, 0xE7, 0xDB, 0xDE, 0x9B, 0xD6,
    0x7B, 0xCE, 0x7B, 0xCE, 0x9B, 0xD6, 0x9B, 0xD6, 0x9B, 0xD6, 0x9B, 0xD6, 0x7B, 0xCE, 0x7B, 0xCE,
    0x7B, 0xCE, 0x9B, 0xCE, 0xDB, 0xD6, 0x1C, 0xE7, 0x9E, 0xF7, 0xFF, 0xFF, 0xFF, 0xFF, 0xDF, 0xFF,
    0xFF, 0xFF, 0xFF, 0xFF, 0xFF, 0xFF, 0xFF, 0xFF, 0xFF, 0xFF, 0xFF, 0xFF, 0xFF, 0xFF, 0xFF, 0xFF,
    0xFF, 0xFF, 0xFF, 0xFF, 0xFF, 0xFF, 0xFF, 0xFF, 0xFF, 0xFF, 0xFF, 0xFF, 0xFF, 0xFF, 0xFF, 0xFF,
    0xFF, 0xFF, 0xFF, 0xFF, 0xFF, 0xFF, 0xFF, 0xFF, 0xFF, 0xFF, 0xFF, 0xFF, 0xFF, 0xFF, 0xFF, 0xFF,
    0xFF, 0xFF, 0xFF, 0xFF, 0xFF, 0xFF, 0xFF, 0xFF, 0xFF, 0xFF, 0xFF, 0xFF, 0xFF, 0xFF, 0xFF, 0xFF,
    0xFF, 0xFF, 0xFF, 0xFF, 0xFF, 0xFF, 0xFF, 0xFF, 0xFF, 0xFF, 0xFF, 0xFF, 0xFF, 0xFF, 0xFF, 0xFF,
    0xFF, 0xFF, 0xFF, 0xFF, 0xFF, 0xFF, 0xFF, 0xFF, 0xFF, 0xFF, 0xFF, 0xFF, 0xFF, 0xFF, 0xFF, 0xFF,
    0xFF, 0xFF, 0xFF, 0xFF, 0xFF, 0xFF, 0xFF, 0xFF, 0xFF, 0xFF, 0xFF, 0xFF, 0xFF, 0xFF, 0xFF, 0xFF,
    0xFF, 0xFF, 0xDF, 0xFF, 0xFF, 0xFF, 0xCE, 0xFE, 0xC8, 0xFD, 0x07, 0xFE, 0x08, 0xFE, 0x08, 0xFE,
    0x08, 0xFE, 0x08, 0xFE, 0x08, 0xFE, 0x08, 0xFE, 0x08, 0xFE, 0x08, 0xFE, 0x08, 0xFE, 0x08, 0xFE,
    0x08, 0xFE, 0x08, 0xFE, 0x08, 0xFE, 0x08, 0xFE, 0x08, 0xFE, 0x08, 0xFE, 0xE8, 0xFD, 0xE7, 0xFD,
    0xE7, 0xFD, 0xC8, 0xF5, 0x06, 0xF6, 0xF1, 0xFE, 0xBD, 0xFF, 0xBF, 0xFF, 0xFD, 0xFF, 0xFD, 0xF7,
    0xBE, 0xF7, 0xDC, 0xDE, 0x9B, 0xCE, 0x9B, 0xCE, 0x9B, 0xD6, 0xBB, 0xCE, 0xBB, 0xCE, 0xBB, 0xCE,
    0x9B, 0xCE, 0x9B, 0xCE, 0x9B, 0xCE, 0x9B, 0xCE, 0x9B, 0xD6, 0x9B, 0xD6, 0xBC, 0xD6, 0xBC, 0xD6,
    0xBB, 0xD6, 0x9B, 0xCE, 0xBB, 0xD6, 0xFC, 0xDE, 0xDF, 0xFF, 0xFF, 0xFF, 0xFF, 0xFF, 0xFF, 0xFF,
    0xFF, 0xFF, 0xFF, 0xFF, 0xFF, 0xFF, 0xFF, 0xFF, 0xFF, 0xFF, 0xFF, 0xFF, 0xFF, 0xFF, 0xFF, 0xFF,
    0xFF, 0xFF, 0xFF, 0xFF, 0xFF, 0xFF, 0xFF, 0xFF, 0xFF, 0xFF, 0xFF, 0xFF, 0xFF, 0xFF, 0xFF, 0xFF,
    0xFF, 0xFF, 0xFF, 0xFF, 0xFF, 0xFF, 0xFF, 0xFF, 0xFF, 0xFF, 0xFF, 0xFF, 0xFF, 0xFF, 0xFF, 0xFF,
    0xFF, 0xFF, 0xFF, 0xFF, 0xFF, 0xFF, 0xFF, 0xFF, 0xFF, 0xFF, 0xFF, 0xFF, 0xFF, 0xFF, 0xFF, 0xFF,
    0xFF, 0xFF, 0xFF, 0xFF, 0xFF, 0xFF, 0xFF, 0xFF, 0xFF, 0xFF, 0xFF, 0xFF, 0xFF, 0xFF, 0xFF, 0xFF,
    0xFF, 0xFF, 0xFF, 0xFF, 0xFF, 0xFF, 0xFF, 0xFF, 0xFF, 0xFF, 0xFF, 0xFF, 0xFF, 0xFF, 0xFF, 0xFF,
    0xFF, 0xFF, 0xFF, 0xFF, 0xFF, 0xFF, 0xFF, 0xFF, 0xFF, 0xFF, 0xFF, 0xFF, 0xDF, 0xFF, 0xDF, 0xFF,
    0xFF, 0xFF, 0x8B, 0xF6, 0xC8, 0xFD, 0x06, 0xF6, 0x08, 0xFE, 0x08, 0xFE, 0x08, 0xFE, 0x08, 0xFE,
    0x08, 0xFE, 0x08, 0xFE, 0x08, 0xFE, 0x08, 0xFE, 0x08, 0xFE, 0x08, 0xFE, 0x08, 0xFE, 0x08, 0xFE,
    0x08, 0xFE, 0x08, 0xFE, 0x08, 0xFE, 0x08, 0xFE, 0xE8, 0xFD, 0xE7, 0xFD, 0xE7, 0xFD, 0xC6, 0xF5,
    0x8F, 0xFE, 0xBA, 0xFF, 0xFF, 0xFF, 0xDF, 0xFF, 0xFF, 0xFF, 0x9D, 0xEF, 0x3C, 0xD7, 0x9B, 0xCE,
    0x7B, 0xCE, 0x9B, 0xCE, 0xBC, 0xD6, 0xBB, 0xCE, 0xBB, 0xCE, 0x9B, 0xCE, 0x9B, 0xD6, 0x9B, 0xD6,
    0x9B, 0xD6, 0x9B, 0xD6, 0x9B, 0xCE, 0x9B, 0xCE, 0xBB, 0xD6, 0xBB, 0xD6, 0xBB, 0xD6, 0xBB, 0xD6,
    0xBB, 0xCE, 0xBB, 0xD6, 0x1C, 0xE7, 0xDF, 0xFF, 0xFF, 0xFF, 0xFF, 0xFF, 0xFF, 0xFF, 0xFF, 0xFF,
    0xFF, 0xFF, 0xFF, 0xFF, 0xFF, 0xFF, 0xFF, 0xFF, 0xFF, 0xFF, 0xFF, 0xFF, 0xFF, 0xFF, 0xFF, 0xFF,
    0xFF, 0xFF, 0xFF, 0xFF, 0xFF, 0xFF, 0xFF, 0xFF, 0xFF, 0xFF, 0xFF, 0xFF, 0xFF, 0xFF, 0xFF, 0xFF,
    0xFF, 0xFF, 0xFF, 0xFF, 0xFF, 0xFF, 0xFF, 0xFF, 0xFF, 0xFF, 0xFF, 0xFF, 0xFF, 0xFF, 0xFF, 0xFF,
    0xFF, 0xFF, 0xFF, 0xFF, 0xFF, 0xFF, 0xFF, 0xFF, 0xFF, 0xFF, 0xFF, 0xFF, 0xFF, 0xFF, 0xFF, 0xFF,
    0xFF, 0xFF, 0xFF, 0xFF, 0xFF, 0xF7, 0xBD, 0xFF, 0xFF, 0xFF, 0xDF, 0xFF, 0xFF, 0xF7, 0xFD, 0xF7,
    0xFD, 0xFF, 0xFD, 0xFF, 0xFD, 0xF7, 0xFD, 0xF7, 0xFE, 0xFF, 0xFE, 0xFF, 0xFD, 0xFF, 0xFD, 0xFF,
    0xFD, 0xF7, 0xFE, 0xF7, 0xFF, 0xF7, 0xFF, 0xFF, 0xBE, 0xFF, 0xFF, 0xFF, 0xFC, 0xFF, 0x08, 0xFE,
    0xE8, 0xF5, 0xE7, 0xFD, 0x08, 0xFE, 0x08, 0xFE, 0x08, 0xFE, 0x08, 0xFE, 0x08, 0xFE, 0x08, 0xFE,
    0x08, 0xFE, 0x08, 0xFE, 0x08, 0xFE, 0x08, 0xFE, 0x08, 0xFE, 0xE8, 0xFD, 0xE8, 0xFD, 0xE8, 0xFD,
    0xE8, 0xFD, 0x05, 0xFE, 0xA9, 0xF5, 0x25, 0xFE, 0xA5, 0xFD, 0xEF, 0xFE, 0xFE, 0xFF, 0xDF, 0xFF,
    0xFF, 0xFF, 0xDF, 0xFF, 0x1D, 0xDF, 0xBB, 0xD6, 0xBB, 0xD6, 0xBB, 0xCE, 0xBB, 0xCE, 0xBB, 0xCE,
    0xBB, 0xCE, 0x9B, 0xD6, 0x9B, 0xD6, 0x9B, 0xD6, 0xBB, 0xD6, 0xBB, 0xD6, 0xBB, 0xD6, 0xBB, 0xD6,
    0xBB, 0xD6, 0xBB, 0xD6, 0xBB, 0xD6, 0xBB, 0xD6, 0x9B, 0xD6, 0x9B, 0xD6, 0x9B, 0xD6, 0x9B, 0xD6,
    0xDB, 0xD6, 0xBB, 0xD6, 0xBF, 0xF7, 0xFF, 0xFF, 0xFF, 0xFF, 0xFF, 0xFF, 0xFF, 0xFF, 0xFF, 0xFF,
    0xFF, 0xFF, 0xFF, 0xFF, 0xFF, 0xFF, 0xFF, 0xFF, 0xFF, 0xFF, 0xFF, 0xFF, 0xFF, 0xFF, 0xFF, 0xFF,
    0xFF, 0xFF, 0xFF, 0xFF, 0xFF, 0xFF, 0xFF, 0xFF, 0xFF, 0xFF, 0xFF, 0xFF, 0xFF, 0xFF, 0xFF, 0xFF,
    0xFF, 0xFF, 0xFF, 0xFF, 0xFF, 0xFF, 0xFF, 0xFF, 0xFF, 0xFF, 0xFF, 0xFF, 0xFF, 0xFF, 0xFF, 0xFF,
    0xFF, 0xFF, 0xFF, 0xFF, 0xFF, 0xFF, 0xFF, 0xFF, 0xFF, 0xFF, 0xFF, 0xFF, 0xFF, 0xFF, 0xFF, 0xFF,
    0xFF, 0xFF, 0xFF, 0xFF, 0xFF, 0xF7, 0xFF, 0xFF, 0x39, 0xFF, 0xB5, 0xFE, 0x72, 0xF6, 0x72, 0xFE,
    0x91, 0xFE, 0x91, 0xFE, 0x92, 0xFE, 0x92, 0xFE, 0xB4, 0xFE, 0x92, 0xF6, 0xB4, 0xFE, 0x36, 0xFF,
    0xFE, 0xFF, 0xDF, 0xF7, 0xFF, 0xFF, 0xDF, 0xF7, 0xDB, 0xFF, 0x08, 0xFE, 0xE8, 0xFD, 0x07, 0xFE,
    0x08, 0xFE, 0x08, 0xFE, 0x08, 0xFE, 0x08, 0xFE, 0x08, 0xFE, 0x08, 0xFE, 0x08, 0xFE, 0x08, 0xFE,
    0x08, 0xFE, 0x08, 0xFE, 0x08, 0xFE, 0xE8, 0xFD, 0xE8, 0xFD, 0xE8, 0xFD, 0xE8, 0xFD, 0x08, 0xFE,
    0x07, 0xFE, 0xC6, 0xED, 0xF2, 0xFE, 0xDF, 0xFF, 0xDF, 0xFF, 0xFF, 0xFF, 0x9D, 0xF7, 0xBB, 0xD6,
    0x9B, 0xCE, 0x9B, 0xCE, 0xBB, 0xD6, 0xBB, 0xCE, 0xBB, 0xCE, 0xBB, 0xCE, 0xBB, 0xCE, 0x9B, 0xD6,
    0x9B, 0xD6, 0x9B, 0xD6, 0xBB, 0xD6, 0xBB, 0xD6, 0xBB, 0xD6, 0xBB, 0xD6, 0xBB, 0xD6, 0xBB, 0xD6,
    0xBB, 0xD6, 0xBB, 0xD6, 0x9B, 0xD6, 0x9B, 0xD6, 0x9B, 0xD6, 0x9B, 0xD6, 0x9B, 0xCE, 0x9A, 0xCE,
    0xBB, 0xD6, 0x9F, 0xEF, 0xFF, 0xFF, 0xDF, 0xFF, 0xFF, 0xFF, 0xFF, 0xFF, 0xFF, 0xFF, 0xFF, 0xFF,
    0xFF, 0xFF, 0xFF, 0xFF, 0xFF, 0xFF, 0xFF, 0xFF, 0xFF, 0xFF, 0xFF, 0xFF, 0xFF, 0xFF, 0xFF, 0xFF,
    0xFF, 0xFF, 0xFF, 0xFF, 0xFF, 0xFF, 0xFF, 0xFF, 0xFF, 0xFF, 0xFF, 0xFF, 0xFF, 0xFF, 0xFF, 0xFF,
    0xFF, 0xFF, 0xFF, 0xFF, 0xFF, 0xFF, 0xFF, 0xFF, 0xFF, 0xFF, 0xFF, 0xFF, 0xFF, 0xFF, 0xFF, 0xFF,
    0xFF, 0xFF, 0xFF, 0xFF, 0xFF, 0xFF, 0xFF, 0xFF, 0xFF, 0xFF, 0xFF, 0xFF, 0xFF, 0xFF, 0xFF, 0xFF,
    0xFF, 0xFF, 0x37, 0xFF, 0xC8, 0xFD, 0xA6, 0xFD, 0xA4, 0xFD, 0xC5, 0xFD, 0xC7, 0xFD, 0xC7, 0xFD,
    0xC8, 0xFD, 0xC8, 0xFD, 0xA6, 0xFD, 0xA6, 0xFD, 0x86, 0xFD, 0xC7, 0xFD, 0x15, 0xFF, 0xFE, 0xF7,
    0xDE, 0xFF, 0xFF, 0xFF, 0x99, 0xFF, 0xE7, 0xFD, 0xE8, 0xFD, 0x08, 0xFE, 0x08, 0xFE, 0x08, 0xFE,
    0x08, 0xFE, 0x08, 0xFE, 0x08, 0xFE, 0x08, 0xFE, 0x08, 0xFE, 0x08, 0xFE, 0x08, 0xFE, 0x08, 0xFE,
    0x08, 0xFE, 0xE8, 0xFD, 0xE8, 0xFD, 0xE8, 0xFD, 0xE8, 0xFD, 0xEA, 0xFD, 0xE7, 0xFD, 0x13, 0xFF,
    0xFE, 0xFF, 0xFF, 0xFF, 0xFF, 0xFF, 0x5C, 0xE7, 0x3C, 0xCE, 0x9B, 0xCE, 0xBB, 0xD6, 0xBB, 0xD6,
    0xBB, 0xD6, 0xBB, 0xCE, 0xBB, 0xCE, 0xBB, 0xCE, 0xBB, 0xCE, 0x9B, 0xD6, 0x9B, 0xD6, 0x9B, 0xD6,
    0xBB, 0xD6, 0xBB, 0xD6, 0xBB, 0xD6, 0xBB, 0xD6, 0xBB, 0xD6, 0xBB, 0xD6, 0xBB, 0xD6, 0xBB, 0xD6,
    0x9B, 0xD6, 0x9B, 0xD6, 0x9B, 0xD6, 0x9B, 0xD6, 0x9B, 0xCE, 0x9B, 0xCE, 0x9A, 0xCE, 0x9B, 0xCE,
    0x9E, 0xF7, 0xFF, 0xFF, 0xDF, 0xFF, 0xFF, 0xFF, 0xFF, 0xFF, 0xFF, 0xFF, 0xFF, 0xFF, 0xFF, 0xFF,
    0xFF, 0xFF, 0xFF, 0xFF, 0xFF, 0xFF, 0xFF, 0xFF, 0xFF, 0xFF, 0xFF, 0xFF, 0xFF, 0xFF, 0xFF, 0xFF,
    0xFF, 0xFF, 0xFF, 0xFF, 0xFF, 0xFF, 0xFF, 0xFF, 0xFF, 0xFF, 0xFF, 0xFF, 0xFF, 0xFF, 0xFF, 0xFF,
    0xFF, 0xFF, 0xFF, 0xFF, 0xFF, 0xFF, 0xFF, 0xFF, 0xFF, 0xFF, 0xFF, 0xFF, 0xFF, 0xFF, 0xFF, 0xFF,
    0xFF, 0xFF, 0xFF, 0xFF, 0xFF, 0xFF, 0xFF, 0xFF, 0xFF, 0xFF, 0xDF, 0xFF, 0xFE, 0xFF, 0x2D, 0xFE,
    0xA9, 0xFD, 0xA9, 0xFD, 0xA9, 0xFD, 0x89, 0xFD, 0xC6, 0xFD, 0xC6, 0xFD, 0xC7, 0xFD, 0xC7, 0xFD,
    0xC6, 0xFD, 0xC5, 0xFD, 0xA5, 0xFD, 0xA5, 0xFD, 0x0A, 0xFE, 0xDC, 0xFF, 0xBE, 0xFF, 0xFF, 0xFF,
    0x78, 0xFF, 0xE7, 0xFD, 0xE8, 0xFD, 0x28, 0xFE, 0x08, 0xFE, 0x08, 0xFE, 0x08, 0xFE, 0x08, 0xFE,
    0x08, 0xFE, 0x08, 0xFE, 0x08, 0xFE, 0x08, 0xFE, 0x08, 0xFE, 0x08, 0xFE, 0x08, 0xFE, 0xE8, 0xFD,
    0xE8, 0xFD, 0xE8, 0xFD, 0xE8, 0xFD, 0xE7, 0xFD, 0xF1, 0xF6, 0xFF, 0xFF, 0xDE, 0xFF, 0xFF, 0xFF,
    0xFD, 0xDE, 0x9A, 0xCE, 0x7C, 0xCE, 0x9B, 0xCE, 0x9B, 0xCE, 0x9B, 0xCE, 0x9B, 0xCE, 0xBB, 0xCE,
    0xBB, 0xCE, 0xBB, 0xCE, 0xBB, 0xCE, 0x9B, 0xD6, 0x9B, 0xD6, 0x9B, 0xD6, 0xBB, 0xD6, 0xBB, 0xD6,
    0xBB, 0xD6, 0xBB, 0xD6, 0xBB, 0xD6, 0xBB, 0xD6, 0xBB, 0xD6, 0xBB, 0xD6, 0x9B, 0xD6, 0x9B, 0xD6,
    0x9B, 0xD6, 0x9B, 0xD6, 0xBB, 0xD6, 0xBB, 0xD6, 0xBB, 0xD6, 0x7A, 0xCE, 0xDB, 0xDE, 0xBF, 0xF7,
    0xFF, 0xFF, 0xFF, 0xFF, 0xFF, 0xFF, 0xFF, 0xFF, 0xFF, 0xFF, 0xFF, 0xFF, 0xFF, 0xFF, 0xFF, 0xFF,
    0xFF, 0xFF, 0xFF, 0xFF, 0xFF, 0xFF, 0xFF, 0xFF, 0xFF, 0xFF, 0xFF, 0xFF, 0xFF, 0xFF, 0xFF, 0xFF,
    0xFF, 0xFF, 0xFF, 0xFF, 0xFF, 0xFF, 0xFF, 0xFF, 0xFF, 0xFF, 0xFF, 0xFF, 0xFF, 0xFF, 0xFF, 0xFF,
    0xFF, 0xFF, 0xFF, 0xFF, 0xFF, 0xFF, 0xFF, 0xFF, 0xFF, 0xFF, 0xFF, 0xFF, 0xFF, 0xFF, 0xFF, 0xFF,
    0xFF, 0xFF, 0xFF, 0xFF, 0xFF, 0xFF, 0xBE, 0xF7, 0xFC, 0xFF, 0xCA, 0xFD, 0xA9, 0xFD, 0xC9, 0xFD,
    0xA8, 0xFD, 0xA8, 0xFD, 0xA8, 0xFD, 0xA8, 0xFD, 0xA8, 0xFD, 0xA8, 0xFD, 0xC7, 0xFD, 0x87, 0xFD,
    0xA7, 0xFD, 0xC7, 0xFD, 0xC9, 0xFD, 0xB9, 0xFF, 0xDD, 0xFF, 0xDF, 0xFF, 0x77, 0xFF, 0xE7, 0xFD,
    0xE9, 0xFD, 0x09, 0xFE, 0xE8, 0xFD, 0xE8, 0xFD, 0xE8, 0xFD, 0x08, 0xFE, 0x08, 0xFE, 0xE8, 0xFD,
    0xE7, 0xFD, 0x08, 0xFE, 0x08, 0xFE, 0x08, 0xFE, 0x08, 0xFE, 0xC6, 0xFD, 0x2A, 0xFE, 0xC7, 0xF5,
    0x28, 0xFE, 0x24, 0xEE, 0xBF, 0xFF, 0xFD, 0xFF, 0xFF, 0xFF, 0x5E, 0xE7, 0x7A, 0xC6, 0xBB, 0xCE,
    0x7A, 0xCE, 0xBB, 0xCE, 0xBB, 0xCE, 0xBB, 0xCE, 0xBB, 0xCE, 0xBB, 0xD6, 0xBB, 0xD6, 0xBB, 0xD6,
    0xBB, 0xD6, 0xBB, 0xD6, 0xBB, 0xD6, 0xBB, 0xD6, 0xBB, 0xCE, 0xBB, 0xCE, 0xBB, 0xCE, 0xBB, 0xCE,
    0xBB, 0xD6, 0xBB, 0xD6, 0xBB, 0xD6, 0xBB, 0xD6, 0xBB, 0xCE, 0xBB, 0xCE, 0xBB, 0xCE, 0xBB, 0xCE,
    0xBB, 0xD6, 0xBB, 0xD6, 0xBB, 0xD6, 0xBB, 0xD6, 0xDB, 0xD6, 0xFC, 0xDE, 0xFF, 0xFF, 0xDF, 0xFF,
    0xFF, 0xFF, 0xFF, 0xFF, 0xFF, 0xFF, 0xFF, 0xFF, 0xFF, 0xFF, 0xFF, 0xFF, 0xFF, 0xFF, 0xFF, 0xFF,
    0xFF, 0xFF, 0xFF, 0xFF, 0xFF, 0xFF, 0xFF, 0xFF, 0xFF, 0xFF, 0xFF, 0xFF, 0xFF, 0xFF, 0xFF, 0xFF,
    0xFF, 0xFF, 0xFF, 0xFF, 0xFF, 0xFF, 0xFF, 0xFF, 0xFF, 0xFF, 0xFF, 0xFF, 0xFF, 0xFF, 0xFF, 0xFF,
    0xFF, 0xFF, 0xFF, 0xFF, 0xFF, 0xFF, 0xFF, 0xFF, 0xFF, 0xFF, 0xFF, 0xFF, 0xFF, 0xFF, 0xFF, 0xFF,
    0xFE, 0xFF, 0xDF, 0xFF, 0xBE, 0xFF, 0x0B, 0xFE, 0xA6, 0xFD, 0xC6, 0xFD, 0xE7, 0xFD, 0xE7, 0xFD,
    0xC6, 0xFD, 0xC6, 0xFD, 0xC6, 0xF5, 0xC6, 0xF5, 0xC7, 0xFD, 0xC6, 0xFD, 0xC6, 0xFD, 0xC5, 0xFD,
    0x0A, 0xFE, 0x9C, 0xFF, 0xFF, 0xFF, 0xFF, 0xFF, 0x77, 0xFF, 0xE6, 0xFD, 0xE8, 0xFD, 0x08, 0xFE,
    0xE8, 0xFD, 0xE8, 0xFD, 0xE8, 0xFD, 0x08, 0xFE, 0x08, 0xFE, 0xE8, 0xFD, 0xE7, 0xFD, 0x08, 0xFE,
    0x08, 0xFE, 0x08, 0xFE, 0x08, 0xFE, 0xE7, 0xFD, 0xE9, 0xF5, 0x08, 0xFE, 0x08, 0xFE, 0x13, 0xF7,
    0xBF, 0xFF, 0xFE, 0xFF, 0x3E, 0xEF, 0xBB, 0xD6, 0xBB, 0xCE, 0xBB, 0xCE, 0x9B, 0xCE, 0xBB, 0xCE,
    0xBB, 0xCE, 0xBB, 0xCE, 0xBB, 0xCE, 0xBB, 0xD6, 0xBB, 0xD6, 0xBB, 0xD6, 0xBB, 0xD6, 0xBB, 0xD6,
    0xBB, 0xD6, 0xBB, 0xD6, 0xBB, 0xCE, 0xBB, 0xCE, 0xBB, 0xCE, 0xBB, 0xCE, 0xBB, 0xD6, 0xBB, 0xD6,
    0xBB, 0xD6, 0xBB, 0xD6, 0xBB, 0xCE, 0xBB, 0xCE, 0xBB, 0xCE, 0xBB, 0xCE, 0xBB, 0xD6, 0xBB, 0xD6,
    0xBB, 0xD6, 0xBB, 0xD6, 0x9B, 0xCE, 0xBB, 0xCE, 0x7E, 0xEF, 0xFF, 0xFF, 0xFF, 0xFF, 0xFF, 0xFF,
    0xFF, 0xFF, 0xFF, 0xFF, 0xFF, 0xFF, 0xFF, 0xFF, 0xFF, 0xFF, 0xFF, 0xFF, 0xFF, 0xFF, 0xFF, 0xFF,
    0xFF, 0xFF, 0xFF, 0xFF, 0xFF, 0xFF, 0xFF, 0xFF, 0xFF, 0xFF, 0xFF, 0xFF, 0xFF, 0xFF, 0xFF, 0xFF,
    0xFF, 0xFF, 0xFF, 0xFF, 0xFF, 0xFF, 0xFF, 0xFF, 0xFF, 0xFF, 0xFF, 0xFF, 0xFF, 0xFF, 0xFF, 0xFF,
    0xFF, 0xFF, 0xFF, 0xFF, 0xFF, 0xFF, 0xFF, 0xFF, 0xFF, 0xFF, 0xFF, 0xFF, 0xFE, 0xFF, 0xDF, 0xFF,
    0xDF, 0xFF, 0x13, 0xFF, 0xA7, 0xFD, 0x66, 0xFD, 0xA6, 0xFD, 0xC8, 0xFD, 0xC8, 0xFD, 0xC8, 0xFD,
    0xA7, 0xFD, 0xA7, 0xFD, 0x87, 0xFD, 0xA7, 0xFD, 0xA7, 0xFD, 0xC9, 0xFD, 0x13, 0xFF, 0xDF, 0xFF,
    0xFF, 0xFF, 0xFD, 0xF7, 0xB9, 0xFF, 0xE6, 0xFD, 0xC7, 0xF5, 0xE6, 0xFD, 0xE8, 0xFD, 0xE8, 0xFD,
    0xE8, 0xFD, 0x08, 0xFE, 0x08, 0xFE, 0xE8, 0xFD, 0xE7, 0xFD, 0x08, 0xFE, 0x08, 0xFE, 0x08, 0xFE,
    0x08, 0xFE, 0x08, 0xFE, 0x09, 0xFE, 0xC8, 0xFD, 0x6F, 0xFE, 0xFF, 0xFF, 0xFF, 0xFF, 0xBD, 0xEF,
    0x9D, 0xD6, 0xBB, 0xCE, 0xBB, 0xCE, 0x9B, 0xCE, 0xBB, 0xD6, 0xBB, 0xCE, 0xBB, 0xCE, 0xBB, 0xCE,
    0xBB, 0xCE, 0xBB, 0xD6, 0xBB, 0xD6, 0xBB, 0xD6, 0xBB, 0xD6, 0xBB, 0xD6, 0xBB, 0xD6, 0xBB, 0xD6,
    0xBB, 0xCE, 0xBB, 0xCE, 0xBB, 0xCE, 0xBB, 0xCE, 0xBB, 0xD6, 0xBB, 0xD6, 0xBB, 0xD6, 0xBB, 0xD6,
    0xBB, 0xCE, 0xBB, 0xCE, 0xBB, 0xCE, 0xBB, 0xCE, 0xBB, 0xD6, 0xBB, 0xD6, 0xBB, 0xD6, 0xBB, 0xD6,
    0xBB, 0xCE, 0x9B, 0xCE, 0xDB, 0xDE, 0xFF, 0xFF, 0xFF, 0xFF, 0xFF, 0xFF, 0xFF, 0xFF, 0xFF, 0xFF,
    0xFF, 0xFF, 0xFF, 0xFF, 0xFF, 0xFF, 0xFF, 0xFF, 0xFF, 0xFF, 0xFF, 0xFF, 0xFF, 0xFF, 0xFF, 0xFF,
    0xFF, 0xFF, 0xFF, 0xFF, 0xFF, 0xFF, 0xFF, 0xFF, 0xFF, 0xFF, 0xFF, 0xFF, 0xFF, 0xFF, 0xFF, 0xFF,
    0xFF, 0xFF, 0xFF, 0xFF, 0xFF, 0xFF, 0xFF, 0xFF, 0xFF, 0xFF, 0xFF, 0xFF, 0xFF, 0xFF, 0xFF, 0xFF,
    0xFF, 0xFF, 0xFF, 0xFF, 0xFF, 0xFF, 0xFF, 0xFF, 0xFF, 0xFF, 0xDE, 0xFF, 0xFF, 0xF7, 0xDD, 0xFF,
    0xF1, 0xF6, 0x4D, 0xF6, 0x2B, 0xFE, 0x6C, 0xF6, 0x2B, 0xF6, 0x2B, 0xF6, 0x0B, 0xF6, 0x0B, 0xF6,
    0x6C, 0xF6, 0x6B, 0xF6, 0x8E, 0xF6, 0x12, 0xFF, 0xDE, 0xFF, 0xFF, 0xFF, 0xFE, 0xFF, 0xDF, 0xFF,
    0xDB, 0xFF, 0xE8, 0xFD, 0xC7, 0xFD, 0xE7, 0xFD, 0xE8, 0xFD, 0xE8, 0xFD, 0xE8, 0xFD, 0x08, 0xFE,
    0x08, 0xFE, 0xE8, 0xFD, 0xE7, 0xFD, 0x08, 0xFE, 0x08, 0xFE, 0x08, 0xFE, 0x08, 0xFE, 0xE8, 0xF5,
    0x28, 0xFE, 0x0A, 0xFE, 0x99, 0xFF, 0xDF, 0xFF, 0xDE, 0xF7, 0xDC, 0xD6, 0xDB, 0xD6, 0xBB, 0xD6,
    0xBB, 0xCE, 0xBB, 0xCE, 0xBB, 0xCE, 0xBB, 0xCE, 0xBB, 0xCE, 0xBB, 0xCE, 0xBB, 0xCE, 0xBB, 0xD6,
    0xBB, 0xD6, 0xBB, 0xD6, 0xBB, 0xD6, 0xBB, 0xD6, 0xBB, 0xD6, 0xBB, 0xD6, 0xBB, 0xCE, 0xBB, 0xCE,
    0xBB, 0xCE, 0xBB, 0xCE, 0xBB, 0xD6, 0xBB, 0xD6, 0xBB, 0xD6, 0xBB, 0xD6, 0xBB, 0xCE, 0xBB, 0xCE,
    0xBB, 0xCE, 0xBB, 0xCE, 0xBB, 0xD6, 0xBB, 0xD6, 0xBB, 0xD6, 0xBB, 0xD6, 0xBC, 0xCE, 0xBC, 0xD6,
    0x9B, 0xD6, 0x7E, 0xEF, 0xFF, 0xFF, 0xFF, 0xFF, 0xFF, 0xFF, 0xFF, 0xFF, 0xFF, 0xFF, 0xFF, 0xFF,
    0xFF, 0xFF, 0xFF, 0xFF, 0xFF, 0xFF, 0xFF, 0xFF, 0xFF, 0xFF, 0xFF, 0xFF, 0xFF, 0xFF, 0xFF, 0xFF,
    0xFF, 0xFF, 0xFF, 0xFF, 0xFF, 0xFF, 0xFF, 0xFF, 0xFF, 0xFF, 0xFF, 0xFF, 0xFF, 0xFF, 0xFF, 0xFF,
    0xFF, 0xFF, 0xFF, 0xFF, 0xFF, 0xFF, 0xFF, 0xFF, 0xFF, 0xFF, 0xFF, 0xFF, 0xFF, 0xFF, 0xFF, 0xFF,
    0xFF, 0xFF, 0xFF, 0xFF, 0xFF, 0xFF, 0xFF, 0xFF, 0xFF, 0xFF, 0xFF, 0xFF, 0xFF, 0xFF, 0xFF, 0xFF,
    0xFF, 0xFF, 0xFF, 0xFF, 0xFF, 0xFF, 0xFF, 0xFF, 0xFF, 0xFF, 0xFF, 0xFF, 0xFF, 0xFF, 0xFF, 0xFF,
    0xFF, 0xFF, 0xFF, 0xFF, 0xFF, 0xFF, 0xFF, 0xFF, 0xFF, 0xFF, 0xFF, 0xFF, 0xDF, 0xFF, 0x26, 0xF6,
    0xC8, 0xFD, 0x0A, 0xF6, 0xE8, 0xFD, 0xE9, 0xFD, 0x09, 0xFE, 0xE8, 0xFD, 0xE8, 0xFD, 0x08, 0xFE,
    0xE8, 0xFD, 0x05, 0xFE, 0x05, 0xFE, 0xE6, 0xFD, 0xE6, 0xFD, 0xE8, 0xF5, 0x44, 0xFE, 0xB2, 0xFE,
    0xFF, 0xFF, 0xFF, 0xFF, 0x1C, 0xDF, 0xBB, 0xCE, 0xBB, 0xCE, 0xBB, 0xD6, 0xBB, 0xD6, 0xBB, 0xD6,
    0xBB, 0xD6, 0xBB, 0xD6, 0xBB, 0xD6, 0xBB, 0xD6, 0xBB, 0xD6, 0xBB, 0xCE, 0xBB, 0xCE, 0xBB, 0xCE,
    0xBB, 0xCE, 0xBB, 0xD6, 0xBB, 0xD6, 0xBB, 0xD6, 0xBB, 0xD6, 0xBB, 0xD6, 0xBB, 0xD6, 0xBB, 0xD6,
    0xBB, 0xCE, 0xBB, 0xCE, 0xBB, 0xCE, 0xBB, 0xCE, 0xBB, 0xD6, 0xBB, 0xD6, 0xBB, 0xD6, 0xBB, 0xD6,
    0xBB, 0xD6, 0xBB, 0xD6, 0xBB, 0xD6, 0xBB, 0xD6, 0xBB, 0xCE, 0x9B, 0xCE, 0xBB, 0xCE, 0xDC, 0xD6,
    0xFF, 0xFF, 0xFF, 0xFF, 0xFF, 0xFF, 0xFF, 0xFF, 0xFF, 0xFF, 0xFF, 0xFF, 0xFF, 0xFF, 0xFF, 0xFF,
    0xFF, 0xFF, 0xFF, 0xFF, 0xFF, 0xFF, 0xFF, 0xFF, 0xFF, 0xFF, 0xFF, 0xFF, 0xFF, 0xFF, 0xFF, 0xFF,
    0xFF, 0xFF, 0xFF, 0xFF, 0xFF, 0xFF, 0xFF, 0xFF, 0xFF, 0xFF, 0xFF, 0xFF, 0xFF, 0xFF, 0xFF, 0xFF,
    0xFF, 0xFF, 0xFF, 0xFF, 0xFF, 0xFF, 0xFF, 0xFF, 0xFF, 0xFF, 0xFF, 0xFF, 0xFF, 0xFF, 0xFF, 0xFF,
    0xFF, 0xFF, 0xFF, 0xFF, 0xFF, 0xFF, 0xFF, 0xFF, 0xFF, 0xFF, 0xFF, 0xFF, 0xFF, 0xFF, 0xFF, 0xFF,
    0xFF, 0xFF, 0xFF, 0xFF, 0xFF, 0xFF, 0xFF, 0xFF, 0xFF, 0xFF, 0xFF, 0xFF, 0xFF, 0xFF, 0xFF, 0xFF,
    0xFF, 0xFF, 0xFF, 0xFF, 0xFF, 0xFF, 0xFF, 0xFF, 0xFF, 0xFF, 0x28, 0xF6, 0xC8, 0xFD, 0x0A, 0xFE,
    0xE8, 0xFD, 0xE8, 0xFD, 0xE8, 0xFD, 0x28, 0xFE, 0x27, 0xFE, 0x07, 0xFE, 0x07, 0xFE, 0xEB, 0xFD,
    0xEB, 0xFD, 0xEB, 0xFD, 0xEB, 0xFD, 0xE9, 0xFD, 0x06, 0xF6, 0xF5, 0xFE, 0xFF, 0xFF, 0xFF, 0xFF,
    0xFC, 0xDE, 0xBB, 0xCE, 0xBB, 0xCE, 0xBB, 0xD6, 0xBB, 0xD6, 0xBB, 0xD6, 0xBB, 0xD6, 0xBB, 0xD6,
    0xBB, 0xD6, 0xBB, 0xD6, 0xBB, 0xD6, 0xBB, 0xCE, 0xBB, 0xCE, 0xBB, 0xCE, 0xBB, 0xCE, 0xBB, 0xD6,
    0xBB, 0xD6, 0xBB, 0xD6, 0xBB, 0xD6, 0xBB, 0xD6, 0xBB, 0xD6, 0xBB, 0xD6, 0xBB, 0xCE, 0xBB, 0xCE,
    0xBB, 0xCE, 0xBB, 0xCE, 0xBB, 0xD6, 0xBB, 0xD6, 0xBB, 0xD6, 0xBB, 0xD6, 0xBB, 0xD6, 0xBB, 0xD6,
    0xBB, 0xD6, 0xBB, 0xD6, 0xBB, 0xCE, 0x9B, 0xCE, 0xBB, 0xCE, 0xDC, 0xD6, 0xDF, 0xFF, 0xFF, 0xFF,
    0xFF, 0xFF, 0xFF, 0xFF, 0xFF, 0xFF, 0xFF, 0xFF, 0xFF, 0xFF, 0xFF, 0xFF, 0xFF, 0xFF, 0xFF, 0xFF,
    0xFF, 0xFF, 0xFF, 0xFF, 0xFF, 0xFF, 0xFF, 0xFF, 0xFF, 0xFF, 0xFF, 0xFF, 0xFF, 0xFF, 0xFF, 0xFF,
    0xFF, 0xFF, 0xFF, 0xFF, 0xFF, 0xFF, 0xFF, 0xFF, 0xFF, 0xFF, 0xFF, 0xFF, 0xFF, 0xFF, 0xFF, 0xFF,
    0xFF, 0xFF, 0xFF, 0xFF, 0xFF, 0xFF, 0xFF, 0xFF, 0xFF, 0xFF, 0xFF, 0xFF, 0xFF, 0xFF, 0xFF, 0xFF,
    0xFF, 0xFF, 0xFF, 0xFF, 0xFF, 0xFF, 0xFF, 0xFF, 0xFF, 0xFF, 0xFF, 0xFF, 0xFF, 0xFF, 0xFF, 0xFF,
    0xFF, 0xFF, 0xFF, 0xFF, 0xFF, 0xFF, 0xFF, 0xFF, 0xFF, 0xFF, 0xFF, 0xFF, 0xFF, 0xFF, 0xFF, 0xFF,
    0xFF, 0xFF, 0xFF, 0xFF, 0xFF, 0xFF, 0x8F, 0xF6, 0x08, 0xFE, 0x09, 0xFE, 0x08, 0xFE, 0x28, 0xFE,
    0x28, 0xFE, 0xEA, 0xFD, 0xEA, 0xFD, 0xEA, 0xFD, 0xEA, 0xFD, 0x09, 0xFE, 0x09, 0xFE, 0xE8, 0xFD,
    0xE8, 0xFD, 0xC6, 0xFD, 0x4C, 0xF6, 0xDD, 0xFF, 0xDF, 0xFF, 0xBF, 0xF7, 0x9B, 0xD6, 0xBB, 0xCE,
    0x9B, 0xCE, 0xBB, 0xD6, 0xBB, 0xD6, 0xBB, 0xD6, 0xBB, 0xD6, 0xBB, 0xD6, 0xBB, 0xD6, 0xBB, 0xD6,
    0xBB, 0xD6, 0xBB, 0xCE, 0xBB, 0xCE, 0xBB, 0xCE, 0xBB, 0xCE, 0xBB, 0xD6, 0xBB, 0xD6, 0xBB, 0xD6,
    0xBB, 0xD6, 0xBB, 0xD6, 0xBB, 0xD6, 0xBB, 0xD6, 0xBB, 0xCE, 0xBB, 0xCE, 0xBB, 0xCE, 0xBB, 0xCE,
    0xBB, 0xD6, 0xBB, 0xD6, 0xBB, 0xD6, 0xBB, 0xD6, 0xBB, 0xD6, 0xBB, 0xD6, 0xBB, 0xD6, 0xBB, 0xD6,
    0xBB, 0xCE, 0xBB, 0xCE, 0xBB, 0xCE, 0xBB, 0xCE, 0xBE, 0xF7, 0xFF, 0xFF, 0xFF, 0xFF, 0xFF, 0xFF,
    0xFF, 0xFF, 0xFF, 0xFF, 0xFF, 0xFF, 0xFF, 0xFF, 0xFF, 0xFF, 0xFF, 0xFF, 0xFF, 0xFF, 0xFF, 0xFF,
    0xFF, 0xFF, 0xFF, 0xFF, 0xFF, 0xFF, 0xFF, 0xFF, 0xFF, 0xFF, 0xFF, 0xFF, 0xFF, 0xFF, 0xFF, 0xFF,
    0xFF, 0xFF, 0xFF, 0xFF, 0xFF, 0xFF, 0xFF, 0xFF, 0xFF, 0xFF, 0xFF, 0xFF, 0xFF, 0xFF, 0xFF, 0xFF,
    0xFF, 0xFF, 0xFF, 0xFF, 0xFF, 0xFF, 0xFF, 0xFF, 0xFF, 0xFF, 0xFF, 0xFF, 0xFF, 0xFF, 0xFF, 0xFF,
    0xFF, 0xFF, 0xFF, 0xFF, 0xFF, 0xFF, 0xFF, 0xFF, 0xFF, 0xFF, 0xFF, 0xFF, 0xFF, 0xFF, 0xFF, 0xFF,
    0xFF, 0xFF, 0xFF, 0xFF, 0xFF, 0xFF, 0xFF, 0xFF, 0xFF, 0xFF, 0xFF, 0xFF, 0xFF, 0xFF, 0xFF, 0xFF,
    0xFE, 0xFF, 0x38, 0xFF, 0x08, 0xFE, 0x08, 0xFE, 0x08, 0xFE, 0x07, 0xF6, 0xE9, 0xF5, 0x05, 0xF6,
    0x26, 0xF6, 0x48, 0xFE, 0x69, 0xFE, 0x49, 0xF6, 0x49, 0xF6, 0x48, 0xF6, 0x27, 0xF6, 0x07, 0xF6,
    0x33, 0xFF, 0xFF, 0xFF, 0xDF, 0xFF, 0x3D, 0xE7, 0x9B, 0xCE, 0xBB, 0xCE, 0x9B, 0xCE, 0xBB, 0xD6,
    0xBB, 0xD6, 0xBB, 0xD6, 0xBB, 0xD6, 0xBB, 0xD6, 0xBB, 0xD6, 0xBB, 0xD6, 0xBB, 0xD6, 0xBB, 0xCE,
    0xBB, 0xCE, 0xBB, 0xCE, 0xBB, 0xCE, 0xBB, 0xD6, 0xBB, 0xD6, 0xBB, 0xD6, 0xBB, 0xD6, 0xBB, 0xD6,
    0xBB, 0xD6, 0xBB, 0xD6, 0xBB, 0xCE, 0xBB, 0xCE, 0xBB, 0xCE, 0xBB, 0xCE, 0xBB, 0xD6, 0xBB, 0xD6,
    0xBB, 0xD6, 0xBB, 0xD6, 0xBB, 0xD6, 0xBB, 0xD6, 0xBB, 0xD6, 0xBB, 0xD6, 0xBB, 0xCE, 0xBB, 0xCE,
    0xBB, 0xCE, 0x9B, 0xCE, 0x7D, 0xEF, 0xFF, 0xFF, 0xFF, 0xFF, 0xFF, 0xFF, 0xFF, 0xFF, 0xFF, 0xFF,
    0xFF, 0xFF, 0xFF, 0xFF, 0xFF, 0xFF, 0xFF, 0xFF, 0xFF, 0xFF, 0xFF, 0xFF, 0xFF, 0xFF, 0xFF, 0xFF,
    0xFF, 0xFF, 0xFF, 0xFF, 0xFF, 0xFF, 0xFF, 0xFF, 0xFF, 0xFF, 0xFF, 0xFF, 0xFF, 0xFF, 0xFF, 0xFF,
    0xFF, 0xFF, 0xFF, 0xFF, 0xFF, 0xFF, 0xFF, 0xFF, 0xFF, 0xFF, 0xFF, 0xFF, 0xFF, 0xFF, 0xFF, 0xFF,
    0xFF, 0xFF, 0xFF, 0xFF, 0xFF, 0xFF, 0xFF, 0xFF, 0xFF, 0xFF, 0xFF, 0xFF, 0xFF, 0xFF, 0xFF, 0xFF,
    0xFF, 0xFF, 0xFF, 0xFF, 0xFF, 0xFF, 0xFF, 0xFF, 0xFF, 0xFF, 0xFF, 0xFF, 0xFF, 0xFF, 0xFF, 0xFF,
    0xFF, 0xFF, 0xFF, 0xFF, 0xFF, 0xFF, 0xFF, 0xFF, 0xFF, 0xFF, 0xFF, 0xFF, 0xDC, 0xF7, 0xDF, 0xFF,
    0x48, 0xFE, 0x08, 0xFE, 0x07, 0xFE, 0x49, 0xFE, 0xAD, 0xFE, 0x7B, 0xFF, 0xBD, 0xFF, 0xDF, 0xFF,
    0xDF, 0xFF, 0xFF, 0xFF, 0xFF, 0xFF, 0xFF, 0xFF, 0xFE, 0xFF, 0xDD, 0xFF, 0xDF, 0xFF, 0xBF, 0xFF,
    0xDE, 0xFF, 0xBB, 0xD6, 0xBB, 0xD6, 0x9B, 0xCE, 0xBC, 0xD6, 0xBB, 0xD6, 0xBB, 0xD6, 0xBB, 0xD6,
    0xBB, 0xD6, 0xBB, 0xD6, 0xBB, 0xD6, 0xBB, 0xD6, 0xBB, 0xD6, 0xBB, 0xCE, 0xBB, 0xCE, 0xBB, 0xCE,
    0xBB, 0xCE, 0xBB, 0xD6, 0xBB, 0xD6, 0xBB, 0xD6, 0xBB, 0xD6, 0xBB, 0xD6, 0xBB, 0xD6, 0xBB, 0xD6,
    0xBB, 0xCE, 0xBB, 0xCE, 0xBB, 0xCE, 0xBB, 0xCE, 0xBB, 0xD6, 0xBB, 0xD6, 0xBB, 0xD6, 0xBB, 0xD6,
    0xBB, 0xD6, 0xBB, 0xD6, 0xBB, 0xD6, 0xBB, 0xD6, 0xBB, 0xCE, 0xBB, 0xD6, 0xBB, 0xCE, 0x9B, 0xCE,
    0x5D, 0xEF, 0xFF, 0xFF, 0xFF, 0xFF, 0xFF, 0xFF, 0xFF, 0xFF, 0xFF, 0xFF, 0xFF, 0xFF, 0xFF, 0xFF,
    0xFF, 0xFF, 0xFF, 0xFF, 0xFF, 0xFF, 0xFF, 0xFF, 0xFF, 0xFF, 0xFF, 0xFF, 0xFF, 0xFF, 0xFF, 0xFF,
    0xFF, 0xFF, 0xFF, 0xFF, 0xFF, 0xFF, 0xFF, 0xFF, 0xFF, 0xFF, 0xFF, 0xFF, 0xFF, 0xFF, 0xFF, 0xFF,
    0xFF, 0xFF, 0xFF, 0xFF, 0xFF, 0xFF, 0xFF, 0xFF, 0xFF, 0xFF, 0xFF, 0xFF, 0xFF, 0xFF, 0xFF, 0xFF,
    0xFF, 0xFF, 0xFF, 0xFF, 0xFF, 0xFF, 0xFF, 0xFF, 0xFF, 0xFF, 0xFF, 0xFF, 0xFF, 0xFF, 0xFF, 0xFF,
    0xFF, 0xFF, 0xFF, 0xFF, 0xFF, 0xFF, 0xFF, 0xFF, 0xFF, 0xFF, 0xFF, 0xFF, 0xFF, 0xFF, 0xFF, 0xFF,
    0xFF, 0xFF, 0xFF, 0xFF, 0xFF, 0xFF, 0xFF, 0xFF, 0xDF, 0xFF, 0xFF, 0xFF, 0xF4, 0xF6, 0xAD, 0xFE,
    0x99, 0xFF, 0xBD, 0xFF, 0xFE, 0xF7, 0xDE, 0xF7, 0xDE, 0xFF, 0xFE, 0xFF, 0xFF, 0xFF, 0xDF, 0xFF,
    0xDF, 0xFF, 0xDF, 0xFF, 0xDF, 0xFF, 0xDF, 0xFF, 0xFF, 0xFF, 0xDF, 0xFF, 0x7E, 0xEF, 0xBB, 0xCE,
    0xBB, 0xCE, 0xBB, 0xCE, 0xBB, 0xCE, 0xBB, 0xCE, 0xBB, 0xCE, 0xBB, 0xCE, 0xBB, 0xCE, 0xBB, 0xD6,
    0xBB, 0xD6, 0xBB, 0xD6, 0xBB, 0xD6, 0xBB, 0xCE, 0xBB, 0xCE, 0xBB, 0xCE, 0xBB, 0xCE, 0xBB, 0xCE,
    0xBB, 0xCE, 0xBB, 0xCE, 0xBB, 0xD6, 0xBB, 0xD6, 0xBB, 0xD6, 0xBB, 0xD6, 0xBB, 0xD6, 0xBB, 0xD6,
    0xBB, 0xD6, 0xBB, 0xD6, 0x9B, 0xD6, 0x9B, 0xD6, 0x9B, 0xD6, 0x9B, 0xD6, 0xBB, 0xD6, 0xBB, 0xD6,
    0xBB, 0xD6, 0xBB, 0xD6, 0xBB, 0xCE, 0xBB, 0xCE, 0xBB, 0xCE, 0xBB, 0xCE, 0xFC, 0xDE, 0xBF, 0xF7,
    0xDF, 0xFF, 0xFF, 0xFF, 0xFF, 0xFF, 0xFF, 0xFF, 0xFF, 0xFF, 0xFF, 0xFF, 0xFF, 0xFF, 0xFF, 0xFF,
    0xFF, 0xFF, 0xFF, 0xFF, 0xFF, 0xFF, 0xFF, 0xFF, 0xFF, 0xFF, 0xFF, 0xFF, 0xFF, 0xFF, 0xFF, 0xFF,
    0xFF, 0xFF, 0xFF, 0xFF, 0xFF, 0xFF, 0xFF, 0xFF, 0xFF, 0xFF, 0xFF, 0xFF, 0xFF, 0xFF, 0xFF, 0xFF,
    0xFF, 0xFF, 0xFF, 0xFF, 0xFF, 0xFF, 0xFF, 0xFF, 0xFF, 0xFF, 0xFF, 0xFF, 0xFF, 0xFF, 0xFF, 0xFF,
    0xFF, 0xFF, 0xFF, 0xFF, 0xFF, 0xFF, 0xFF, 0xFF, 0xFF, 0xFF, 0xFF, 0xFF, 0xFF, 0xFF, 0xFF, 0xFF,
    0xFF, 0xFF, 0xFF, 0xFF, 0xFF, 0xFF, 0xFF, 0xFF, 0xFF, 0xFF, 0xFF, 0xFF, 0xFF, 0xFF, 0xFF, 0xFF,
    0xFF, 0xFF, 0xFF, 0xFF, 0xDF, 0xF7, 0xFF, 0xFF, 0xDE, 0xFF, 0xFE, 0xFF, 0xDF, 0xF7, 0xDF, 0xF7,
    0xFE, 0xF7, 0xDF, 0xFF, 0xDF, 0xFF, 0xBF, 0xF7, 0xBF, 0xF7, 0x9E, 0xF7, 0x9E, 0xF7, 0x9E, 0xF7,
    0x9E, 0xF7, 0x9E, 0xF7, 0xFF, 0xFF, 0xDF, 0xFF, 0x1C, 0xE7, 0xBB, 0xCE, 0xBB, 0xCE, 0xBB, 0xCE,
    0xBB, 0xCE, 0xBB, 0xCE, 0xBB, 0xCE, 0xBB, 0xCE, 0xBB, 0xCE, 0xBB, 0xD6, 0xBB, 0xD6, 0xBB, 0xD6,
    0xBB, 0xD6, 0xBB, 0xCE, 0xBB, 0xCE, 0xBB, 0xCE, 0xBB, 0xCE, 0xBB, 0xCE, 0xBB, 0xCE, 0xBB, 0xCE,
    0xBB, 0xD6, 0xBB, 0xD6, 0xBB, 0xD6, 0xBB, 0xD6, 0xBB, 0xD6, 0xBB, 0xD6, 0xBB, 0xD6, 0xBB, 0xD6,
    0xBB, 0xD6, 0xBB, 0xD6, 0xBB, 0xD6, 0xBB, 0xD6, 0xBB, 0xD6, 0xBB, 0xD6, 0xBB, 0xD6, 0xBB, 0xD6,
    0xBB, 0xCE, 0xBB, 0xCE, 0xBB, 0xCE, 0xBB, 0xCE, 0x9B, 0xD6, 0x9A, 0xCE, 0x9B, 0xD6, 0xFC, 0xDE,
    0x7D, 0xEF, 0xFF, 0xFF, 0xFF, 0xFF, 0xDF, 0xFF, 0xFF, 0xFF, 0xFF, 0xFF, 0xFF, 0xFF, 0xFF, 0xFF,
    0xFF, 0xFF, 0xFF, 0xFF, 0xFF, 0xFF, 0xFF, 0xFF, 0xFF, 0xFF, 0xFF, 0xFF, 0xFF, 0xFF, 0xFF, 0xFF,
    0xFF, 0xFF, 0xFF, 0xFF, 0xFF, 0xFF, 0xFF, 0xFF, 0xFF, 0xFF, 0xFF, 0xFF, 0xFF, 0xFF, 0xFF, 0xFF,
    0xFF, 0xFF, 0xFF, 0xFF, 0xFF, 0xFF, 0xFF, 0xFF, 0xFF, 0xFF, 0xFF, 0xFF, 0xFF, 0xFF, 0xFF, 0xFF,
    0xFF, 0xFF, 0xFF, 0xFF, 0xFF, 0xFF, 0xFF, 0xFF, 0xFF, 0xFF, 0xFF, 0xFF, 0xFF, 0xFF, 0xFF, 0xFF,
    0xFF, 0xFF, 0xFF, 0xFF, 0xFF, 0xFF, 0xFF, 0xFF, 0xFF, 0xFF, 0xFF, 0xFF, 0xFF, 0xFF, 0xFF, 0xFF,
    0xFE, 0xFF, 0xFE, 0xFF, 0xFF, 0xFF, 0xFF, 0xFF, 0xFF, 0xFF, 0x9E, 0xF7, 0xFD, 0xE6, 0xDB, 0xD6,
    0xBB, 0xD6, 0xBB, 0xD6, 0xBB, 0xD6, 0xBB, 0xD6, 0xBB, 0xD6, 0x9B, 0xCE, 0x9B, 0xCE, 0xBB, 0xD6,
    0xBB, 0xD6, 0xDC, 0xD6, 0xBB, 0xD6, 0xBB, 0xCE, 0xBB, 0xCE, 0xBB, 0xCE, 0xBB, 0xCE, 0xBB, 0xCE,
    0xBB, 0xCE, 0xBB, 0xCE, 0xBB, 0xCE, 0xBB, 0xD6, 0xBB, 0xD6, 0xBB, 0xD6, 0xBB, 0xD6, 0xBB, 0xCE,
    0xBB, 0xCE, 0xBB, 0xCE, 0xBB, 0xCE, 0xBB, 0xCE, 0xBB, 0xCE, 0xBB, 0xCE, 0xBB, 0xD6, 0xBB, 0xD6,
    0xBB, 0xD6, 0xBB, 0xD6, 0xBB, 0xD6, 0xBB, 0xD6, 0xBB, 0xD6, 0xBB, 0xD6, 0xBB, 0xD6, 0xBB, 0xD6,
    0xBB, 0xD6, 0xBB, 0xD6, 0xBB, 0xD6, 0xBB, 0xD6, 0xBB, 0xD6, 0xBB, 0xD6, 0xBB, 0xCE, 0xBB, 0xCE,
    0xBB, 0xCE, 0xBB, 0xCE, 0xBB, 0xCE, 0xDC, 0xD6, 0xBB, 0xD6, 0xBB, 0xCE, 0xDB, 0xD6, 0xFB, 0xDE,
    0x7E, 0xEF, 0xFF, 0xFF, 0xFF, 0xFF, 0xFF, 0xFF, 0xFF, 0xFF, 0xFF, 0xFF, 0xFF, 0xFF, 0xFF, 0xFF,
    0xFF, 0xFF, 0xFF, 0xFF, 0xFF, 0xFF, 0xFF, 0xFF, 0xFF, 0xFF, 0xFF, 0xFF, 0xFF, 0xFF, 0xFF, 0xFF,
    0xFF, 0xFF, 0xFF, 0xFF, 0xFF, 0xFF, 0xFF, 0xFF, 0xFF, 0xFF, 0xFF, 0xFF, 0xFF, 0xFF, 0xFF, 0xFF,
    0xFF, 0xFF, 0xFF, 0xFF, 0xFF, 0xFF, 0xFF, 0xFF, 0xFF, 0xFF, 0xFF, 0xFF, 0xFF, 0xFF, 0xFF, 0xFF,
    0xFF, 0xFF, 0xFF, 0xFF, 0xFF, 0xFF, 0xFF, 0xFF, 0xFF, 0xFF, 0xFF, 0xFF, 0xFF, 0xFF, 0xFF, 0xFF,
    0xFF, 0xFF, 0xFF, 0xFF, 0xFF, 0xFF, 0xFF, 0xFF, 0xFF, 0xFF, 0xFF, 0xFF, 0xDF, 0xFF, 0xDF, 0xFF,
    0xFF, 0xFF, 0xBF, 0xFF, 0xDC, 0xCE, 0x9A, 0xC6, 0xBA, 0xCE, 0xBB, 0xD6, 0xBB, 0xD6, 0xBB, 0xD6,
    0xBC, 0xD6, 0xBC, 0xD6, 0xBC, 0xD6, 0x9B, 0xCE, 0x9B, 0xCE, 0xBB, 0xD6, 0x9B, 0xCE, 0xBB, 0xD6,
    0xBB, 0xCE, 0xBB, 0xCE, 0xBB, 0xCE, 0xBB, 0xCE, 0xBB, 0xCE, 0xBB, 0xCE, 0xBB, 0xCE, 0xBB, 0xCE,
    0xBB, 0xCE, 0xBB, 0xD6, 0xBB, 0xD6, 0xBB, 0xD6, 0xBB, 0xD6, 0xBB, 0xCE, 0xBB, 0xCE, 0xBB, 0xCE,
    0xBB, 0xCE, 0xBB, 0xCE, 0xBB, 0xCE, 0xBB, 0xCE, 0xBB, 0xD6, 0xBB, 0xD6, 0xBB, 0xD6, 0xBB, 0xD6,
    0xBB, 0xD6, 0xBB, 0xD6, 0xBB, 0xD6, 0xBB, 0xD6, 0xBB, 0xD6, 0xBB, 0xD6, 0xBB, 0xD6, 0xBB, 0xD6,
    0xBB, 0xD6, 0xBB, 0xD6, 0xBB, 0xD6, 0xBB, 0xD6, 0xBB, 0xCE, 0xBB, 0xCE, 0xBB, 0xCE, 0xBB, 0xCE,
    0xBB, 0xCE, 0xBC, 0xCE, 0xDC, 0xD6, 0xDC, 0xD6, 0xDB, 0xD6, 0xBB, 0xD6, 0xBB, 0xCE, 0xDB, 0xD6,
    0xFF, 0xFF, 0xFF, 0xFF, 0xFF, 0xFF, 0xFF, 0xFF, 0xFF, 0xFF, 0xFF, 0xFF, 0xFF, 0xFF, 0xFF, 0xFF,
    0xFF, 0xFF, 0xFF, 0xFF, 0xFF, 0xFF, 0xFF, 0xFF, 0xFF, 0xFF, 0xFF, 0xFF, 0xFF, 0xFF, 0xFF, 0xFF,
    0xFF, 0xFF, 0xFF, 0xFF, 0xFF, 0xFF, 0xFF, 0xFF, 0xFF, 0xFF, 0xFF, 0xFF, 0xFF, 0xFF, 0xFF, 0xFF,
    0xFF, 0xFF, 0xFF, 0xFF, 0xFF, 0xFF, 0xFF, 0xFF, 0xFF, 0xFF, 0xFF, 0xFF, 0xFF, 0xFF, 0xFF, 0xFF,
    0xFF, 0xFF, 0xFF, 0xFF, 0xFF, 0xFF, 0xFF, 0xFF, 0xFF, 0xFF, 0xFF, 0xFF, 0xFF, 0xFF, 0xFF, 0xFF,
    0xFF, 0xFF, 0xFF, 0xFF, 0xFF, 0xFF, 0xFF, 0xFF, 0xFF, 0xFF, 0x9E, 0xEF, 0xDC, 0xDE, 0x7B, 0xCE,
    0x9B, 0xCE, 0xBB, 0xCE, 0xBB, 0xD6, 0xBB, 0xD6, 0xBB, 0xD6, 0xBB, 0xD6, 0xBB, 0xD6, 0xBB, 0xD6,
    0xBB, 0xD6, 0xBB, 0xD6, 0xBB, 0xD6, 0xBB, 0xD6, 0xBB, 0xD6, 0xBB, 0xD6, 0xBB, 0xD6, 0xBB, 0xD6,
    0xBB, 0xD6, 0xBB, 0xD6, 0xBB, 0xD6, 0xBB, 0xD6, 0xBB, 0xD6, 0xBB, 0xD6, 0xBB, 0xD6, 0xBB, 0xD6,
    0xBB, 0xD6, 0xBB, 0xD6, 0xBB, 0xD6, 0xBB, 0xD6, 0xBB, 0xD6, 0xBB, 0xD6, 0xBB, 0xD6, 0xBB, 0xD6,
    0xBB, 0xD6, 0xBB, 0xD6, 0xBB, 0xD6, 0xBB, 0xD6, 0xBB, 0xD6, 0xBB, 0xD6, 0xBB, 0xD6, 0xBB, 0xD6,
    0xBB, 0xD6, 0xBB, 0xD6, 0xBB, 0xD6, 0xBB, 0xD6, 0xBB, 0xD6, 0xBB, 0xD6, 0xBB, 0xD6, 0xBB, 0xD6,
    0xBB, 0xD6, 0xBB, 0xD6, 0xBB, 0xCE, 0xBB, 0xCE, 0xBB, 0xCE, 0xBB, 0xCE, 0xBB, 0xCE, 0xBB, 0xCE,
    0xBB, 0xCE, 0xBB, 0xCE, 0xBB, 0xCE, 0xBB, 0xCE, 0xBB, 0xCE, 0xBB, 0xCE, 0xDB, 0xDE, 0xFF, 0xFF,
    0xFF, 0xFF, 0xFF, 0xFF, 0xFF, 0xFF, 0xFF, 0xFF, 0xFF, 0xFF, 0xFF, 0xFF, 0xFF, 0xFF, 0xFF, 0xFF,
    0xFF, 0xFF, 0xFF, 0xFF, 0xFF, 0xFF, 0xFF, 0xFF, 0xFF, 0xFF, 0xFF, 0xFF, 0xFF, 0xFF, 0xFF, 0xFF,
    0xFF, 0xFF, 0xFF, 0xFF, 0xFF, 0xFF, 0xFF, 0xFF, 0xFF, 0xFF, 0xFF, 0xFF, 0xFF, 0xFF, 0xFF, 0xFF,
    0xFF, 0xFF, 0xFF, 0xFF, 0xFF, 0xFF, 0xFF, 0xFF, 0xFF, 0xFF, 0xFF, 0xFF, 0xFF, 0xFF, 0xFF, 0xFF,
    0xFF, 0xFF, 0xFF, 0xFF, 0xFF, 0xFF, 0xFF, 0xFF, 0xFF, 0xFF, 0xFF, 0xFF, 0xFF, 0xFF, 0xFF, 0xFF,
    0xDF, 0xFF, 0xFF, 0xFF, 0xBE, 0xF7, 0xFC, 0xDE, 0x7A, 0xCE, 0x7B, 0xCE, 0xBB, 0xCE, 0xBB, 0xCE,
    0xBB, 0xD6, 0xBB, 0xD6, 0xBB, 0xD6, 0xBB, 0xD6, 0xBB, 0xD6, 0xBB, 0xD6, 0xBB, 0xD6, 0xBB, 0xD6,
    0xBB, 0xD6, 0xBB, 0xD6, 0xBB, 0xD6, 0xBB, 0xD6, 0xBB, 0xD6, 0xBB, 0xD6, 0xBB, 0xD6, 0xBB, 0xD6,
    0xBB, 0xD6, 0xBB, 0xD6, 0xBB, 0xD6, 0xBB, 0xD6, 0xBB, 0xD6, 0xBB, 0xD6, 0xBB, 0xD6, 0xBB, 0xD6,
    0xBB, 0xD6, 0xBB, 0xD6, 0xBB, 0xD6, 0xBB, 0xD6, 0xBB, 0xD6, 0xBB, 0xD6, 0xBB, 0xD6, 0xBB, 0xD6,
    0xBB, 0xD6, 0xBB, 0xD6, 0xBB, 0xD6, 0xBB, 0xD6, 0xBB, 0xD6, 0xBB, 0xD6, 0xBB, 0xD6, 0xBB, 0xD6,
    0xBB, 0xD6, 0xBB, 0xD6, 0xBB, 0xD6, 0xBB, 0xD6, 0xBB, 0xD6, 0xBB, 0xD6, 0xBB, 0xD6, 0xBB, 0xD6,
    0xBB, 0xCE, 0xBB, 0xCE, 0xBB, 0xCE, 0xBB, 0xCE, 0xBB, 0xCE, 0xBB, 0xCE, 0xBB, 0xCE, 0xBB, 0xCE,
    0xBB, 0xCE, 0xBB, 0xCE, 0xBB, 0xCE, 0xBB, 0xCE, 0x9A, 0xCE, 0xDF, 0xFF, 0xFF, 0xFF, 0xFF, 0xFF,
    0xFF, 0xFF, 0xFF, 0xFF, 0xFF, 0xFF, 0xFF, 0xFF, 0xFF, 0xFF, 0xFF, 0xFF, 0xFF, 0xFF, 0xFF, 0xFF,
    0xFF, 0xFF, 0xFF, 0xFF, 0xFF, 0xFF, 0xFF, 0xFF, 0xFF, 0xFF, 0xFF, 0xFF, 0xFF, 0xFF, 0xFF, 0xFF,
    0xFF, 0xFF, 0xFF, 0xFF, 0xFF, 0xFF, 0xFF, 0xFF, 0xFF, 0xFF, 0xFF, 0xFF, 0xFF, 0xFF, 0xFF, 0xFF,
    0xFF, 0xFF, 0xFF, 0xFF, 0xFF, 0xFF, 0xFF, 0xFF, 0xFF, 0xFF, 0xFF, 0xFF, 0xFF, 0xFF, 0xFF, 0xFF,
    0xFF, 0xFF, 0xFF, 0xFF, 0xFF, 0xFF, 0xFF, 0xFF, 0xFF, 0xFF, 0xFF, 0xFF, 0xFF, 0xFF, 0x5E, 0xEF,
    0xBB, 0xD6, 0x9B, 0xCE, 0x9B, 0xCE, 0xBB, 0xD6, 0xBB, 0xCE, 0xBB, 0xCE, 0xBB, 0xCE, 0xBB, 0xD6,
    0xBB, 0xD6, 0xBB, 0xD6, 0xBB, 0xD6, 0xBB, 0xD6, 0xBB, 0xD6, 0xBB, 0xD6, 0xBB, 0xD6, 0xBB, 0xD6,
    0xBB, 0xD6, 0xBB, 0xD6, 0xBB, 0xD6, 0xBB, 0xD6, 0xBB, 0xD6, 0xBB, 0xD6, 0xBB, 0xD6, 0xBB, 0xD6,
    0xBB, 0xD6, 0xBB, 0xD6, 0xBB, 0xD6, 0xBB, 0xD6, 0xBB, 0xD6, 0xBB, 0xD6, 0xBB, 0xD6, 0xBB, 0xD6,
    0xBB, 0xD6, 0xBB, 0xD6, 0xBB, 0xD6, 0xBB, 0xD6, 0xBB, 0xD6, 0xBB, 0xD6, 0xBB, 0xD6, 0xBB, 0xD6,
    0xBB, 0xD6, 0xBB, 0xD6, 0xBB, 0xD6, 0xBB, 0xD6, 0xBB, 0xD6, 0xBB, 0xD6, 0xBB, 0xD6, 0xBB, 0xD6,
    0xBB, 0xD6, 0xBB, 0xD6, 0xBB, 0xD6, 0xBB, 0xD6, 0xBB, 0xD6, 0xBB, 0xD6, 0xBB, 0xCE, 0xBB, 0xCE,
    0xBB, 0xCE, 0xBB, 0xCE, 0xBB, 0xCE, 0xBB, 0xCE, 0xBB, 0xCE, 0xBB, 0xCE, 0xBB, 0xCE, 0xBB, 0xCE,
    0xBB, 0xCE, 0xBB, 0xCE, 0xBB, 0xCE, 0xDB, 0xDE, 0xBE, 0xF7, 0xFF, 0xFF, 0xFF, 0xFF, 0xFF, 0xFF,
    0xFF, 0xFF, 0xFF, 0xFF, 0xFF, 0xFF, 0xFF, 0xFF, 0xFF, 0xFF, 0xFF, 0xFF, 0xFF, 0xFF, 0xFF, 0xFF,
    0xFF, 0xFF, 0xFF, 0xFF, 0xFF, 0xFF, 0xFF, 0xFF, 0xFF, 0xFF, 0xFF, 0xFF, 0xFF, 0xFF, 0xFF, 0xFF,
    0xFF, 0xFF, 0xFF, 0xFF, 0xFF, 0xFF, 0xFF, 0xFF, 0xFF, 0xFF, 0xFF, 0xFF, 0xFF, 0xFF, 0xFF, 0xFF,
    0xFF, 0xFF, 0xFF, 0xFF, 0xFF, 0xFF, 0xFF, 0xFF, 0xFF, 0xFF, 0xFF, 0xFF, 0xFF, 0xFF, 0xFF, 0xFF,
    0xFF, 0xFF, 0xFF, 0xFF, 0xFF, 0xFF, 0xDF, 0xFF, 0x1D, 0xE7, 0x9B, 0xD6, 0x9B, 0xD6, 0x9B, 0xD6,
    0x9B, 0xD6, 0x9B, 0xCE, 0xBB, 0xCE, 0xBB, 0xCE, 0xBB, 0xCE, 0xBB, 0xD6, 0xBB, 0xD6, 0xBB, 0xD6,
    0xBB, 0xD6, 0xBB, 0xD6, 0xBB, 0xD6, 0xBB, 0xD6, 0xBB, 0xD6, 0xBB, 0xD6, 0xBB, 0xD6, 0xBB, 0xD6,
    0xBB, 0xD6, 0xBB, 0xD6, 0xBB, 0xD6, 0xBB, 0xD6, 0xBB, 0xD6, 0xBB, 0xD6, 0xBB, 0xD6, 0xBB, 0xD6,
    0xBB, 0xD6, 0xBB, 0xD6, 0xBB, 0xD6, 0xBB, 0xD6, 0xBB, 0xD6, 0xBB, 0xD6, 0xBB, 0xD6, 0xBB, 0xD6,
    0xBB, 0xD6, 0xBB, 0xD6, 0xBB, 0xD6, 0xBB, 0xD6, 0xBB, 0xD6, 0xBB, 0xD6, 0xBB, 0xD6, 0xBB, 0xD6,
    0xBB, 0xD6, 0xBB, 0xD6, 0xBB, 0xD6, 0xBB, 0xD6, 0xBB, 0xD6, 0xBB, 0xD6, 0xBB, 0xD6, 0xBB, 0xD6,
    0xBB, 0xD6, 0xBB, 0xD6, 0xBB, 0xD6, 0xBB, 0xD6, 0xBB, 0xCE, 0xBB, 0xCE, 0xBB, 0xCE, 0xBB, 0xCE,
    0xBB, 0xCE, 0xBB, 0xCE, 0xBB, 0xCE, 0xBB, 0xCE, 0xBB, 0xCE, 0xBB, 0xCE, 0xBB, 0xCE, 0xBB, 0xCE,
    0xBB, 0xCE, 0x9A, 0xCE, 0x1D, 0xE7, 0xFF, 0xFF, 0xFF, 0xFF, 0xFF, 0xFF, 0xFF, 0xFF, 0xFF, 0xFF,
    0xFF, 0xFF, 0xFF, 0xFF, 0xFF, 0xFF, 0xFF, 0xFF, 0xFF, 0xFF, 0xFF, 0xFF, 0xFF, 0xFF, 0xFF, 0xFF,
    0xFF, 0xFF, 0xFF, 0xFF, 0xFF, 0xFF, 0xFF, 0xFF, 0xFF, 0xFF, 0xFF, 0xFF, 0xFF, 0xFF, 0xFF, 0xFF,
    0xFF, 0xFF, 0xFF, 0xFF, 0xFF, 0xFF, 0xFF, 0xFF, 0xFF, 0xFF, 0xFF, 0xFF, 0xFF, 0xFF, 0xFF, 0xFF,
    0xFF, 0xFF, 0xFF, 0xFF, 0xFF, 0xFF, 0xFF, 0xFF, 0xFF, 0xFF, 0xFF, 0xFF, 0xFF, 0xFF, 0xFF, 0xFF,
    0xFF, 0xFF, 0x3D, 0xE7, 0x9B, 0xCE, 0xDC, 0xD6, 0xBB, 0xD6, 0xBB, 0xD6, 0xBB, 0xD6, 0xBB, 0xD6,
    0xBB, 0xD6, 0xBB, 0xD6, 0xBB, 0xD6, 0xBB, 0xD6, 0xBB, 0xD6, 0xBB, 0xD6, 0xBB, 0xD6, 0xBB, 0xD6,
    0xBB, 0xD6, 0xBB, 0xD6, 0xBB, 0xD6, 0xBB, 0xD6, 0xBB, 0xD6, 0xBB, 0xD6, 0xBB, 0xD6, 0xBB, 0xD6,
    0xBB, 0xD6, 0xBB, 0xD6, 0xBB, 0xD6, 0xBB, 0xD6, 0xBB, 0xD6, 0xBB, 0xD6, 0xBB, 0xD6, 0xBB, 0xD6,
    0xBB, 0xD6, 0xBB, 0xD6, 0xBB, 0xD6, 0xBB, 0xD6, 0xBB, 0xD6, 0xBB, 0xD6, 0xBB, 0xD6, 0xBB, 0xD6,
    0xBB, 0xD6, 0xBB, 0xD6, 0xBB, 0xCE, 0xBB, 0xCE, 0xBB, 0xCE, 0xBB, 0xCE, 0xBB, 0xD6, 0xBB, 0xD6,
    0xBB, 0xD6, 0xBB, 0xD6, 0xBB, 0xD6, 0xBB, 0xD6, 0xBB, 0xD6, 0xBB, 0xD6, 0xBB, 0xCE, 0xBB, 0xCE,
    0xBB, 0xCE, 0xBB, 0xCE, 0xBB, 0xCE, 0xBB, 0xCE, 0xBB, 0xCE, 0xBB, 0xCE, 0xBB, 0xD6, 0xBB, 0xD6,
    0xBB, 0xD6, 0xBB, 0xD6, 0xBB, 0xD6, 0xBB, 0xD6, 0xBB, 0xD6, 0xBB, 0xD6, 0xBB, 0xD6, 0xBB, 0xD6,
    0xBB, 0xD6, 0x7E, 0xE7, 0xFF, 0xFF, 0xFF, 0xFF, 0xFF, 0xFF, 0xFF, 0xFF, 0xFF, 0xFF, 0xFF, 0xFF,
    0xFF, 0xFF, 0xFF, 0xFF, 0xFF, 0xFF, 0xFF, 0xFF, 0xFF, 0xFF, 0xFF, 0xFF, 0xFF, 0xFF, 0xFF, 0xFF,
    0xFF, 0xFF, 0xFF, 0xFF, 0xFF, 0xFF, 0xFF, 0xFF, 0xFF, 0xFF, 0xFF, 0xFF, 0xFF, 0xFF, 0xFF, 0xFF,
    0xFF, 0xFF, 0xFF, 0xFF, 0xFF, 0xFF, 0xFF, 0xFF, 0xFF, 0xFF, 0xFF, 0xFF, 0xFF, 0xFF, 0xFF, 0xFF,
    0xFF, 0xFF, 0xFF, 0xFF, 0xFF, 0xFF, 0xFF, 0xFF, 0xFF, 0xFF, 0xFF, 0xFF, 0x5D, 0xE7, 0x7A, 0xCE,
    0xBB, 0xD6, 0x9B, 0xCE, 0xBB, 0xD6, 0xBB, 0xD6, 0xBB, 0xD6, 0xBB, 0xD6, 0xBB, 0xD6, 0xBB, 0xD6,
    0xBB, 0xD6, 0xBB, 0xD6, 0xBB, 0xD6, 0xBB, 0xD6, 0xBB, 0xD6, 0xBB, 0xD6, 0xBB, 0xD6, 0xBB, 0xD6,
    0xBB, 0xD6, 0xBB, 0xD6, 0xBB, 0xD6, 0xBB, 0xD6, 0xBB, 0xD6, 0xBB, 0xD6, 0xBB, 0xD6, 0xBB, 0xD6,
    0xBB, 0xD6, 0xBB, 0xD6, 0xBB, 0xD6, 0xBB, 0xD6, 0xBB, 0xD6, 0xBB, 0xD6, 0xBB, 0xD6, 0xBB, 0xD6,
    0xBB, 0xD6, 0xBB, 0xD6, 0xBB, 0xD6, 0xBB, 0xD6, 0xBB, 0xD6, 0xBB, 0xD6, 0xBB, 0xD6, 0xBB, 0xD6,
    0xBB, 0xCE, 0xBB, 0xCE, 0xBB, 0xCE, 0xBB, 0xCE, 0xBB, 0xD6, 0xBB, 0xD6, 0xBB, 0xD6, 0xBB, 0xD6,
    0xBB, 0xD6, 0xBB, 0xD6, 0xBB, 0xD6, 0xBB, 0xD6, 0xBB, 0xCE, 0xBB, 0xCE, 0xBB, 0xCE, 0xBB, 0xCE,
    0xBB, 0xCE, 0xBB, 0xCE, 0xBB, 0xCE, 0xBB, 0xCE, 0xBB, 0xD6, 0xBB, 0xD6, 0xBB, 0xD6, 0xBB, 0xD6,
    0xBB, 0xD6, 0xBB, 0xD6, 0xBB, 0xD6, 0xBB, 0xD6, 0xBB, 0xD6, 0xBB, 0xD6, 0xBB, 0xD6, 0xBB, 0xD6,
    0xDF, 0xF7, 0xFF, 0xFF, 0xFF, 0xFF, 0xFF, 0xFF, 0xFF, 0xFF, 0xFF, 0xFF, 0xFF, 0xFF, 0xFF, 0xFF,
    0xFF, 0xFF, 0xFF, 0xFF, 0xFF, 0xFF, 0xFF, 0xFF, 0xFF, 0xFF, 0xFF, 0xFF, 0xFF, 0xFF, 0xFF, 0xFF,
    0xFF, 0xFF, 0xFF, 0xFF, 0xFF, 0xFF, 0xFF, 0xFF, 0xFF, 0xFF, 0xFF, 0xFF, 0xFF, 0xFF, 0xFF, 0xFF,
    0xFF, 0xFF, 0xFF, 0xFF, 0xFF, 0xFF, 0xFF, 0xFF, 0xFF, 0xFF, 0xFF, 0xFF, 0xFF, 0xFF, 0xFF, 0xFF,
    0xFF, 0xFF, 0xFF, 0xFF, 0xFF, 0xFF, 0x9E, 0xF7, 0xBB, 0xD6, 0x9B, 0xCE, 0xBB, 0xD6, 0x9A, 0xCE,
    0xBB, 0xD6, 0xBB, 0xD6, 0xBB, 0xD6, 0xBB, 0xD6, 0xBB, 0xD6, 0xBB, 0xD6, 0xBB, 0xD6, 0xBB, 0xD6,
    0xBB, 0xD6, 0xBB, 0xD6, 0xBB, 0xD6, 0xBB, 0xD6, 0xBB, 0xD6, 0xBB, 0xD6, 0xBB, 0xD6, 0xBB, 0xD6,
    0xBB, 0xD6, 0xBB, 0xD6, 0xBB, 0xD6, 0xBB, 0xD6, 0xBB, 0xD6, 0xBB, 0xD6, 0xBB, 0xD6, 0xBB, 0xD6,
    0xBB, 0xD6, 0xBB, 0xD6, 0xBB, 0xD6, 0xBB, 0xD6, 0xBB, 0xD6, 0xBB, 0xD6, 0xBB, 0xD6, 0xBB, 0xD6,
    0xBB, 0xD6, 0xBB, 0xD6, 0xBB, 0xD6, 0xBB, 0xD6, 0xBB, 0xD6, 0xBB, 0xD6, 0xBB, 0xCE, 0xBB, 0xCE,
    0xBB, 0xCE, 0xBB, 0xCE, 0xBB, 0xD6, 0xBB, 0xD6, 0xBB, 0xD6, 0xBB, 0xD6, 0xBB, 0xD6, 0xBB, 0xD6,
    0xBB, 0xD6, 0xBB, 0xD6, 0xBB, 0xCE, 0xBB, 0xCE, 0xBB, 0xCE, 0xBB, 0xCE, 0xBB, 0xCE, 0xBB, 0xCE,
    0xBB, 0xCE, 0xBB, 0xCE, 0xBB, 0xD6, 0xBB, 0xD6, 0xBB, 0xD6, 0xBB, 0xD6, 0xBB, 0xD6, 0xBB, 0xD6,
    0xBB, 0xD6, 0xBB, 0xD6, 0xBB, 0xD6, 0xBB, 0xD6, 0xBB, 0xD6, 0x7A, 0xCE, 0x5D, 0xE7, 0xFF, 0xFF,
    0xFF, 0xFF, 0xFF, 0xFF, 0xFF, 0xFF, 0xFF, 0xFF, 0xFF, 0xFF, 0xFF, 0xFF, 0xFF, 0xFF, 0xFF, 0xFF,
    0xFF, 0xFF, 0xFF, 0xFF, 0xFF, 0xFF, 0xFF, 0xFF, 0xFF, 0xFF, 0xFF, 0xFF, 0xFF, 0xFF, 0xFF, 0xFF,
    0xFF, 0xFF, 0xFF, 0xFF, 0xFF, 0xFF, 0xFF, 0xFF, 0xFF, 0xFF, 0xFF, 0xFF, 0xFF, 0xFF, 0xFF, 0xFF,
    0xFF, 0xFF, 0xFF, 0xFF, 0xFF, 0xFF, 0xFF, 0xFF, 0xFF, 0xFF, 0xFF, 0xFF, 0xFF, 0xFF, 0xFF, 0xFF,
    0xBE, 0xF7, 0xDB, 0xDE, 0x9B, 0xD6, 0xBB, 0xD6, 0xBB, 0xD6, 0xBA, 0xD6, 0xBB, 0xD6, 0xBB, 0xD6,
    0xBB, 0xD6, 0xBB, 0xD6, 0xBB, 0xD6, 0xBB, 0xD6, 0xBB, 0xD6, 0xBB, 0xD6, 0xBB, 0xD6, 0xBB, 0xD6,
    0xBB, 0xD6, 0xBB, 0xD6, 0xBB, 0xD6, 0xBB, 0xD6, 0xBB, 0xD6, 0xBB, 0xD6, 0xBB, 0xD6, 0xBB, 0xD6,
    0xBB, 0xD6, 0xBB, 0xD6, 0xBB, 0xD6, 0xBB, 0xD6, 0xBB, 0xD6, 0xBB, 0xD6, 0xBB, 0xD6, 0xBB, 0xD6,
    0xBB, 0xD6, 0xBB, 0xD6, 0xBB, 0xD6, 0xBB, 0xD6, 0xBB, 0xD6, 0xBB, 0xD6, 0xBB, 0xD6, 0xBB, 0xD6,
    0xBB, 0xD6, 0xBB, 0xD6, 0xBB, 0xD6, 0xBB, 0xD6, 0xBB, 0xCE, 0xBB, 0xCE, 0xBB, 0xCE, 0xBB, 0xCE,
    0xBB, 0xD6, 0xBB, 0xD6, 0xBB, 0xD6, 0xBB, 0xD6, 0xBB, 0xD6, 0xBB, 0xD6, 0xBB, 0xD6, 0xBB, 0xD6,
    0xBB, 0xCE, 0xBB, 0xCE, 0xBB, 0xCE, 0xBB, 0xCE, 0xBB, 0xCE, 0xBB, 0xCE, 0xBB, 0xCE, 0xBB, 0xCE,
    0xBB, 0xD6, 0xBB, 0xD6, 0xBB, 0xD6, 0xBB, 0xD6, 0xBB, 0xD6, 0xBB, 0xD6, 0xBB, 0xD6, 0xBB, 0xD6,
    0xBB, 0xD6, 0xBB, 0xD6, 0xBB, 0xD6, 0xDB, 0xD6, 0xBB, 0xD6, 0xDF, 0xFF, 0xFF, 0xFF, 0xFF, 0xFF,
    0xFF, 0xFF, 0xFF, 0xFF, 0xFF, 0xFF, 0xFF, 0xFF, 0xFF, 0xFF, 0xFF, 0xFF, 0xFF, 0xFF, 0xFF, 0xFF,
    0xFF, 0xFF, 0xFF, 0xFF, 0xFF, 0xFF, 0xFF, 0xFF, 0xFF, 0xFF, 0xFF, 0xFF, 0xFF, 0xFF, 0xFF, 0xFF,
    0xFF, 0xFF, 0xFF, 0xFF, 0xFF, 0xFF, 0xFF, 0xFF, 0xFF, 0xFF, 0xFF, 0xFF, 0xFF, 0xFF, 0xFF, 0xFF,
    0xFF, 0xFF, 0xFF, 0xFF, 0xFF, 0xFF, 0xFF, 0xFF, 0xDF, 0xFF, 0xFF, 0xFF, 0x1D, 0xDF, 0xBB, 0xCE,
    0xBB, 0xD6, 0xBB, 0xD6, 0xBB, 0xD6, 0xBB, 0xD6, 0xBB, 0xD6, 0xBB, 0xD6, 0xBB, 0xD6, 0xBB, 0xD6,
    0xBB, 0xD6, 0xBB, 0xD6, 0xBB, 0xD6, 0xBB, 0xD6, 0xBB, 0xD6, 0xBB, 0xD6, 0xBB, 0xD6, 0xBB, 0xD6,
    0xBB, 0xD6, 0xBB, 0xD6, 0xBB, 0xD6, 0xBB, 0xD6, 0xBB, 0xD6, 0xBB, 0xD6, 0xBB, 0xD6, 0xBB, 0xD6,
    0xBB, 0xD6, 0xBB, 0xD6, 0xBB, 0xD6, 0xBB, 0xD6, 0xBB, 0xD6, 0xBB, 0xD6, 0xBB, 0xD6, 0xBB, 0xD6,
    0xBB, 0xD6, 0xBB, 0xD6, 0xBB, 0xD6, 0xBB, 0xD6, 0xBB, 0xD6, 0xBB, 0xD6, 0xBB, 0xD6, 0xBB, 0xD6,
    0xBB, 0xD6, 0xBB, 0xD6, 0xBB, 0xD6, 0xBB, 0xD6, 0xBB, 0xD6, 0xBB, 0xD6, 0xBB, 0xD6, 0xBB, 0xD6,
    0xBB, 0xD6, 0xBB, 0xD6, 0xBB, 0xD6, 0xBB, 0xD6, 0xBB, 0xD6, 0xBB, 0xD6, 0xBB, 0xD6, 0xBB, 0xD6,
    0xBB, 0xD6, 0xBB, 0xD6, 0xBB, 0xD6, 0xBB, 0xD6, 0xBB, 0xD6, 0xBB, 0xD6, 0xBB, 0xD6, 0xBB, 0xD6,
    0xBB, 0xD6, 0xBB, 0xD6, 0xBB, 0xD6, 0xBB, 0xD6, 0xBB, 0xD6, 0xBB, 0xD6, 0xBB, 0xD6, 0xBB, 0xD6,
    0xBB, 0xD6, 0xBB, 0xCE, 0x9B, 0xCE, 0x5D, 0xE7, 0xFF, 0xFF, 0xFF, 0xFF, 0xFF, 0xFF, 0xFF, 0xFF,
    0xFF, 0xFF, 0xFF, 0xFF, 0xFF, 0xFF, 0xFF, 0xFF, 0xFF, 0xFF, 0xFF, 0xFF, 0xFF, 0xFF, 0xFF, 0xFF,
    0xFF, 0xFF, 0xFF, 0xFF, 0xFF, 0xFF, 0xFF, 0xFF, 0xFF, 0xFF, 0xFF, 0xFF, 0xFF, 0xFF, 0xFF, 0xFF,
    0xFF, 0xFF, 0xFF, 0xFF, 0xFF, 0xFF, 0xFF, 0xFF, 0xFF, 0xFF, 0xFF, 0xFF, 0xFF, 0xFF, 0xFF, 0xFF,
    0xFF, 0xFF, 0xFF, 0xFF, 0xFF, 0xFF, 0xDF, 0xFF, 0xDC, 0xD6, 0xBB, 0xD6, 0xBB, 0xD6, 0xBB, 0xD6,
    0xBB, 0xD6, 0xBB, 0xD6, 0xBB, 0xD6, 0xBB, 0xD6, 0xBB, 0xD6, 0xBB, 0xD6, 0xBB, 0xD6, 0xBB, 0xD6,
    0xBB, 0xD6, 0xBB, 0xD6, 0xBB, 0xD6, 0xBB, 0xD6, 0xBB, 0xD6, 0xBB, 0xD6, 0xBB, 0xD6, 0xBB, 0xD6,
    0xBB, 0xD6, 0xBB, 0xD6, 0xBB, 0xD6, 0xBB, 0xD6, 0xBB, 0xD6, 0xBB, 0xD6, 0xBB, 0xD6, 0xBB, 0xD6,
    0xBB, 0xD6, 0xBB, 0xD6, 0xBB, 0xD6, 0xBB, 0xD6, 0xBB, 0xD6, 0xBB, 0xD6, 0xBB, 0xD6, 0xBB, 0xD6,
    0xBB, 0xD6, 0xBB, 0xD6, 0xBB, 0xD6, 0xBB, 0xD6, 0xBB, 0xD6, 0xBB, 0xD6, 0xBB, 0xD6, 0xBB, 0xD6,
    0xBB, 0xD6, 0xBB, 0xD6, 0xBB, 0xD6, 0xBB, 0xD6, 0xBB, 0xD6, 0xBB, 0xD6, 0xBB, 0xD6, 0xBB, 0xD6,
    0xBB, 0xD6, 0xBB, 0xD6, 0xBB, 0xD6, 0xBB, 0xD6, 0xBB, 0xD6, 0xBB, 0xD6, 0xBB, 0xD6, 0xBB, 0xD6,
    0xBB, 0xD6, 0xBB, 0xD6, 0xBB, 0xD6, 0xBB, 0xD6, 0xBB, 0xD6, 0xBB, 0xD6, 0xBB, 0xD6, 0xBB, 0xD6,
    0xBB, 0xD6, 0xBB, 0xD6, 0xBB, 0xD6, 0xBB, 0xD6, 0xBB, 0xD6, 0xBB, 0xD6, 0xBB, 0xD6, 0xBB, 0xCE,
    0xBB, 0xCE, 0x3D, 0xE7, 0xFF, 0xFF, 0xFF, 0xFF, 0xFF, 0xFF, 0xFF, 0xFF, 0xFF, 0xFF, 0xFF, 0xFF,
    0xFF, 0xFF, 0xFF, 0xFF, 0xFF, 0xFF, 0xFF, 0xFF, 0xFF, 0xFF, 0xFF, 0xFF, 0xFF, 0xFF, 0xFF, 0xFF,
    0xFF, 0xFF, 0xFF, 0xFF, 0xFF, 0xFF, 0xFF, 0xFF, 0xFF, 0xFF, 0xFF, 0xFF, 0xFF, 0xFF, 0xFF, 0xFF,
    0xFF, 0xFF, 0xFF, 0xFF, 0xFF, 0xFF, 0xFF, 0xFF, 0xFF, 0xFF, 0xFF, 0xFF, 0xFF, 0xFF, 0xFF, 0xFF,
    0xFF, 0xFF, 0xBF, 0xF7, 0xBB, 0xD6, 0xBB, 0xD6, 0xBB, 0xD6, 0xBB, 0xD6, 0xBB, 0xD6, 0xBB, 0xD6,
    0xBB, 0xD6, 0xBB, 0xD6, 0xBB, 0xD6, 0xBB, 0xD6, 0xBB, 0xD6, 0xBB, 0xD6, 0xBB, 0xD6, 0xBB, 0xD6,
    0xBB, 0xD6, 0xBB, 0xD6, 0xBB, 0xD6, 0xBB, 0xD6, 0xBB, 0xD6, 0xBB, 0xD6, 0xBB, 0xD6, 0xBB, 0xD6,
    0xBB, 0xD6, 0xBB, 0xD6, 0xBB, 0xD6, 0xBB, 0xD6, 0xBB, 0xD6, 0xBB, 0xD6, 0xBB, 0xD6, 0xBB, 0xD6,
    0xBB, 0xD6, 0xBB, 0xD6, 0xBB, 0xD6, 0xBB, 0xD6, 0xBB, 0xD6, 0xBB, 0xD6, 0xBB, 0xD6, 0xBB, 0xD6,
    0xBB, 0xD6, 0xBB, 0xD6, 0xBB, 0xD6, 0xBB, 0xD6, 0xBB, 0xD6, 0xBB, 0xD6, 0xBB, 0xD6, 0xBB, 0xD6,
    0xBB, 0xD6, 0xBB, 0xD6, 0xBB, 0xD6, 0xBB, 0xD6, 0xBB, 0xD6, 0xBB, 0xD6, 0xBB, 0xD6, 0xBB, 0xD6,
    0xBB, 0xD6, 0xBB, 0xD6, 0xBB, 0xD6, 0xBB, 0xD6, 0xBB, 0xD6, 0xBB, 0xD6, 0xBB, 0xD6, 0xBB, 0xD6,
    0xBB, 0xD6, 0xBB, 0xD6, 0xBB, 0xD6, 0xBB, 0xD6, 0xBB, 0xD6, 0xBB, 0xD6, 0xBB, 0xD6, 0xBB, 0xD6,
    0xBB, 0xD6, 0xBB, 0xD6, 0xBB, 0xD6, 0xBB, 0xD6, 0xBB, 0xD6, 0xBB, 0xCE, 0xBB, 0xCE, 0x3C, 0xE7,
    0xFF, 0xFF, 0xFF, 0xFF, 0xFF, 0xFF, 0xFF, 0xFF, 0xFF, 0xFF, 0xFF, 0xFF, 0xFF, 0xFF, 0xFF, 0xFF,
    0xFF, 0xFF, 0xFF, 0xFF, 0xFF, 0xFF, 0xFF, 0xFF, 0xFF, 0xFF, 0xFF, 0xFF, 0xFF, 0xFF, 0xFF, 0xFF,
    0xFF, 0xFF, 0xFF, 0xFF, 0xFF, 0xFF, 0xFF, 0xFF, 0xFF, 0xFF, 0xFF, 0xFF, 0xFF, 0xFF, 0xFF, 0xFF,
    0xFF, 0xFF, 0xFF, 0xFF, 0xFF, 0xFF, 0xFF, 0xFF, 0xFF, 0xFF, 0xFF, 0xFF, 0xFF, 0xFF, 0x3D, 0xE7,
    0x9B, 0xD6, 0xBB, 0xD6, 0xBB, 0xD6, 0xBB, 0xD6, 0xBB, 0xD6, 0xBB, 0xD6, 0xBB, 0xD6, 0xBB, 0xD6,
    0xBB, 0xD6, 0xBB, 0xD6, 0xBB, 0xD6, 0xBB, 0xD6, 0xBB, 0xD6, 0xBB, 0xD6, 0xBB, 0xD6, 0xBB, 0xD6,
    0xBB, 0xD6, 0xBB, 0xD6, 0xBB, 0xD6, 0xBB, 0xD6, 0xBB, 0xD6, 0xBB, 0xD6, 0xBB, 0xD6, 0xBB, 0xD6,
    0xBB, 0xD6, 0xBB, 0xD6, 0xBB, 0xD6, 0xBB, 0xD6, 0xBB, 0xD6, 0xBB, 0xD6, 0xBB, 0xD6, 0xBB, 0xD6,
    0xBB, 0xD6, 0xBB, 0xD6, 0xBB, 0xD6, 0xBB, 0xD6, 0xBB, 0xD6, 0xBB, 0xD6, 0xBB, 0xD6, 0xBB, 0xD6,
    0xBB, 0xD6, 0xBB, 0xD6, 0xBB, 0xD6, 0xBB, 0xD6, 0xBB, 0xD6, 0xBB, 0xD6, 0xBB, 0xD6, 0xBB, 0xD6,
    0xBB, 0xD6, 0xBB, 0xD6, 0xBB, 0xD6, 0xBB, 0xD6, 0xBB, 0xD6, 0xBB, 0xD6, 0xBB, 0xD6, 0xBB, 0xD6,
    0xBB, 0xD6, 0xBB, 0xD6, 0xBB, 0xD6, 0xBB, 0xD6, 0xBB, 0xD6, 0xBB, 0xD6, 0xBB, 0xD6, 0xBB, 0xD6,
    0xBB, 0xD6, 0xBB, 0xD6, 0xBB, 0xD6, 0xBB, 0xD6, 0xBB, 0xD6, 0xBB, 0xD6, 0xBB, 0xD6, 0xBB, 0xD6,
    0xBB, 0xD6, 0xBB, 0xD6, 0xBB, 0xD6, 0xBB, 0xCE, 0xBB, 0xCE, 0xFC, 0xDE, 0xDF, 0xFF, 0xFF, 0xFF,
    0xFF, 0xFF, 0xFF, 0xFF, 0xFF, 0xFF, 0xFF, 0xFF, 0xFF, 0xFF, 0xFF, 0xFF, 0xFF, 0xFF, 0xFF, 0xFF,
    0xFF, 0xFF, 0xFF, 0xFF, 0xFF, 0xFF, 0xFF, 0xFF, 0xFF, 0xFF, 0xFF, 0xFF, 0xFF, 0xFF, 0xFF, 0xFF,
    0xFF, 0xFF, 0xFF, 0xFF, 0xFF, 0xFF, 0xFF, 0xFF, 0xFF, 0xFF, 0xFF, 0xFF, 0xFF, 0xFF, 0xFF, 0xFF,
    0xFF, 0xFF, 0xFF, 0xFF, 0xFF, 0xFF, 0xFF, 0xFF, 0xFF, 0xFF, 0xFC, 0xDE, 0xBB, 0xD6, 0xBB, 0xD6,
    0xBB, 0xD6, 0xBB, 0xD6, 0xBB, 0xD6, 0xBB, 0xD6, 0xBB, 0xD6, 0xBB, 0xD6, 0xBB, 0xD6, 0xBB, 0xD6,
    0xBB, 0xD6, 0xBB, 0xD6, 0xBB, 0xD6, 0xBB, 0xD6, 0xBB, 0xD6, 0xBB, 0xD6, 0xBB, 0xD6, 0xBB, 0xD6,
    0xBB, 0xD6, 0xBB, 0xD6, 0xBB, 0xD6, 0xBB, 0xD6, 0xBB, 0xD6, 0xBB, 0xD6, 0xBB, 0xD6, 0xBB, 0xD6,
    0xBB, 0xD6, 0xBB, 0xD6, 0xBB, 0xD6, 0xBB, 0xD6, 0xBB, 0xD6, 0xBB, 0xD6, 0xBB, 0xD6, 0xBB, 0xD6,
    0xBB, 0xD6, 0xBB, 0xD6, 0xBB, 0xD6, 0xBB, 0xD6, 0xBB, 0xD6, 0xBB, 0xD6, 0xBB, 0xD6, 0xBB, 0xD6,
    0xBB, 0xD6, 0xBB, 0xD6, 0xBB, 0xD6, 0xBB, 0xD6, 0xBB, 0xD6, 0xBB, 0xD6, 0xBB, 0xD6, 0xBB, 0xD6,
    0xBB, 0xD6, 0xBB, 0xD6, 0xBB, 0xD6, 0xBB, 0xD6, 0xBB, 0xD6, 0xBB, 0xD6, 0xBB, 0xD6, 0xBB, 0xD6,
    0xBB, 0xD6, 0xBB, 0xD6, 0xBB, 0xD6, 0xBB, 0xD6, 0xBB, 0xD6, 0xBB, 0xD6, 0xBB, 0xD6, 0xBB, 0xD6,
    0xBB, 0xD6, 0xBB, 0xD6, 0xBB, 0xD6, 0xBB, 0xD6, 0xBB, 0xD6, 0xBB, 0xD6, 0xBB, 0xD6, 0xBB, 0xD6,
    0xBB, 0xD6, 0x9B, 0xCE, 0xBB, 0xD6, 0xDB, 0xD6, 0xDF, 0xFF, 0xFF, 0xFF, 0xFF, 0xFF, 0xFF, 0xFF,
    0xFF, 0xFF, 0xFF, 0xFF, 0xFF, 0xFF, 0xFF, 0xFF, 0xFF, 0xFF, 0xFF, 0xFF, 0xFF, 0xFF, 0xFF, 0xFF,
    0xFF, 0xFF, 0xFF, 0xFF, 0xFF, 0xFF, 0xFF, 0xFF, 0xFF, 0xFF, 0xFF, 0xFF, 0xFF, 0xFF, 0xFF, 0xFF,
    0xFF, 0xFF, 0xFF, 0xFF, 0xFF, 0xFF, 0xFF, 0xFF, 0xFF, 0xFF, 0xFF, 0xFF, 0xFF, 0xFF, 0xFF, 0xFF,
    0xFF, 0xFF, 0xFF, 0xFF, 0xFF, 0xFF, 0xBC, 0xD6, 0xBC, 0xCE, 0xDB, 0xD6, 0xBB, 0xD6, 0xBB, 0xD6,
    0xBB, 0xD6, 0xBB, 0xD6, 0xBB, 0xD6, 0xBB, 0xD6, 0xBB, 0xD6, 0xBB, 0xD6, 0xBB, 0xD6, 0xBB, 0xD6,
    0xBB, 0xD6, 0xBB, 0xCE, 0xBB, 0xCE, 0xBB, 0xCE, 0xBB, 0xCE, 0xBB, 0xD6, 0xBB, 0xD6, 0xBB, 0xD6,
    0xBB, 0xD6, 0xBB, 0xD6, 0xBB, 0xD6, 0xBB, 0xD6, 0xBB, 0xD6, 0xBB, 0xD6, 0xBB, 0xD6, 0xBB, 0xD6,
    0xBB, 0xD6, 0xBB, 0xD6, 0xBB, 0xD6, 0xBB, 0xD6, 0xBB, 0xD6, 0xBB, 0xD6, 0xBB, 0xD6, 0xBB, 0xD6,
    0xBB, 0xD6, 0xBB, 0xD6, 0xBB, 0xD6, 0xBB, 0xD6, 0xBB, 0xD6, 0xBB, 0xD6, 0xBB, 0xD6, 0xBB, 0xD6,
    0xBB, 0xD6, 0xBB, 0xD6, 0xBB, 0xD6, 0xBB, 0xD6, 0xBB, 0xD6, 0xBB, 0xD6, 0xBB, 0xD6, 0xBB, 0xD6,
    0xBB, 0xD6, 0xBB, 0xD6, 0xBB, 0xD6, 0xBB, 0xD6, 0xBB, 0xD6, 0xBB, 0xD6, 0xBB, 0xD6, 0xBB, 0xD6,
    0xBB, 0xD6, 0xBB, 0xD6, 0xBB, 0xD6, 0xBB, 0xD6, 0xBB, 0xD6, 0xBB, 0xD6, 0xBB, 0xD6, 0xBB, 0xD6,
    0xBB, 0xD6, 0xBB, 0xD6, 0xBB, 0xD6, 0xBB, 0xD6, 0xBB, 0xCE, 0xBB, 0xCE, 0xBB, 0xCE, 0xBC, 0xD6,
    0xBB, 0xCE, 0x9B, 0xD6, 0xFF, 0xFF, 0xFF, 0xFF, 0xFF, 0xFF, 0xFF, 0xFF, 0xFF, 0xFF, 0xFF, 0xFF,
    0xFF, 0xFF, 0xFF, 0xFF, 0xFF, 0xFF, 0xFF, 0xFF, 0xFF, 0xFF, 0xFF, 0xFF, 0xFF, 0xFF, 0xFF, 0xFF,
    0xFF, 0xFF, 0xFF, 0xFF, 0xFF, 0xFF, 0xFF, 0xFF, 0xFF, 0xFF, 0xFF, 0xFF, 0xFF, 0xFF, 0xFF, 0xFF,
    0xFF, 0xFF, 0xFF, 0xFF, 0xFF, 0xFF, 0xFF, 0xFF, 0xFF, 0xFF, 0xFF, 0xFF, 0xFF, 0xFF, 0xFF, 0xFF,
    0xDF, 0xFF, 0x9B, 0xCE, 0xBC, 0xCE, 0xBB, 0xCE, 0xBB, 0xD6, 0xBB, 0xD6, 0xBB, 0xD6, 0xBB, 0xD6,
    0xBB, 0xD6, 0xBB, 0xD6, 0xBB, 0xD6, 0xBB, 0xD6, 0xBB, 0xD6, 0xBB, 0xD6, 0xBB, 0xD6, 0xBB, 0xCE,
    0xBB, 0xCE, 0xBB, 0xCE, 0xBB, 0xCE, 0xBB, 0xD6, 0xBB, 0xD6, 0xBB, 0xD6, 0xBB, 0xD6, 0xBB, 0xD6,
    0xBB, 0xD6, 0xBB, 0xD6, 0xBB, 0xD6, 0xBB, 0xD6, 0xBB, 0xD6, 0xBB, 0xD6, 0xBB, 0xD6, 0xBB, 0xD6,
    0xBB, 0xD6, 0xBB, 0xD6, 0xBB, 0xD6, 0xBB, 0xD6, 0xBB, 0xD6, 0xBB, 0xD6, 0xBB, 0xD6, 0xBB, 0xD6,
    0xBB, 0xD6, 0xBB, 0xD6, 0xBB, 0xD6, 0xBB, 0xD6, 0xBB, 0xD6, 0xBB, 0xD6, 0xBB, 0xD6, 0xBB, 0xD6,
    0xBB, 0xD6, 0xBB, 0xD6, 0xBB, 0xD6, 0xBB, 0xD6, 0xBB, 0xD6, 0xBB, 0xD6, 0xBB, 0xD6, 0xBB, 0xD6,
    0xBB, 0xD6, 0xBB, 0xD6, 0xBB, 0xD6, 0xBB, 0xD6, 0xBB, 0xD6, 0xBB, 0xD6, 0xBB, 0xD6, 0xBB, 0xD6,
    0xBB, 0xD6, 0xBB, 0xD6, 0xBB, 0xD6, 0xBB, 0xD6, 0xBB, 0xD6, 0xBB, 0xD6, 0xBB, 0xD6, 0xBB, 0xD6,
    0xBB, 0xD6, 0xBB, 0xD6, 0xBB, 0xCE, 0xBB, 0xCE, 0xBB, 0xCE, 0xBC, 0xD6, 0xBB, 0xCE, 0x9B, 0xD6,
    0xFF, 0xFF, 0xFF, 0xFF, 0xFF, 0xFF, 0xFF, 0xFF, 0xFF, 0xFF, 0xFF, 0xFF, 0xFF, 0xFF, 0xFF, 0xFF,
    0xFF, 0xFF, 0xFF, 0xFF, 0xFF, 0xFF, 0xFF, 0xFF, 0xFF, 0xFF, 0xFF, 0xFF, 0xFF, 0xFF, 0xFF, 0xFF,
    0xFF, 0xFF, 0xFF, 0xFF, 0xFF, 0xFF, 0xFF, 0xFF, 0xFF, 0xFF, 0xFF, 0xFF, 0xFF, 0xFF, 0xFF, 0xFF,
    0xFF, 0xFF, 0xFF, 0xFF, 0xFF, 0xFF, 0xFF, 0xFF, 0xFF, 0xFF, 0xFF, 0xFF, 0xDF, 0xF7, 0x7B, 0xCE,
    0xDC, 0xD6, 0xBB, 0xCE, 0xBB, 0xD6, 0xBB, 0xD6, 0xBB, 0xD6, 0xBB, 0xD6, 0xBB, 0xD6, 0xBB, 0xD6,
    0xBB, 0xD6, 0xBB, 0xD6, 0xBB, 0xD6, 0xBB, 0xD6, 0xBB, 0xD6, 0xBB, 0xCE, 0xBB, 0xCE, 0xBB, 0xCE,
    0xBB, 0xCE, 0xBB, 0xD6, 0xBB, 0xD6, 0xBB, 0xD6, 0xBB, 0xD6, 0xBB, 0xD6, 0xBB, 0xD6, 0xBB, 0xD6,
    0xBB, 0xD6, 0xBB, 0xD6, 0xBB, 0xD6, 0xBB, 0xD6, 0xBB, 0xD6, 0xBB, 0xD6, 0xBB, 0xD6, 0xBB, 0xD6,
    0xBB, 0xD6, 0xBB, 0xD6, 0xBB, 0xD6, 0xBB, 0xD6, 0xBB, 0xD6, 0xBB, 0xD6, 0xBB, 0xD6, 0xBB, 0xD6,
    0xBB, 0xD6, 0xBB, 0xD6, 0xBB, 0xD6, 0xBB, 0xD6, 0xBB, 0xD6, 0xBB, 0xD6, 0xBB, 0xD6, 0xBB, 0xD6,
    0xBB, 0xD6, 0xBB, 0xD6, 0xBB, 0xD6, 0xBB, 0xD6, 0xBB, 0xD6, 0xBB, 0xD6, 0xBB, 0xD6, 0xBB, 0xD6,
    0xBB, 0xD6, 0xBB, 0xD6, 0xBB, 0xD6, 0xBB, 0xD6, 0xBB, 0xD6, 0xBB, 0xD6, 0xBB, 0xD6, 0xBB, 0xD6,
    0xBB, 0xD6, 0xBB, 0xD6, 0xBB, 0xD6, 0xBB, 0xD6, 0xBB, 0xD6, 0xBB, 0xD6, 0xBB, 0xD6, 0xBB, 0xD6,
    0xBB, 0xCE, 0xBB, 0xCE, 0xBB, 0xCE, 0xBC, 0xD6, 0xBB, 0xCE, 0x9B, 0xD6, 0xFF, 0xFF, 0xFF, 0xFF,
    0xFF, 0xFF, 0xFF, 0xFF, 0xFF, 0xFF, 0xFF, 0xFF, 0xFF, 0xFF, 0xFF, 0xFF, 0xFF, 0xFF, 0xFF, 0xFF,
    0xFF, 0xFF, 0xFF, 0xFF, 0xFF, 0xFF, 0xFF, 0xFF, 0xFF, 0xFF, 0xFF, 0xFF, 0xFF, 0xFF, 0xFF, 0xFF,
    0xFF, 0xFF, 0xFF, 0xFF, 0xFF, 0xFF, 0xFF, 0xFF, 0xFF, 0xFF, 0xFF, 0xFF, 0xFF, 0xFF, 0xFF, 0xFF,
    0xFF, 0xFF, 0xFF, 0xFF, 0xFF, 0xFF, 0xFF, 0xFF, 0xDF, 0xFF, 0x7B, 0xCE, 0xFC, 0xD6, 0xBB, 0xCE,
    0xBB, 0xD6, 0xBB, 0xD6, 0xBB, 0xD6, 0xBB, 0xD6, 0xBB, 0xD6, 0xBB, 0xD6, 0xBB, 0xD6, 0xBB, 0xD6,
    0xBB, 0xD6, 0xBB, 0xD6, 0xBB, 0xD6, 0xBB, 0xCE, 0xBB, 0xCE, 0xBB, 0xCE, 0xBB, 0xCE, 0xBB, 0xD6,
    0xBB, 0xD6, 0xBB, 0xD6, 0xBB, 0xD6, 0xBB, 0xD6, 0xBB, 0xD6, 0xBB, 0xD6, 0xBB, 0xD6, 0xBB, 0xD6,
    0xBB, 0xD6, 0xBB, 0xD6, 0xBB, 0xD6, 0xBB, 0xD6, 0xBB, 0xD6, 0xBB, 0xD6, 0xBB, 0xD6, 0xBB, 0xD6,
    0xBB, 0xD6, 0xBB, 0xD6, 0xBB, 0xD6, 0xBB, 0xD6, 0xBB, 0xD6, 0xBB, 0xD6, 0xBB, 0xD6, 0xBB, 0xD6,
    0xBB, 0xD6, 0xBB, 0xD6, 0xBB, 0xD6, 0xBB, 0xD6, 0xBB, 0xD6, 0xBB, 0xD6, 0xBB, 0xD6, 0xBB, 0xD6,
    0xBB, 0xD6, 0xBB, 0xD6, 0xBB, 0xD6, 0xBB, 0xD6, 0xBB, 0xD6, 0xBB, 0xD6, 0xBB, 0xD6, 0xBB, 0xD6,
    0xBB, 0xD6, 0xBB, 0xD6, 0xBB, 0xD6, 0xBB, 0xD6, 0xBB, 0xD6, 0xBB, 0xD6, 0xBB, 0xD6, 0xBB, 0xD6,
    0xBB, 0xD6, 0xBB, 0xD6, 0xBB, 0xD6, 0xBB, 0xD6, 0xBB, 0xD6, 0xBB, 0xD6, 0xBB, 0xCE, 0xBB, 0xCE,
    0xBB, 0xCE, 0xBC, 0xD6, 0xBB, 0xCE, 0x9B, 0xD6, 0xFF, 0xFF, 0xFF, 0xFF, 0xFF, 0xFF, 0xFF, 0xFF,
    0xFF, 0xFF, 0xFF, 0xFF, 0xFF, 0xFF, 0xFF, 0xFF, 0xFF, 0xFF, 0xFF, 0xFF, 0xFF, 0xFF, 0xFF, 0xFF,
    0xFF, 0xFF, 0xFF, 0xFF, 0xFF, 0xFF, 0xFF, 0xFF, 0xFF, 0xFF, 0xFF, 0xFF, 0xFF, 0xFF, 0xFF, 0xFF,
    0xFF, 0xFF, 0xFF, 0xFF, 0xFF, 0xFF, 0xFF, 0xFF, 0xFF, 0xFF, 0xFF, 0xFF, 0xFF, 0xFF, 0xFF, 0xFF,
    0xFF, 0xFF, 0xFF, 0xFF, 0xBE, 0xF7, 0xBB, 0xD6, 0xDB, 0xD6, 0xBB, 0xCE, 0xBB, 0xD6, 0xBB, 0xD6,
    0x9B, 0xD6, 0x9B, 0xD6, 0xBB, 0xD6, 0xBB, 0xD6, 0xBB, 0xD6, 0xBB, 0xD6, 0xBB, 0xD6, 0xBB, 0xD6,
    0xBB, 0xD6, 0xBB, 0xD6, 0xBB, 0xD6, 0xBB, 0xD6, 0xBB, 0xD6, 0xBB, 0xD6, 0xBB, 0xD6, 0xBB, 0xD6,
    0xBB, 0xD6, 0xBB, 0xD6, 0xBB, 0xD6, 0xBB, 0xD6, 0xBB, 0xD6, 0xBB, 0xD6, 0xBB, 0xD6, 0xBB, 0xD6,
    0xBB, 0xD6, 0xBB, 0xD6, 0xBB, 0xD6, 0xBB, 0xD6, 0xBB, 0xD6, 0xBB, 0xD6, 0xBB, 0xD6, 0xBB, 0xD6,
    0xBB, 0xD6, 0xBB, 0xD6, 0xBB, 0xD6, 0xBB, 0xD6, 0xBB, 0xD6, 0xBB, 0xD6, 0xBB, 0xD6, 0xBB, 0xD6,
    0xBB, 0xD6, 0xBB, 0xD6, 0xBB, 0xD6, 0xBB, 0xD6, 0xBB, 0xD6, 0xBB, 0xD6, 0xBB, 0xD6, 0xBB, 0xD6,
    0xBB, 0xCE, 0xBB, 0xCE, 0xBB, 0xCE, 0xBB, 0xCE, 0xBB, 0xD6, 0xBB, 0xD6, 0xBB, 0xD6, 0xBB, 0xD6,
    0xBB, 0xD6, 0xBB, 0xD6, 0xBB, 0xD6, 0xBB, 0xD6, 0xBB, 0xD6, 0xBB, 0xD6, 0xBB, 0xD6, 0xBB, 0xD6,
    0xBB, 0xD6, 0xBB, 0xD6, 0xBB, 0xD6, 0xBB, 0xD6, 0xBB, 0xD6, 0xBB, 0xD6, 0xBB, 0xD6, 0x9A, 0xCE,
    0x9B, 0xCE, 0xDB, 0xDE, 0xFF, 0xFF, 0xFF, 0xFF, 0xFF, 0xFF, 0xFF, 0xFF, 0xFF, 0xFF, 0xFF, 0xFF,
    0xFF, 0xFF, 0xFF, 0xFF, 0xFF, 0xFF, 0xFF, 0xFF, 0xFF, 0xFF, 0xFF, 0xFF, 0xFF, 0xFF, 0xFF, 0xFF,
    0xFF, 0xFF, 0xFF, 0xFF, 0xFF, 0xFF, 0xFF, 0xFF, 0xFF, 0xFF, 0xFF, 0xFF, 0xFF, 0xFF, 0xFF, 0xFF,
    0xFF, 0xFF, 0xFF, 0xFF, 0xFF, 0xFF, 0xFF, 0xFF, 0xFF, 0xFF, 0xFF, 0xFF, 0xFF, 0xFF, 0xFF, 0xFF,
    0xDF, 0xF7, 0xDB, 0xD6, 0xBB, 0xD6, 0xBB, 0xCE, 0xBB, 0xD6, 0xBB, 0xD6, 0x9B, 0xD6, 0x9B, 0xD6,
    0xBB, 0xD6, 0xBB, 0xD6, 0xBB, 0xD6, 0xBB, 0xD6, 0xBB, 0xD6, 0xBB, 0xD6, 0xBB, 0xD6, 0xBB, 0xD6,
    0xBB, 0xD6, 0xBB, 0xD6, 0xBB, 0xD6, 0xBB, 0xD6, 0xBB, 0xD6, 0xBB, 0xD6, 0xBB, 0xD6, 0xBB, 0xD6,
    0xBB, 0xD6, 0xBB, 0xD6, 0xBB, 0xD6, 0xBB, 0xD6, 0xBB, 0xD6, 0xBB, 0xD6, 0xBB, 0xD6, 0xBB, 0xD6,
    0xBB, 0xD6, 0xBB, 0xD6, 0xBB, 0xD6, 0xBB, 0xD6, 0xBB, 0xD6, 0xBB, 0xD6, 0xBB, 0xD6, 0xBB, 0xD6,
    0xBB, 0xD6, 0xBB, 0xD6, 0xBB, 0xD6, 0xBB, 0xD6, 0xBB, 0xD6, 0xBB, 0xD6, 0xBB, 0xD6, 0xBB, 0xD6,
    0xBB, 0xD6, 0xBB, 0xD6, 0xBB, 0xD6, 0xBB, 0xD6, 0xBB, 0xD6, 0xBB, 0xD6, 0xBB, 0xCE, 0xBB, 0xCE,
    0xBB, 0xCE, 0xBB, 0xCE, 0xBB, 0xD6, 0xBB, 0xD6, 0xBB, 0xD6, 0xBB, 0xD6, 0xBB, 0xD6, 0xBB, 0xD6,
    0xBB, 0xD6, 0xBB, 0xD6, 0xBB, 0xD6, 0xBB, 0xD6, 0xBB, 0xD6, 0xBB, 0xD6, 0xBB, 0xD6, 0xBB, 0xD6,
    0xBB, 0xD6, 0xBB, 0xD6, 0xBB, 0xD6, 0xBB, 0xD6, 0xBB, 0xD6, 0xBB, 0xD6, 0x9A, 0xCE, 0x5D, 0xE7,
    0xFF, 0xFF, 0xFF, 0xFF, 0xFF, 0xFF, 0xFF, 0xFF, 0xFF, 0xFF, 0xFF, 0xFF, 0xFF, 0xFF, 0xFF, 0xFF,
    0xFF, 0xFF, 0xFF, 0xFF, 0xFF, 0xFF, 0xFF, 0xFF, 0xFF, 0xFF, 0xFF, 0xFF, 0xFF, 0xFF, 0xFF, 0xFF,
    0xFF, 0xFF, 0xFF, 0xFF, 0xFF, 0xFF, 0xFF, 0xFF, 0xFF, 0xFF, 0xFF, 0xFF, 0xFF, 0xFF, 0xFF, 0xFF,
    0xFF, 0xFF, 0xFF, 0xFF, 0xFF, 0xFF, 0xFF, 0xFF, 0xFF, 0xFF, 0xFF, 0xFF, 0xDF, 0xFF, 0xFC, 0xDE,
    0xBB, 0xCE, 0xBB, 0xD6, 0xBB, 0xD6, 0xBB, 0xD6, 0x9B, 0xD6, 0x9B, 0xD6, 0xBB, 0xD6, 0xBB, 0xD6,
    0xBB, 0xD6, 0xBB, 0xD6, 0xBB, 0xD6, 0xBB, 0xD6, 0xBB, 0xD6, 0xBB, 0xD6, 0xBB, 0xD6, 0xBB, 0xD6,
    0xBB, 0xD6, 0xBB, 0xD6, 0xBB, 0xD6, 0xBB, 0xD6, 0xBB, 0xD6, 0xBB, 0xD6, 0xBB, 0xD6, 0xBB, 0xD6,
    0xBB, 0xD6, 0xBB, 0xD6, 0xBB, 0xD6, 0xBB, 0xD6, 0xBB, 0xD6, 0xBB, 0xD6, 0xBB, 0xD6, 0xBB, 0xD6,
    0xBB, 0xD6, 0xBB, 0xD6, 0xBB, 0xD6, 0xBB, 0xD6, 0xBB, 0xD6, 0xBB, 0xD6, 0xBB, 0xD6, 0xBB, 0xD6,
    0xBB, 0xD6, 0xBB, 0xD6, 0xBB, 0xD6, 0xBB, 0xD6, 0xBB, 0xD6, 0xBB, 0xD6, 0xBB, 0xD6, 0xBB, 0xD6,
    0xBB, 0xD6, 0xBB, 0xD6, 0xBB, 0xD6, 0xBB, 0xD6, 0xBB, 0xCE, 0xBB, 0xCE, 0xBB, 0xCE, 0xBB, 0xCE,
    0xBB, 0xD6, 0xBB, 0xD6, 0xBB, 0xD6, 0xBB, 0xD6, 0xBB, 0xD6, 0xBB, 0xD6, 0xBB, 0xD6, 0xBB, 0xD6,
    0xBB, 0xD6, 0xBB, 0xD6, 0xBB, 0xD6, 0xBB, 0xD6, 0xBB, 0xD6, 0xBB, 0xD6, 0xBB, 0xD6, 0xBB, 0xD6,
    0xBB, 0xD6, 0xBB, 0xD6, 0xBB, 0xD6, 0xDB, 0xD6, 0x9B, 0xCE, 0x7E, 0xEF, 0xFF, 0xFF, 0xFF, 0xFF,
    0xFF, 0xFF, 0xFF, 0xFF, 0xFF, 0xFF, 0xFF, 0xFF, 0xFF, 0xFF, 0xFF, 0xFF, 0xFF, 0xFF, 0xFF, 0xFF,
    0xFF, 0xFF, 0xFF, 0xFF, 0xFF, 0xFF, 0xFF, 0xFF, 0xFF, 0xFF, 0xFF, 0xFF, 0xFF, 0xFF, 0xFF, 0xFF,
    0xFF, 0xFF, 0xFF, 0xFF, 0xFF, 0xFF, 0xFF, 0xFF, 0xFF, 0xFF, 0xFF, 0xFF, 0xFF, 0xFF, 0xFF, 0xFF,
    0xFF, 0xFF, 0xFF, 0xFF, 0xFF, 0xFF, 0xFF, 0xFF, 0xFF, 0xFF, 0x3D, 0xE7, 0xBB, 0xCE, 0xDB, 0xD6,
    0xBB, 0xD6, 0xBB, 0xD6, 0x9B, 0xD6, 0x9B, 0xD6, 0xBB, 0xD6, 0xBB, 0xD6, 0xBB, 0xD6, 0xBB, 0xD6,
    0xBB, 0xD6, 0xBB, 0xD6, 0xBB, 0xD6, 0xBB, 0xD6, 0xBB, 0xD6, 0xBB, 0xD6, 0xBB, 0xD6, 0xBB, 0xD6,
    0xBB, 0xD6, 0xBB, 0xD6, 0xBB, 0xD6, 0xBB, 0xD6, 0xBB, 0xD6, 0xBB, 0xD6, 0xBB, 0xD6, 0xBB, 0xD6,
    0xBB, 0xD6, 0xBB, 0xD6, 0xBB, 0xD6, 0xBB, 0xD6, 0xBB, 0xD6, 0xBB, 0xD6, 0xBB, 0xD6, 0xBB, 0xD6,
    0xBB, 0xD6, 0xBB, 0xD6, 0xBB, 0xD6, 0xBB, 0xD6, 0xBB, 0xD6, 0xBB, 0xD6, 0xBB, 0xD6, 0xBB, 0xD6,
    0xBB, 0xD6, 0xBB, 0xD6, 0xBB, 0xD6, 0xBB, 0xD6, 0xBB, 0xD6, 0xBB, 0xD6, 0xBB, 0xD6, 0xBB, 0xD6,
    0xBB, 0xD6, 0xBB, 0xD6, 0xBB, 0xCE, 0xBB, 0xCE, 0xBB, 0xCE, 0xBB, 0xCE, 0xBB, 0xD6, 0xBB, 0xD6,
    0xBB, 0xD6, 0xBB, 0xD6, 0xBB, 0xD6, 0xBB, 0xD6, 0xBB, 0xD6, 0xBB, 0xD6, 0xBB, 0xD6, 0xBB, 0xD6,
    0xBB, 0xD6, 0xBB, 0xD6, 0xBB, 0xD6, 0xBB, 0xD6, 0xBB, 0xD6, 0xBB, 0xD6, 0xBB, 0xD6, 0xBB, 0xD6,
    0xBB, 0xD6, 0xBB, 0xD6, 0xDC, 0xD6, 0xDF, 0xF7, 0xFF, 0xFF, 0xFF, 0xFF, 0xFF, 0xFF, 0xFF, 0xFF,
    0xFF, 0xFF, 0xFF, 0xFF, 0xFF, 0xFF, 0xFF, 0xFF, 0xFF, 0xFF, 0xFF, 0xFF, 0xFF, 0xFF, 0xFF, 0xFF,
    0xFF, 0xFF, 0xFF, 0xFF, 0xFF, 0xFF, 0xFF, 0xFF, 0xFF, 0xFF, 0xFF, 0xFF, 0xFF, 0xFF, 0xFF, 0xFF,
    0xFF, 0xFF, 0xFF, 0xFF, 0xFF, 0xFF, 0xFF, 0xFF, 0xFF, 0xFF, 0xFF, 0xFF, 0xFF, 0xFF, 0xFF, 0xFF,
    0xFF, 0xFF, 0xFF, 0xFF, 0xFF, 0xFF, 0x5D, 0xEF, 0xBA, 0xD6, 0xBB, 0xD6, 0xBB, 0xD6, 0xBB, 0xD6,
    0xBB, 0xD6, 0xBB, 0xD6, 0xBB, 0xD6, 0xBB, 0xD6, 0xBB, 0xD6, 0xBB, 0xD6, 0xBB, 0xD6, 0xBB, 0xD6,
    0xBB, 0xD6, 0xBB, 0xD6, 0xBB, 0xD6, 0xBB, 0xD6, 0xBB, 0xD6, 0xBB, 0xD6, 0xBB, 0xD6, 0xBB, 0xD6,
    0xBB, 0xD6, 0xBB, 0xD6, 0xBB, 0xD6, 0xBB, 0xD6, 0xBB, 0xD6, 0xBB, 0xD6, 0xBB, 0xD6, 0xBB, 0xD6,
    0xBB, 0xD6, 0xBB, 0xD6, 0xBB, 0xD6, 0xBB, 0xD6, 0xBB, 0xD6, 0xBB, 0xD6, 0xBB, 0xD6, 0xBB, 0xD6,
    0xBB, 0xD6, 0xBB, 0xD6, 0xBB, 0xD6, 0xBB, 0xD6, 0xBB, 0xD6, 0xBB, 0xD6, 0xBB, 0xD6, 0xBB, 0xD6,
    0xBB, 0xD6, 0xBB, 0xD6, 0xBB, 0xD6, 0xBB, 0xD6, 0xBB, 0xD6, 0xBB, 0xD6, 0xBB, 0xD6, 0xBB, 0xD6,
    0xBB, 0xD6, 0xBB, 0xD6, 0xBB, 0xD6, 0xBB, 0xD6, 0xBB, 0xD6, 0xBB, 0xD6, 0xBB, 0xD6, 0xBB, 0xD6,
    0xBB, 0xD6, 0xBB, 0xD6, 0xBB, 0xD6, 0xBB, 0xD6, 0xBB, 0xD6, 0xBB, 0xD6, 0xBB, 0xD6, 0xBB, 0xD6,
    0xBB, 0xD6, 0xBB, 0xD6, 0xBB, 0xD6, 0xBB, 0xD6, 0xBB, 0xCE, 0x9B, 0xCE, 0xBB, 0xCE, 0x9B, 0xD6,
    0x1C, 0xE7, 0xFF, 0xFF, 0xDF, 0xFF, 0xFF, 0xFF, 0xFF, 0xFF, 0xFF, 0xFF, 0xFF, 0xFF, 0xFF, 0xFF,
    0xFF, 0xFF, 0xFF, 0xFF, 0xFF, 0xFF, 0xFF, 0xFF, 0xFF, 0xFF, 0xFF, 0xFF, 0xFF, 0xFF, 0xFF, 0xFF,
    0xFF, 0xFF, 0xFF, 0xFF, 0xFF, 0xFF, 0xFF, 0xFF, 0xFF, 0xFF, 0xFF, 0xFF, 0xFF, 0xFF, 0xFF, 0xFF,
    0xFF, 0xFF, 0xFF, 0xFF, 0xFF, 0xFF, 0xFF, 0xFF, 0xFF, 0xFF, 0xFF, 0xFF, 0xFF, 0xFF, 0xFF, 0xFF,
    0xFF, 0xFF, 0xDF, 0xFF, 0xBB, 0xD6, 0xBB, 0xD6, 0xBB, 0xD6, 0xBB, 0xD6, 0xBB, 0xD6, 0xBB, 0xD6,
    0xBB, 0xD6, 0xBB, 0xD6, 0xBB, 0xD6, 0xBB, 0xD6, 0xBB, 0xD6, 0xBB, 0xD6, 0xBB, 0xD6, 0xBB, 0xD6,
    0xBB, 0xD6, 0xBB, 0xD6, 0xBB, 0xD6, 0xBB, 0xD6, 0xBB, 0xD6, 0xBB, 0xD6, 0xBB, 0xD6, 0xBB, 0xD6,
    0xBB, 0xD6, 0xBB, 0xD6, 0xBB, 0xD6, 0xBB, 0xD6, 0xBB, 0xD6, 0xBB, 0xD6, 0xBB, 0xD6, 0xBB, 0xD6,
    0xBB, 0xD6, 0xBB, 0xD6, 0xBB, 0xD6, 0xBB, 0xD6, 0xBB, 0xD6, 0xBB, 0xD6, 0xBB, 0xD6, 0xBB, 0xD6,
    0xBB, 0xD6, 0xBB, 0xD6, 0xBB, 0xD6, 0xBB, 0xD6, 0xBB, 0xD6, 0xBB, 0xD6, 0xBB, 0xD6, 0xBB, 0xD6,
    0xBB, 0xD6, 0xBB, 0xD6, 0xBB, 0xD6, 0xBB, 0xD6, 0xBB, 0xD6, 0xBB, 0xD6, 0xBB, 0xD6, 0xBB, 0xD6,
    0xBB, 0xD6, 0xBB, 0xD6, 0xBB, 0xD6, 0xBB, 0xD6, 0xBB, 0xD6, 0xBB, 0xD6, 0xBB, 0xD6, 0xBB, 0xD6,
    0xBB, 0xD6, 0xBB, 0xD6, 0xBB, 0xD6, 0xBB, 0xD6, 0xBB, 0xD6, 0xBB, 0xD6, 0xBB, 0xD6, 0xBB, 0xD6,
    0xBB, 0xD6, 0xBB, 0xD6, 0xBB, 0xCE, 0x9B, 0xCE, 0xDC, 0xD6, 0x9B, 0xD6, 0xBF, 0xF7, 0xFF, 0xFF,
    0xFF, 0xFF, 0xFF, 0xFF, 0xFF, 0xFF, 0xFF, 0xFF, 0xFF, 0xFF, 0xFF, 0xFF, 0xFF, 0xFF, 0xFF, 0xFF,
    0xFF, 0xFF, 0xFF, 0xFF, 0xFF, 0xFF, 0xFF, 0xFF, 0xFF, 0xFF, 0xFF, 0xFF, 0xFF, 0xFF, 0xFF, 0xFF,
    0xFF, 0xFF, 0xFF, 0xFF, 0xFF, 0xFF, 0xFF, 0xFF, 0xFF, 0xFF, 0xFF, 0xFF, 0xFF, 0xFF, 0xFF, 0xFF,
    0xFF, 0xFF, 0xFF, 0xFF, 0xFF, 0xFF, 0xFF, 0xFF, 0xFF, 0xFF, 0xFF, 0xFF, 0xDF, 0xFF, 0xFF, 0xFF,
    0x1C, 0xDF, 0x9A, 0xCE, 0xBB, 0xD6, 0xBB, 0xD6, 0xBB, 0xD6, 0xBB, 0xD6, 0xBB, 0xD6, 0xBB, 0xD6,
    0xBB, 0xD6, 0xBB, 0xD6, 0xBB, 0xD6, 0xBB, 0xD6, 0xBB, 0xD6, 0xBB, 0xD6, 0xBB, 0xD6, 0xBB, 0xD6,
    0xBB, 0xD6, 0xBB, 0xD6, 0xBB, 0xD6, 0xBB, 0xD6, 0xBB, 0xD6, 0xBB, 0xD6, 0xBB, 0xD6, 0xBB, 0xD6,
    0xBB, 0xD6, 0xBB, 0xD6, 0xBB, 0xD6, 0xBB, 0xD6, 0xBB, 0xD6, 0xBB, 0xD6, 0xBB, 0xD6, 0xBB, 0xD6,
    0xBB, 0xD6, 0xBB, 0xD6, 0xBB, 0xD6, 0xBB, 0xD6, 0xBB, 0xD6, 0xBB, 0xD6, 0xBB, 0xD6, 0xBB, 0xD6,
    0xBB, 0xD6, 0xBB, 0xD6, 0xBB, 0xD6, 0xBB, 0xD6, 0xBB, 0xD6, 0xBB, 0xD6, 0xBB, 0xD6, 0xBB, 0xD6,
    0xBB, 0xD6, 0xBB, 0xD6, 0xBB, 0xD6, 0xBB, 0xD6, 0xBB, 0xD6, 0xBB, 0xD6, 0xBB, 0xD6, 0xBB, 0xD6,
    0xBB, 0xD6, 0xBB, 0xD6, 0xBB, 0xD6, 0xBB, 0xD6, 0xBB, 0xD6, 0xBB, 0xD6, 0xBB, 0xD6, 0xBB, 0xD6,
    0xBB, 0xD6, 0xBB, 0xD6, 0xBB, 0xD6, 0xBB, 0xD6, 0xBB, 0xD6, 0xBB, 0xD6, 0xBB, 0xD6, 0xBB, 0xD6,
    0x9B, 0xCE, 0xBB, 0xCE, 0x9B, 0xCE, 0x1C, 0xE7, 0xFF, 0xFF, 0xFF, 0xFF, 0xFF, 0xFF, 0xFF, 0xFF,
    0xFF, 0xFF, 0xFF, 0xFF, 0xFF, 0xFF, 0xFF, 0xFF, 0xFF, 0xFF, 0xFF, 0xFF, 0xFF, 0xFF, 0xFF, 0xFF,
    0xFF, 0xFF, 0xFF, 0xFF, 0xFF, 0xFF, 0xFF, 0xFF, 0xFF, 0xFF, 0xFF, 0xFF, 0xFF, 0xFF, 0xFF, 0xFF,
    0xFF, 0xFF, 0xFF, 0xFF, 0xFF, 0xFF, 0xFF, 0xFF, 0xFF, 0xFF, 0xFF, 0xFF, 0xFF, 0xFF, 0xFF, 0xFF,
    0xFF, 0xFF, 0xFF, 0xFF, 0xFF, 0xFF, 0xFF, 0xFF, 0xFF, 0xFF, 0xFF, 0xFF, 0xDF, 0xF7, 0xDB, 0xD6,
    0xBB, 0xD6, 0xBB, 0xD6, 0xBB, 0xD6, 0xBB, 0xD6, 0xBB, 0xD6, 0xBB, 0xD6, 0xBB, 0xD6, 0xBB, 0xD6,
    0xBB, 0xD6, 0xBB, 0xD6, 0xBB, 0xD6, 0xBB, 0xD6, 0xBB, 0xD6, 0xBB, 0xD6, 0xBB, 0xD6, 0xBB, 0xD6,
    0xBB, 0xD6, 0xBB, 0xD6, 0xBB, 0xD6, 0xBB, 0xD6, 0xBB, 0xD6, 0xBB, 0xD6, 0xBB, 0xD6, 0xBB, 0xD6,
    0xBB, 0xD6, 0xBB, 0xD6, 0xBB, 0xD6, 0xBB, 0xD6, 0xBB, 0xD6, 0xBB, 0xD6, 0xBB, 0xD6, 0xBB, 0xD6,
    0xBB, 0xD6, 0xBB, 0xD6, 0xBB, 0xD6, 0xBB, 0xD6, 0xBB, 0xD6, 0xBB, 0xD6, 0xBB, 0xD6, 0xBB, 0xD6,
    0xBB, 0xD6, 0xBB, 0xD6, 0xBB, 0xD6, 0xBB, 0xD6, 0xBB, 0xD6, 0xBB, 0xD6, 0xBB, 0xD6, 0xBB, 0xD6,
    0xBB, 0xD6, 0xBB, 0xD6, 0xBB, 0xD6, 0xBB, 0xD6, 0xBB, 0xD6, 0xBB, 0xD6, 0xBB, 0xD6, 0xBB, 0xD6,
    0xBB, 0xD6, 0xBB, 0xD6, 0xBB, 0xD6, 0xBB, 0xD6, 0xBB, 0xD6, 0xBB, 0xD6, 0xBB, 0xD6, 0xBB, 0xD6,
    0xBB, 0xD6, 0xBB, 0xD6, 0xBB, 0xD6, 0xBB, 0xD6, 0xBB, 0xD6, 0xBB, 0xD6, 0x9B, 0xCE, 0x9B, 0xCE,
    0xDC, 0xD6, 0xDF, 0xFF, 0xFF, 0xFF, 0xFF, 0xFF, 0xFF, 0xFF, 0xFF, 0xFF, 0xFF, 0xFF, 0xFF, 0xFF,
    0xFF, 0xFF, 0xFF, 0xFF, 0xFF, 0xFF, 0xFF, 0xFF, 0xFF, 0xFF, 0xFF, 0xFF, 0xFF, 0xFF, 0xFF, 0xFF,
    0xFF, 0xFF, 0xFF, 0xFF, 0xFF, 0xFF, 0xFF, 0xFF, 0xFF, 0xFF, 0xFF, 0xFF, 0xFF, 0xFF, 0xFF, 0xFF,
    0xFF, 0xFF, 0xFF, 0xFF, 0xFF, 0xFF, 0xFF, 0xFF, 0xFF, 0xFF, 0xFF, 0xFF, 0xFF, 0xFF, 0xFF, 0xFF,
    0xFF, 0xFF, 0xFF, 0xFF, 0xFF, 0xFF, 0xFF, 0xFF, 0xDF, 0xFF, 0x9E, 0xF7, 0xBB, 0xD6, 0xBB, 0xD6,
    0xBB, 0xD6, 0xBB, 0xCE, 0xBB, 0xD6, 0xBB, 0xD6, 0xBB, 0xD6, 0xBB, 0xD6, 0xBB, 0xD6, 0xBB, 0xD6,
    0xBB, 0xD6, 0xBB, 0xD6, 0xBB, 0xD6, 0xBB, 0xD6, 0xBB, 0xD6, 0xBB, 0xD6, 0xBB, 0xD6, 0xBB, 0xD6,
    0xBB, 0xD6, 0xBB, 0xD6, 0xBB, 0xD6, 0xBB, 0xD6, 0xBB, 0xD6, 0xBB, 0xD6, 0xBB, 0xD6, 0xBB, 0xD6,
    0xBB, 0xD6, 0xBB, 0xD6, 0xBB, 0xD6, 0xBB, 0xD6, 0xBB, 0xD6, 0xBB, 0xD6, 0xBB, 0xD6, 0xBB, 0xD6,
    0xBB, 0xD6, 0xBB, 0xD6, 0xBB, 0xD6, 0xBB, 0xD6, 0xBB, 0xD6, 0xBB, 0xD6, 0xBB, 0xD6, 0xBB, 0xD6,
    0xBB, 0xD6, 0xBB, 0xD6, 0xBB, 0xD6, 0xBB, 0xD6, 0xBB, 0xD6, 0xBB, 0xD6, 0xBB, 0xD6, 0xBB, 0xD6,
    0xBB, 0xD6, 0xBB, 0xD6, 0xBB, 0xD6, 0xBB, 0xD6, 0xBB, 0xD6, 0xBB, 0xD6, 0xBB, 0xD6, 0xBB, 0xD6,
    0xBB, 0xD6, 0xBB, 0xD6, 0xBB, 0xD6, 0xBB, 0xD6, 0xBB, 0xD6, 0xBB, 0xD6, 0xBB, 0xD6, 0xBB, 0xD6,
    0x9B, 0xCE, 0xBB, 0xD6, 0xBB, 0xD6, 0xBB, 0xD6, 0xBB, 0xCE, 0xBB, 0xD6, 0x9E, 0xEF, 0xFF, 0xFF,
    0xFF, 0xFF, 0xFF, 0xFF, 0xFF, 0xFF, 0xFF, 0xFF, 0xFF, 0xFF, 0xFF, 0xFF, 0xFF, 0xFF, 0xFF, 0xFF,
    0xFF, 0xFF, 0xFF, 0xFF, 0xFF, 0xFF, 0xFF, 0xFF, 0xFF, 0xFF, 0xFF, 0xFF, 0xFF, 0xFF, 0xFF, 0xFF,
    0xFF, 0xFF, 0xFF, 0xFF, 0xFF, 0xFF, 0xFF, 0xFF, 0xFF, 0xFF, 0xFF, 0xFF, 0xFF, 0xFF, 0xFF, 0xFF,
    0xFF, 0xFF, 0xFF, 0xFF, 0xFF, 0xFF, 0xFF, 0xFF, 0xFF, 0xFF, 0xFF, 0xFF, 0xFF, 0xFF, 0xFF, 0xFF,
    0xFF, 0xFF, 0xFF, 0xFF, 0xFF, 0xFF, 0xDF, 0xFF, 0x3D, 0xE7, 0x9A, 0xCE, 0xDC, 0xD6, 0xBC, 0xD6,
    0xBB, 0xD6, 0xBB, 0xD6, 0xBB, 0xD6, 0xBB, 0xD6, 0xBB, 0xD6, 0xBB, 0xD6, 0xBB, 0xD6, 0xBB, 0xD6,
    0xBB, 0xD6, 0xBB, 0xD6, 0xBB, 0xD6, 0xBB, 0xD6, 0xBB, 0xD6, 0xBB, 0xD6, 0xBB, 0xD6, 0xBB, 0xD6,
    0xBB, 0xD6, 0xBB, 0xD6, 0xBB, 0xD6, 0xBB, 0xD6, 0xBB, 0xD6, 0xBB, 0xD6, 0xBB, 0xD6, 0xBB, 0xD6,
    0xBB, 0xD6, 0xBB, 0xD6, 0xBB, 0xD6, 0xBB, 0xD6, 0xBB, 0xD6, 0xBB, 0xD6, 0xBB, 0xD6, 0xBB, 0xD6,
    0xBB, 0xD6, 0xBB, 0xD6, 0xBB, 0xD6, 0xBB, 0xD6, 0xBB, 0xD6, 0xBB, 0xD6, 0xBB, 0xD6, 0xBB, 0xD6,
    0xBB, 0xD6, 0xBB, 0xD6, 0xBB, 0xD6, 0xBB, 0xD6, 0xBB, 0xD6, 0xBB, 0xD6, 0xBB, 0xD6, 0xBB, 0xD6,
    0xBB, 0xD6, 0xBB, 0xD6, 0xBB, 0xD6, 0xBB, 0xD6, 0xBB, 0xD6, 0xBB, 0xD6, 0xBB, 0xD6, 0xBB, 0xD6,
    0xBB, 0xD6, 0xBB, 0xD6, 0xBB, 0xD6, 0xBB, 0xD6, 0xBB, 0xD6, 0xBB, 0xD6, 0xBB, 0xD6, 0xBB, 0xD6,
    0xBB, 0xD6, 0xBB, 0xD6, 0x9B, 0xCE, 0x7E, 0xEF, 0xFF, 0xFF, 0xFF, 0xFF, 0xFF, 0xFF, 0xFF, 0xFF,
    0xFF, 0xFF, 0xFF, 0xFF, 0xFF, 0xFF, 0xFF, 0xFF, 0xFF, 0xFF, 0xFF, 0xFF, 0xFF, 0xFF, 0xFF, 0xFF,
    0xFF, 0xFF, 0xFF, 0xFF, 0xFF, 0xFF, 0xFF, 0xFF, 0xFF, 0xFF, 0xFF, 0xFF, 0xFF, 0xFF, 0xFF, 0xFF,
    0xFF, 0xFF, 0xFF, 0xFF, 0xFF, 0xFF, 0xFF, 0xFF, 0xFF, 0xFF, 0xFF, 0xFF, 0xFF, 0xFF, 0xFF, 0xFF,
    0xFF, 0xFF, 0xFF, 0xFF, 0xFF, 0xFF, 0xFF, 0xFF, 0xFF, 0xFF, 0xFF, 0xFF, 0xFF, 0xFF, 0xFF, 0xFF,
    0xFF, 0xFF, 0xFF, 0xFF, 0xDF, 0xFF, 0xFC, 0xDE, 0x9A, 0xCE, 0xBB, 0xD6, 0xBB, 0xD6, 0xBB, 0xD6,
    0xBB, 0xD6, 0xBB, 0xD6, 0xBB, 0xD6, 0xBB, 0xD6, 0xBB, 0xD6, 0xBB, 0xD6, 0xBB, 0xD6, 0xBB, 0xD6,
    0xBB, 0xD6, 0xBB, 0xD6, 0xBB, 0xD6, 0xBB, 0xD6, 0xBB, 0xD6, 0xBB, 0xD6, 0xBB, 0xD6, 0xBB, 0xD6,
    0xBB, 0xD6, 0xBB, 0xD6, 0xBB, 0xD6, 0xBB, 0xD6, 0xBB, 0xD6, 0xBB, 0xD6, 0xBB, 0xD6, 0xBB, 0xD6,
    0xBB, 0xD6, 0xBB, 0xD6, 0xBB, 0xD6, 0xBB, 0xD6, 0xBB, 0xD6, 0xBB, 0xD6, 0xBB, 0xD6, 0xBB, 0xD6,
    0xBB, 0xD6, 0xBB, 0xD6, 0xBB, 0xD6, 0xBB, 0xD6, 0xBB, 0xD6, 0xBB, 0xD6, 0xBB, 0xD6, 0xBB, 0xD6,
    0xBB, 0xD6, 0xBB, 0xD6, 0xBB, 0xD6, 0xBB, 0xD6, 0xBB, 0xD6, 0xBB, 0xD6, 0xBB, 0xD6, 0xBB, 0xD6,
    0xBB, 0xD6, 0xBB, 0xD6, 0xBB, 0xD6, 0xBB, 0xD6, 0xBB, 0xD6, 0xBB, 0xD6, 0xBB, 0xD6, 0xBB, 0xD6,
    0xBB, 0xD6, 0xBB, 0xD6, 0xBB, 0xD6, 0xBB, 0xD6, 0xBB, 0xD6, 0xDB, 0xD6, 0xBB, 0xD6, 0xBB, 0xD6,
    0x1C, 0xDF, 0xFF, 0xFF, 0xFF, 0xFF, 0xFF, 0xFF, 0xFF, 0xFF, 0xFF, 0xFF, 0xFF, 0xFF, 0xFF, 0xFF,
    0xFF, 0xFF, 0xFF, 0xFF, 0xFF, 0xFF, 0xFF, 0xFF, 0xFF, 0xFF, 0xFF, 0xFF, 0xFF, 0xFF, 0xFF, 0xFF,
    0xFF, 0xFF, 0xFF, 0xFF, 0xFF, 0xFF, 0xFF, 0xFF, 0xFF, 0xFF, 0xFF, 0xFF, 0xFF, 0xFF, 0xFF, 0xFF,
    0xFF, 0xFF, 0xFF, 0xFF, 0xFF, 0xFF, 0xFF, 0xFF, 0xFF, 0xFF, 0xFF, 0xFF, 0xFF, 0xFF, 0xFF, 0xFF,
    0xFF, 0xFF, 0xFF, 0xFF, 0xFF, 0xFF, 0xFF, 0xFF, 0xFF, 0xFF, 0xFF, 0xFF, 0xFF, 0xFF, 0xFF, 0xFF,
    0xFF, 0xFF, 0x7D, 0xEF, 0xBB, 0xD6, 0xBB, 0xD6, 0x9B, 0xD6, 0x9B, 0xD6, 0x9B, 0xD6, 0x9B, 0xD6,
    0x9B, 0xD6, 0x9B, 0xD6, 0x9B, 0xD6, 0xBB, 0xD6, 0xBB, 0xD6, 0xBB, 0xD6, 0xBB, 0xD6, 0xBB, 0xD6,
    0xBB, 0xD6, 0xBB, 0xD6, 0xBB, 0xD6, 0xBB, 0xD6, 0xBB, 0xD6, 0xBB, 0xD6, 0xBB, 0xD6, 0xBB, 0xD6,
    0xBB, 0xD6, 0xBB, 0xD6, 0xBB, 0xD6, 0xBB, 0xD6, 0xBB, 0xD6, 0xBB, 0xD6, 0xBB, 0xD6, 0xBB, 0xD6,
    0xBB, 0xD6, 0xBB, 0xD6, 0xBB, 0xD6, 0xBB, 0xD6, 0xBB, 0xD6, 0xBB, 0xD6, 0xBB, 0xD6, 0xBB, 0xD6,
    0xBB, 0xD6, 0xBB, 0xD6, 0xBB, 0xD6, 0xBB, 0xD6, 0xBB, 0xD6, 0xBB, 0xD6, 0xBB, 0xD6, 0xBB, 0xD6,
    0xBB, 0xD6, 0xBB, 0xD6, 0xBB, 0xD6, 0xBB, 0xD6, 0xBB, 0xD6, 0xBB, 0xD6, 0xBB, 0xD6, 0xBB, 0xD6,
    0xBB, 0xD6, 0xBB, 0xD6, 0xBB, 0xD6, 0xBB, 0xD6, 0xBB, 0xD6, 0xBB, 0xD6, 0xBB, 0xD6, 0xBB, 0xD6,
    0xBB, 0xD6, 0xBB, 0xD6, 0xBB, 0xD6, 0xDC, 0xD6, 0x9B, 0xCE, 0xBB, 0xD6, 0x9E, 0xEF, 0xFF, 0xFF,
    0xFF, 0xFF, 0xFF, 0xFF, 0xFF, 0xFF, 0xFF, 0xFF, 0xFF, 0xFF, 0xFF, 0xFF, 0xFF, 0xFF, 0xFF, 0xFF,
    0xFF, 0xFF, 0xFF, 0xFF, 0xFF, 0xFF, 0xFF, 0xFF, 0xFF, 0xFF, 0xFF, 0xFF, 0xFF, 0xFF, 0xFF, 0xFF,
    0xFF, 0xFF, 0xFF, 0xFF, 0xFF, 0xFF, 0xFF, 0xFF, 0xFF, 0xFF, 0xFF, 0xFF, 0xFF, 0xFF, 0xFF, 0xFF,
    0xFF, 0xFF, 0xFF, 0xFF, 0xFF, 0xFF, 0xFF, 0xFF, 0xFF, 0xFF, 0xFF, 0xFF, 0xFF, 0xFF, 0xFF, 0xFF,
    0xFF, 0xFF, 0xFF, 0xFF, 0xFF, 0xFF, 0xFF, 0xFF, 0xFF, 0xFF, 0xFF, 0xFF, 0xDF, 0xFF, 0xFF, 0xFF,
    0x7E, 0xF7, 0x9B, 0xD6, 0x9B, 0xD6, 0x9B, 0xD6, 0x9B, 0xD6, 0x9B, 0xD6, 0x9B, 0xD6, 0x9B, 0xD6,
    0x9B, 0xD6, 0xBB, 0xD6, 0xBB, 0xD6, 0xBB, 0xD6, 0xBB, 0xD6, 0xBB, 0xD6, 0xBB, 0xD6, 0xBB, 0xD6,
    0xBB, 0xD6, 0xBB, 0xD6, 0xBB, 0xD6, 0xBB, 0xD6, 0xBB, 0xD6, 0xBB, 0xD6, 0xBB, 0xD6, 0xBB, 0xD6,
    0xBB, 0xD6, 0xBB, 0xD6, 0xBB, 0xD6, 0xBB, 0xD6, 0xBB, 0xD6, 0xBB, 0xD6, 0xBB, 0xD6, 0xBB, 0xD6,
    0xBB, 0xD6, 0xBB, 0xD6, 0xBB, 0xD6, 0xBB, 0xD6, 0xBB, 0xD6, 0xBB, 0xD6, 0xBB, 0xD6, 0xBB, 0xD6,
    0xBB, 0xD6, 0xBB, 0xD6, 0xBB, 0xD6, 0xBB, 0xD6, 0xBB, 0xD6, 0xBB, 0xD6, 0xBB, 0xD6, 0xBB, 0xD6,
    0xBB, 0xD6, 0xBB, 0xD6, 0xBB, 0xD6, 0xBB, 0xD6, 0xBB, 0xD6, 0xBB, 0xD6, 0xBB, 0xD6, 0xBB, 0xD6,
    0xBB, 0xD6, 0xBB, 0xD6, 0xBB, 0xD6, 0xBB, 0xD6, 0xBB, 0xD6, 0xBB, 0xD6, 0xBB, 0xD6, 0xBB, 0xD6,
    0x9B, 0xD6, 0x9B, 0xD6, 0xDC, 0xDE, 0xBF, 0xF7, 0xFF, 0xFF, 0xFF, 0xFF, 0xFF, 0xFF, 0xFF, 0xFF,
    0xFF, 0xFF, 0xFF, 0xFF, 0xFF, 0xFF, 0xFF, 0xFF, 0xFF, 0xFF, 0xFF, 0xFF, 0xFF, 0xFF, 0xFF, 0xFF,
    0xFF, 0xFF, 0xFF, 0xFF, 0xFF, 0xFF, 0xFF, 0xFF, 0xFF, 0xFF, 0xFF, 0xFF, 0xFF, 0xFF, 0xFF, 0xFF,
    0xFF, 0xFF, 0xFF, 0xFF, 0xFF, 0xFF, 0xFF, 0xFF, 0xFF, 0xFF, 0xFF, 0xFF, 0xFF, 0xFF, 0xFF, 0xFF,
    0xFF, 0xFF, 0xFF, 0xFF, 0xFF, 0xFF, 0xFF, 0xFF, 0xFF, 0xFF, 0xFF, 0xFF, 0xFF, 0xFF, 0xFF, 0xFF,
    0xFF, 0xFF, 0xFF, 0xFF, 0xFF, 0xFF, 0xFF, 0xFF, 0xFF, 0xFF, 0xFF, 0xFF, 0xDF, 0xFF, 0xBE, 0xF7,
    0x3D, 0xE7, 0x9A, 0xCE, 0x9A, 0xCE, 0xBB, 0xD6, 0x9B, 0xCE, 0x9B, 0xCE, 0x9B, 0xCE, 0xBB, 0xD6,
    0xBB, 0xD6, 0xBB, 0xD6, 0xBB, 0xD6, 0xBB, 0xD6, 0xBB, 0xD6, 0xBB, 0xD6, 0xBB, 0xD6, 0xBB, 0xD6,
    0xBB, 0xD6, 0xBB, 0xD6, 0xBB, 0xD6, 0xBB, 0xD6, 0xBB, 0xD6, 0xBB, 0xD6, 0xBB, 0xD6, 0xBB, 0xD6,
    0xBB, 0xD6, 0xBB, 0xD6, 0xBB, 0xD6, 0xBC, 0xD6, 0xBC, 0xD6, 0xBC, 0xD6, 0xBC, 0xD6, 0xBC, 0xD6,
    0xBC, 0xD6, 0xBC, 0xD6, 0xBC, 0xD6, 0xBB, 0xD6, 0xBB, 0xD6, 0xBB, 0xD6, 0xBB, 0xD6, 0xBB, 0xD6,
    0xBB, 0xD6, 0xBB, 0xD6, 0xBB, 0xD6, 0xBB, 0xD6, 0xBB, 0xD6, 0xBB, 0xD6, 0xBB, 0xD6, 0xBB, 0xD6,
    0xBB, 0xD6, 0xBB, 0xD6, 0xBC, 0xD6, 0xBC, 0xD6, 0xBC, 0xD6, 0xBC, 0xD6, 0x9B, 0xCE, 0xBB, 0xCE,
    0xBB, 0xCE, 0xBB, 0xCE, 0x9B, 0xCE, 0xBB, 0xD6, 0xBB, 0xCE, 0x9B, 0xCE, 0xBB, 0xD6, 0x5D, 0xEF,
    0xDF, 0xFF, 0xFF, 0xFF, 0xFF, 0xFF, 0xFF, 0xFF, 0xFF, 0xFF, 0xFF, 0xFF, 0xFF, 0xFF, 0xFF, 0xFF,
    0xFF, 0xFF, 0xFF, 0xFF, 0xFF, 0xFF, 0xFF, 0xFF, 0xFF, 0xFF, 0xFF, 0xFF, 0xFF, 0xFF, 0xFF, 0xFF,
    0xFF, 0xFF, 0xFF, 0xFF, 0xFF, 0xFF, 0xFF, 0xFF, 0xFF, 0xFF, 0xFF, 0xFF, 0xFF, 0xFF, 0xFF, 0xFF,
    0xFF, 0xFF, 0xFF, 0xFF, 0xFF, 0xFF, 0xFF, 0xFF, 0xFF, 0xFF, 0xFF, 0xFF, 0xFF, 0xFF, 0xFF, 0xFF,
    0xFF, 0xFF, 0xFF, 0xFF, 0xFF, 0xFF, 0xFF, 0xFF, 0xFF, 0xFF, 0xFF, 0xFF, 0xFF, 0xFF, 0xFF, 0xFF,
    0xFF, 0xFF, 0xFF, 0xFF, 0xFF, 0xFF, 0xFF, 0xFF, 0xFF, 0xFF, 0xFF, 0xFF, 0xFF, 0xFF, 0xBF, 0xF7,
    0x3D, 0xE7, 0xBB, 0xD6, 0x9B, 0xCE, 0x9A, 0xCE, 0xBB, 0xD6, 0x9B, 0xD6, 0x9B, 0xD6, 0x9B, 0xD6,
    0x9B, 0xD6, 0xBB, 0xD6, 0xBB, 0xD6, 0xBB, 0xD6, 0xBB, 0xD6, 0x9B, 0xD6, 0x9B, 0xD6, 0x9B, 0xD6,
    0x9B, 0xD6, 0xBB, 0xD6, 0xBB, 0xD6, 0xBB, 0xD6, 0xBB, 0xD6, 0x9B, 0xD6, 0x9B, 0xD6, 0x9B, 0xD6,
    0x9B, 0xD6, 0xBB, 0xD6, 0xBB, 0xD6, 0xBB, 0xD6, 0xBB, 0xD6, 0xBB, 0xD6, 0xBB, 0xD6, 0xBB, 0xD6,
    0xBB, 0xD6, 0x9B, 0xD6, 0x9B, 0xD6, 0x9B, 0xD6, 0xBB, 0xD6, 0xBB, 0xD6, 0xBB, 0xD6, 0xBB, 0xD6,
    0x9B, 0xD6, 0x9B, 0xD6, 0x9B, 0xD6, 0x9B, 0xD6, 0xBB, 0xD6, 0xBB, 0xD6, 0xBB, 0xD6, 0xBB, 0xD6,
    0xBB, 0xD6, 0xBB, 0xD6, 0xBB, 0xD6, 0xBB, 0xD6, 0xDB, 0xD6, 0xBB, 0xD6, 0xBB, 0xD6, 0xBB, 0xD6,
    0xBB, 0xD6, 0x7A, 0xCE, 0xDB, 0xD6, 0x3D, 0xE7, 0xBF, 0xFF, 0xDF, 0xFF, 0xFF, 0xFF, 0xFF, 0xFF,
    0xFF, 0xFF, 0xFF, 0xFF, 0xFF, 0xFF, 0xFF, 0xFF, 0xFF, 0xFF, 0xFF, 0xFF, 0xFF, 0xFF, 0xFF, 0xFF,
    0xFF, 0xFF, 0xFF, 0xFF, 0xFF, 0xFF, 0xFF, 0xFF, 0xFF, 0xFF, 0xFF, 0xFF, 0xFF, 0xFF, 0xFF, 0xFF,
    0xFF, 0xFF, 0xFF, 0xFF, 0xFF, 0xFF, 0xFF, 0xFF, 0xFF, 0xFF, 0xFF, 0xFF, 0xFF, 0xFF, 0xFF, 0xFF,
    0xFF, 0xFF, 0xFF, 0xFF, 0xFF, 0xFF, 0xFF, 0xFF, 0xFF, 0xFF, 0xFF, 0xFF, 0xFF, 0xFF, 0xFF, 0xFF,
    0xFF, 0xFF, 0xFF, 0xFF, 0xFF, 0xFF, 0xFF, 0xFF, 0xFF, 0xFF, 0xFF, 0xFF, 0xFF, 0xFF, 0xFF, 0xFF,
    0xFF, 0xFF, 0xFF, 0xFF, 0xFF, 0xFF, 0xFF, 0xFF, 0xFF, 0xFF, 0xFF, 0xFF, 0xFF, 0xFF, 0xDF, 0xFF,
    0x5D, 0xE7, 0xFC, 0xDE, 0xBB, 0xD6, 0xBB, 0xD6, 0xBB, 0xD6, 0xBB, 0xD6, 0xBB, 0xD6, 0xBB, 0xD6,
    0xBB, 0xD6, 0xBB, 0xD6, 0xBB, 0xD6, 0xBB, 0xD6, 0xBB, 0xD6, 0xBB, 0xD6, 0xBB, 0xD6, 0xBB, 0xD6,
    0xBB, 0xD6, 0xBB, 0xD6, 0xBB, 0xD6, 0x9A, 0xCE, 0x9A, 0xCE, 0x9A, 0xCE, 0x9A, 0xCE, 0x9B, 0xD6,
    0x9B, 0xD6, 0x9B, 0xD6, 0x9B, 0xD6, 0x9B, 0xD6, 0x9B, 0xD6, 0x9B, 0xD6, 0x9B, 0xD6, 0xBB, 0xD6,
    0xBB, 0xD6, 0xBB, 0xD6, 0xBB, 0xD6, 0xBB, 0xD6, 0xBB, 0xD6, 0xBB, 0xD6, 0xBB, 0xD6, 0xBB, 0xD6,
    0xBB, 0xD6, 0xBB, 0xD6, 0xBB, 0xD6, 0xBB, 0xD6, 0xBB, 0xD6, 0xBB, 0xD6, 0x9B, 0xD6, 0x9B, 0xD6,
    0x9B, 0xD6, 0x9B, 0xD6, 0x9B, 0xD6, 0xBB, 0xD6, 0xDB, 0xDE, 0xDC, 0xDE, 0x3C, 0xE7, 0xBF, 0xF7,
    0xFF, 0xFF, 0xDF, 0xFF, 0xFF, 0xFF, 0xFF, 0xFF, 0xFF, 0xFF, 0xFF, 0xFF, 0xFF, 0xFF, 0xFF, 0xFF,
    0xFF, 0xFF, 0xFF, 0xFF, 0xFF, 0xFF, 0xFF, 0xFF, 0xFF, 0xFF, 0xFF, 0xFF, 0xFF, 0xFF, 0xFF, 0xFF,
    0xFF, 0xFF, 0xFF, 0xFF, 0xFF, 0xFF, 0xFF, 0xFF, 0xFF, 0xFF, 0xFF, 0xFF, 0xFF, 0xFF, 0xFF, 0xFF,
    0xFF, 0xFF, 0xFF, 0xFF, 0xFF, 0xFF, 0xFF, 0xFF, 0xFF, 0xFF, 0xFF, 0xFF, 0xFF, 0xFF, 0xFF, 0xFF,
    0xFF, 0xFF, 0xFF, 0xFF, 0xFF, 0xFF, 0xFF, 0xFF, 0xFF, 0xFF, 0xFF, 0xFF, 0xFF, 0xFF, 0xFF, 0xFF,
    0xFF, 0xFF, 0xFF, 0xFF, 0xFF, 0xFF, 0xFF, 0xFF, 0xFF, 0xFF, 0xFF, 0xFF, 0xFF, 0xFF, 0xFF, 0xFF,
    0xFF, 0xFF, 0xFF, 0xFF, 0xFF, 0xFF, 0xFF, 0xFF, 0xFF, 0xFF, 0xBE, 0xFF, 0xFF, 0xFF, 0xFF, 0xFF,
    0xFF, 0xFF, 0xFF, 0xFF, 0xFF, 0xFF, 0xFF, 0xFF, 0xFF, 0xFF, 0xFF, 0xFF, 0xFF, 0xFF, 0xFF, 0xFF,
    0xFF, 0xFF, 0xFF, 0xFF, 0xFF, 0xFF, 0xFF, 0xFF, 0xFF, 0xFF, 0xFF, 0xFF, 0xFF, 0xFF, 0xFF, 0xFF,
    0xFF, 0xFF, 0xFF, 0xFF, 0xFF, 0xFF, 0xFF, 0xFF, 0xFF, 0xFF, 0xFF, 0xFF, 0xFF, 0xFF, 0xFF, 0xFF,
    0xFF, 0xFF, 0xFF, 0xFF, 0xFF, 0xFF, 0xFF, 0xFF, 0xFF, 0xFF, 0xFF, 0xFF, 0xFF, 0xFF, 0xFF, 0xFF,
    0xFF, 0xFF, 0xFF, 0xFF, 0xFF, 0xFF, 0xFF, 0xFF, 0xFF, 0xFF, 0xFF, 0xFF, 0xFF, 0xFF, 0xFF, 0xFF,
    0xFF, 0xFF, 0xFF, 0xFF, 0xFF, 0xFF, 0xFF, 0xFF, 0xFF, 0xFF, 0xFF, 0xFF, 0xFF, 0xFF, 0xFF, 0xFF,
    0xFF, 0xFF, 0xFF, 0xFF, 0xFF, 0xFF, 0xFF, 0xFF, 0xFF, 0xFF, 0xDF, 0xFF, 0xFF, 0xFF, 0xFF, 0xFF,
    0xFF, 0xFF, 0xDF, 0xFF, 0xFF, 0xFF, 0xFF, 0xFF, 0xFF, 0xFF, 0xFF, 0xFF, 0xFF, 0xFF, 0xFF, 0xFF,
    0xFF, 0xFF, 0xFF, 0xFF, 0xFF, 0xFF, 0xFF, 0xFF, 0xFF, 0xFF, 0xFF, 0xFF, 0xFF, 0xFF, 0xFF, 0xFF,
    0xFF, 0xFF, 0xFF, 0xFF, 0xFF, 0xFF, 0xFF, 0xFF, 0xFF, 0xFF, 0xFF, 0xFF, 0xFF, 0xFF, 0xFF, 0xFF,
    0xFF, 0xFF, 0xFF, 0xFF, 0xFF, 0xFF, 0xFF, 0xFF, 0xFF, 0xFF, 0xFF, 0xFF, 0xFF, 0xFF, 0xFF, 0xFF,
    0xFF, 0xFF, 0xFF, 0xFF, 0xFF, 0xFF, 0xFF, 0xFF, 0xFF, 0xFF, 0xFF, 0xFF, 0xFF, 0xFF, 0xFF, 0xFF,
    0xFF, 0xFF, 0xFF, 0xFF, 0xFF, 0xFF, 0xFF, 0xFF, 0xFF, 0xFF, 0xFF, 0xFF, 0xFF, 0xFF, 0xFF, 0xFF,
    0xFF, 0xFF, 0xFF, 0xFF, 0xFF, 0xFF, 0xFF, 0xFF, 0xFF, 0xFF, 0xFF, 0xFF, 0xFF, 0xFF, 0xFF, 0xFF,
    0xFF, 0xFF, 0xFF, 0xFF, 0xFF, 0xFF, 0xFF, 0xFF, 0xFF, 0xFF, 0xFF, 0xFF, 0xFF, 0xFF, 0xFF, 0xFF,
    0xFF, 0xFF, 0xFF, 0xFF, 0xFF, 0xFF, 0xFF, 0xFF, 0xFF, 0xFF, 0xFF, 0xFF, 0xFF, 0xFF, 0xFF, 0xFF,
    0xFF, 0xFF, 0xFF, 0xFF, 0xFF, 0xFF, 0xFF, 0xFF, 0xFF, 0xFF, 0xFF, 0xFF, 0xFF, 0xFF, 0xFF, 0xFF,
    0xFF, 0xFF, 0xFF, 0xFF, 0xFF, 0xFF, 0xFF, 0xFF, 0xFF, 0xFF, 0xFF, 0xFF, 0xFF, 0xFF, 0xFF, 0xFF,
    0xFF, 0xFF, 0xFF, 0xFF, 0xFF, 0xFF, 0xFF, 0xFF, 0xFF, 0xFF, 0xFF, 0xFF, 0xFF, 0xFF, 0xFF, 0xFF,
    0xFF, 0xFF, 0xFF, 0xFF, 0xFF, 0xFF, 0xFF, 0xFF, 0xFF, 0xFF, 0xFF, 0xFF, 0xFF, 0xFF, 0xFF, 0xFF,
    0xFF, 0xFF, 0xFF, 0xFF, 0xFF, 0xFF, 0xFF, 0xFF, 0xFF, 0xFF, 0xFF, 0xFF, 0xFF, 0xFF, 0xFF, 0xFF,
    0xFF, 0xFF, 0xFF, 0xFF, 0xFF, 0xFF, 0xFF, 0xFF, 0xFF, 0xFF, 0xFF, 0xFF, 0xFF, 0xFF, 0xFF, 0xFF,
    0xFF, 0xFF, 0xFF, 0xFF, 0xFF, 0xFF, 0xFF, 0xFF, 0xFF, 0xFF, 0xFF, 0xFF, 0xFF, 0xFF, 0xFF, 0xFF,
    0xFF, 0xFF, 0xFF, 0xFF, 0xFF, 0xFF, 0xFF, 0xFF, 0xFF, 0xFF, 0xFF, 0xFF, 0xFF, 0xFF, 0xFF, 0xFF,
    0xFF, 0xFF, 0xFF, 0xFF, 0xFF, 0xFF, 0xFF, 0xFF, 0xFF, 0xFF, 0xFF, 0xFF, 0xFF, 0xFF, 0xFF, 0xFF,
    0xFF, 0xFF, 0xFF, 0xFF, 0xFF, 0xFF, 0xFF, 0xFF, 0xFF, 0xFF, 0xFF, 0xFF, 0xFF, 0xFF, 0xFF, 0xFF,
    0xFF, 0xFF, 0xFF, 0xFF, 0xFF, 0xFF, 0xFF, 0xFF, 0xFF, 0xFF, 0xFF, 0xFF, 0xFF, 0xFF, 0xFF, 0xFF,
    0xFF, 0xFF, 0xFF, 0xFF, 0xFF, 0xFF, 0xFF, 0xFF, 0xFF, 0xFF, 0xFF, 0xFF, 0xFF, 0xFF, 0xFF, 0xFF,
    0xFF, 0xFF, 0xFF, 0xFF, 0xFF, 0xFF, 0xFF, 0xFF, 0xFF, 0xFF, 0xFF, 0xFF, 0xFF, 0xFF, 0xFF, 0xFF,
    0xFF, 0xFF, 0xFF, 0xFF, 0xFF, 0xFF, 0xFF, 0xFF, 0xFF, 0xFF, 0xFF, 0xFF, 0xFF, 0xFF, 0xFF, 0xFF,
    0xFF, 0xFF, 0xFF, 0xFF, 0xFF, 0xFF, 0xFF, 0xFF, 0xFF, 0xFF, 0xFF, 0xFF, 0xFF, 0xFF, 0xFF, 0xFF,
    0xFF, 0xFF, 0xFF, 0xFF, 0xFF, 0xFF, 0xFF, 0xFF, 0xFF, 0xFF, 0xFF, 0xFF, 0xFF, 0xFF, 0xFF, 0xFF,
    0xFF, 0xFF, 0xFF, 0xFF, 0xFF, 0xFF, 0xFF, 0xFF, 0xFF, 0xFF, 0xFF, 0xFF, 0xFF, 0xFF, 0xFF, 0xFF,
    0xFF, 0xFF, 0xFF, 0xFF, 0xFF, 0xFF, 0xFF, 0xFF, 0xFF, 0xFF, 0xFF, 0xFF, 0xFF, 0xFF, 0xFF, 0xFF,
    0xFF, 0xFF, 0xFF, 0xFF, 0xFF, 0xFF, 0xFF, 0xFF, 0xFF, 0xFF, 0xFF, 0xFF, 0xFF, 0xFF, 0xFF, 0xFF,
    0xFF, 0xFF, 0xFF, 0xFF, 0xFF, 0xFF, 0xFF, 0xFF, 0xFF, 0xFF, 0xFF, 0xFF, 0xFF, 0xFF, 0xFF, 0xFF,
    0xFF, 0xFF, 0xFF, 0xFF, 0xFF, 0xFF, 0xFF, 0xFF, 0xFF, 0xFF, 0xFF, 0xFF, 0xFF, 0xFF, 0xFF, 0xFF,
    0xFF, 0xFF, 0xFF, 0xFF, 0xFF, 0xFF, 0xFF, 0xFF, 0xFF, 0xFF, 0xFF, 0xFF, 0xFF, 0xFF, 0xFF, 0xFF,
    0xFF, 0xFF, 0xFF, 0xFF, 0xFF, 0xFF, 0xFF, 0xFF, 0xFF, 0xFF, 0xFF, 0xFF, 0xFF, 0xFF, 0xFF, 0xFF,
    0xFF, 0xFF, 0xFF, 0xFF, 0xFF, 0xFF, 0xFF, 0xFF, 0xFF, 0xFF, 0xFF, 0xFF, 0xFF, 0xFF, 0xFF, 0xFF,
    0xFF, 0xFF, 0xFF, 0xFF, 0xFF, 0xFF, 0xFF, 0xFF, 0xFF, 0xFF, 0xFF, 0xFF, 0xFF, 0xFF, 0xFF, 0xFF,
    0xFF, 0xFF, 0xFF, 0xFF, 0xFF, 0xFF, 0xFF, 0xFF, 0xFF, 0xFF, 0xFF, 0xFF, 0xFF, 0xFF, 0xFF, 0xFF,
    0xFF, 0xFF, 0xFF, 0xFF, 0xFF, 0xFF, 0xFF, 0xFF, 0xFF, 0xFF, 0xFF, 0xFF, 0xFF, 0xFF, 0xFF, 0xFF,
    0xFF, 0xFF, 0xFF, 0xFF, 0xFF, 0xFF, 0xFF, 0xFF, 0xFF, 0xFF, 0xFF, 0xFF, 0xFF, 0xFF, 0xFF, 0xFF,
    0xFF, 0xFF, 0xFF, 0xFF, 0xFF, 0xFF, 0xFF, 0xFF, 0xFF, 0xFF, 0xFF, 0xFF, 0xFF, 0xFF, 0xFF, 0xFF,
    0xFF, 0xFF, 0xFF, 0xFF, 0xFF, 0xFF, 0xFF, 0xFF, 0xFF, 0xFF, 0xFF, 0xFF, 0xFF, 0xFF, 0xFF, 0xFF,
    0xFF, 0xFF, 0xFF, 0xFF, 0xFF, 0xFF, 0xFF, 0xFF, 0xFF, 0xFF, 0xFF, 0xFF, 0xFF, 0xFF, 0xFF, 0xFF,
    0xFF, 0xFF, 0xFF, 0xFF, 0xFF, 0xFF, 0xFF, 0xFF, 0xFF, 0xFF, 0xFF, 0xFF, 0xFF, 0xFF, 0xFF, 0xFF,
    0xFF, 0xFF, 0xFF, 0xFF, 0xFF, 0xFF, 0xFF, 0xFF, 0xFF, 0xFF, 0xFF, 0xFF, 0xFF, 0xFF, 0xFF, 0xFF,
    0xFF, 0xFF, 0xFF, 0xFF, 0xFF, 0xFF, 0xFF, 0xFF, 0xFF, 0xFF, 0xFF, 0xFF, 0xFF, 0xFF, 0xFF, 0xFF,
    0xFF, 0xFF, 0xFF, 0xFF, 0xFF, 0xFF, 0xFF, 0xFF, 0xFF, 0xFF, 0xFF, 0xFF, 0xFF, 0xFF, 0xFF, 0xFF,
    0xFF, 0xFF, 0xFF, 0xFF, 0xFF, 0xFF, 0xFF, 0xFF, 0xFF, 0xFF, 0xFF, 0xFF, 0xFF, 0xFF, 0xFF, 0xFF,
    0xFF, 0xFF, 0xFF, 0xFF, 0xFF, 0xFF, 0xFF, 0xFF, 0xFF, 0xFF, 0xFF, 0xFF, 0xFF, 0xFF, 0xFF, 0xFF,
    0xFF, 0xFF, 0xFF, 0xFF, 0xFF, 0xFF, 0xFF, 0xFF, 0xFF, 0xFF, 0xFF, 0xFF, 0xFF, 0xFF, 0xFF, 0xFF,
    0xFF, 0xFF, 0xFF, 0xFF, 0xFF, 0xFF, 0xFF, 0xFF, 0xFF, 0xFF, 0xFF, 0xFF, 0xFF, 0xFF, 0xFF, 0xFF,
    0xFF, 0xFF, 0xFF, 0xFF, 0xFF, 0xFF, 0xFF, 0xFF, 0xFF, 0xFF, 0xFF, 0xFF, 0xFF, 0xFF, 0xFF, 0xFF,
    0xFF, 0xFF, 0xFF, 0xFF, 0xFF, 0xFF, 0xFF, 0xFF, 0xFF, 0xFF, 0xFF, 0xFF, 0xFF, 0xFF, 0xFF, 0xFF,
    0xFF, 0xFF, 0xFF, 0xFF, 0xFF, 0xFF, 0xFF, 0xFF, 0xFF, 0xFF, 0xFF, 0xFF, 0xFF, 0xFF, 0xFF, 0xFF,
    0xFF, 0xFF, 0xFF, 0xFF, 0xFF, 0xFF, 0xFF, 0xFF, 0xFF, 0xFF, 0xFF, 0xFF, 0xFF, 0xFF, 0xFF, 0xFF,
    0xFF, 0xFF, 0xFF, 0xFF, 0xFF, 0xFF, 0xFF, 0xFF, 0xFF, 0xFF, 0xFF, 0xFF, 0xFF, 0xFF, 0xFF, 0xFF,
    0xFF, 0xFF, 0xFF, 0xFF, 0xFF, 0xFF, 0xFF, 0xFF, 0xFF, 0xFF, 0xFF, 0xFF, 0xFF, 0xFF, 0xFF, 0xFF,
    0xFF, 0xFF, 0xFF, 0xFF, 0xFF, 0xFF, 0xFF, 0xFF, 0xFF, 0xFF, 0xFF, 0xFF, 0xFF, 0xFF, 0xFF, 0xFF,
    0xFF, 0xFF, 0xFF, 0xFF, 0xFF, 0xFF, 0xFF, 0xFF, 0xFF, 0xFF, 0xFF, 0xFF, 0xFF, 0xFF, 0xFF, 0xFF,
    0xFF, 0xFF, 0xFF, 0xFF, 0xFF, 0xFF, 0xFF, 0xFF, 0xFF, 0xFF, 0xFF, 0xFF, 0xFF, 0xFF, 0xFF, 0xFF,
    0xFF, 0xFF, 0xFF, 0xFF, 0xFF, 0xFF, 0xFF, 0xFF, 0xFF, 0xFF, 0xFF, 0xFF, 0xFF, 0xFF, 0xFF, 0xFF,
    0xFF, 0xFF, 0xFF, 0xFF, 0xFF, 0xFF, 0xFF, 0xFF, 0xFF, 0xFF, 0xFF, 0xFF, 0xFF, 0xFF, 0xFF, 0xFF,
    0xFF, 0xFF, 0xFF, 0xFF, 0xFF, 0xFF, 0xFF, 0xFF, 0xFF, 0xFF, 0xFF, 0xFF, 0xFF, 0xFF, 0xFF, 0xFF,
    0xFF, 0xFF, 0xFF, 0xFF, 0xFF, 0xFF, 0xFF, 0xFF, 0xFF, 0xFF, 0xFF, 0xFF, 0xFF, 0xFF, 0xFF, 0xFF,
    0xFF, 0xFF, 0xFF, 0xFF, 0xFF, 0xFF, 0xFF, 0xFF, 0xFF, 0xFF, 0xFF, 0xFF, 0xFF, 0xFF, 0xFF, 0xFF,
    0xFF, 0xFF, 0xFF, 0xFF, 0xFF, 0xFF, 0xFF, 0xFF, 0xFF, 0xFF, 0xFF, 0xFF, 0xFF, 0xFF, 0xFF, 0xFF,
    0xFF, 0xFF, 0xFF, 0xFF, 0xFF, 0xFF, 0xFF, 0xFF, 0xFF, 0xFF, 0xFF, 0xFF, 0xFF, 0xFF, 0xFF, 0xFF,
    0xFF, 0xFF, 0xFF, 0xFF, 0xFF, 0xFF, 0xFF, 0xFF, 0xFF, 0xFF, 0xFF, 0xFF, 0xFF, 0xFF, 0xFF, 0xFF,
    0xFF, 0xFF, 0xFF, 0xFF, 0xFF, 0xFF, 0xFF, 0xFF, 0xFF, 0xFF, 0xFF, 0xFF, 0xFF, 0xFF, 0xFF, 0xFF,
    0xFF, 0xFF, 0xFF, 0xFF, 0xFF, 0xFF, 0xFF, 0xFF, 0xFF, 0xFF, 0xFF, 0xFF, 0xFF, 0xFF, 0xFF, 0xFF,
    0xFF, 0xFF, 0xFF, 0xFF, 0xFF, 0xFF, 0xFF, 0xFF, 0xFF, 0xFF, 0xFF, 0xFF, 0xFF, 0xFF, 0xFF, 0xFF,
    0xFF, 0xFF, 0xFF, 0xFF, 0xFF, 0xFF, 0xFF, 0xFF, 0xFF, 0xFF, 0xFF, 0xFF, 0xFF, 0xFF, 0xFF, 0xFF,
    0xFF, 0xFF, 0xFF, 0xFF, 0xFF, 0xFF, 0xFF, 0xFF, 0xFF, 0xFF, 0xFF, 0xFF, 0xFF, 0xFF, 0xFF, 0xFF,
    0xFF, 0xFF, 0xFF, 0xFF, 0xFF, 0xFF, 0xFF, 0xFF, 0xFF, 0xFF, 0xFF, 0xFF, 0xFF, 0xFF, 0xFF, 0xFF,
    0xFF, 0xFF, 0xFF, 0xFF, 0xFF, 0xFF, 0xFF, 0xFF, 0xFF, 0xFF, 0xFF, 0xFF, 0xFF, 0xFF, 0xFF, 0xFF,
    0xFF, 0xFF, 0xFF, 0xFF, 0xFF, 0xFF, 0xFF, 0xFF, 0xFF, 0xFF, 0xFF, 0xFF, 0xFF, 0xFF, 0xFF, 0xFF,
    0xFF, 0xFF, 0xFF, 0xFF, 0xFF, 0xFF, 0xFF, 0xFF, 0xFF, 0xFF, 0xFF, 0xFF, 0xFF, 0xFF, 0xFF, 0xFF,
    0xFF, 0xFF, 0xFF, 0xFF, 0xFF, 0xFF, 0xFF, 0xFF, 0xFF, 0xFF, 0xFF, 0xFF, 0xFF, 0xFF, 0xFF, 0xFF,
    0xFF, 0xFF, 0xFF, 0xFF, 0xFF, 0xFF, 0xFF, 0xFF, 0xFF, 0xFF, 0xFF, 0xFF, 0xFF, 0xFF, 0xFF, 0xFF,
    0xFF, 0xFF, 0xFF, 0xFF, 0xFF, 0xFF, 0xFF, 0xFF, 0xFF, 0xFF, 0xFF, 0xFF, 0xFF, 0xFF, 0xFF, 0xFF,
    0xFF, 0xFF, 0xFF, 0xFF, 0xFF, 0xFF, 0xFF, 0xFF, 0xFF, 0xFF, 0xFF, 0xFF, 0xFF, 0xFF, 0xFF, 0xFF,
    0xFF, 0xFF, 0xFF, 0xFF, 0xFF, 0xFF, 0xFF, 0xFF, 0xFF, 0xFF, 0xFF, 0xFF, 0xFF, 0xFF, 0xFF, 0xFF,
    0xFF, 0xFF, 0xFF, 0xFF, 0xFF, 0xFF, 0xFF, 0xFF, 0xFF, 0xFF, 0xFF, 0xFF, 0xFF, 0xFF, 0xFF, 0xFF,
    0xFF, 0xFF, 0xFF, 0xFF, 0xFF, 0xFF, 0xFF, 0xFF, 0xFF, 0xFF, 0xFF, 0xFF, 0xFF, 0xFF, 0xFF, 0xFF,
    0xFF, 0xFF, 0xFF, 0xFF, 0xFF, 0xFF, 0xFF, 0xFF, 0xFF, 0xFF, 0xFF, 0xFF, 0xFF, 0xFF, 0xFF, 0xFF,
    0xFF, 0xFF, 0xFF, 0xFF, 0xFF, 0xFF, 0xFF, 0xFF, 0xFF, 0xFF, 0xFF, 0xFF, 0xFF, 0xFF, 0xFF, 0xFF,
    0xFF, 0xFF, 0xFF, 0xFF, 0xFF, 0xFF, 0xFF, 0xFF, 0xFF, 0xFF, 0xFF, 0xFF, 0xFF, 0xFF, 0xFF, 0xFF,
    0xFF, 0xFF, 0xFF, 0xFF, 0xFF, 0xFF, 0xFF, 0xFF, 0xFF, 0xFF, 0xFF, 0xFF, 0xFF, 0xFF, 0xFF, 0xFF,
    0xFF, 0xFF, 0xFF, 0xFF, 0xFF, 0xFF, 0xFF, 0xFF, 0xFF, 0xFF, 0xFF, 0xFF, 0xFF, 0xFF, 0xFF, 0xFF,
    0xFF, 0xFF, 0xFF, 0xFF, 0xFF, 0xFF, 0xFF, 0xFF, 0xFF, 0xFF, 0xFF, 0xFF, 0xFF, 0xFF, 0xFF, 0xFF,
    0xFF, 0xFF, 0xFF, 0xFF, 0xFF, 0xFF, 0xFF, 0xFF, 0xFF, 0xFF, 0xFF, 0xFF, 0xFF, 0xFF, 0xFF, 0xFF,
    0xFF, 0xFF, 0xFF, 0xFF, 0xFF, 0xFF, 0xFF, 0xFF, 0xFF, 0xFF, 0xFF, 0xFF, 0xFF, 0xFF, 0xFF, 0xFF,
    0xFF, 0xFF, 0xFF, 0xFF, 0xFF, 0xFF, 0xFF, 0xFF, 0xFF, 0xFF, 0xFF, 0xFF, 0xFF, 0xFF, 0xFF, 0xFF,
    0xFF, 0xFF, 0xFF, 0xFF, 0xFF, 0xFF, 0xFF, 0xFF, 0xFF, 0xFF, 0xFF, 0xFF, 0xFF, 0xFF, 0xFF, 0xFF,
    0xFF, 0xFF, 0xFF, 0xFF, 0xFF, 0xFF, 0xFF, 0xFF, 0xFF, 0xFF, 0xFF, 0xFF, 0xFF, 0xFF, 0xFF, 0xFF,
    0xFF, 0xFF, 0xFF, 0xFF, 0xFF, 0xFF, 0xFF, 0xFF, 0xFF, 0xFF, 0xFF, 0xFF, 0xFF, 0xFF, 0xFF, 0xFF,
    0xFF, 0xFF, 0xFF, 0xFF, 0xFF, 0xFF, 0xFF, 0xFF, 0xFF, 0xFF, 0xFF, 0xFF, 0xFF, 0xFF, 0xFF, 0xFF,
    0xFF, 0xFF, 0xFF, 0xFF, 0xFF, 0xFF, 0xFF, 0xFF, 0xFF, 0xFF, 0xFF, 0xFF, 0xFF, 0xFF, 0xFF, 0xFF,
    0xFF, 0xFF, 0xFF, 0xFF, 0xFF, 0xFF, 0xFF, 0xFF, 0xFF, 0xFF, 0xFF, 0xFF, 0xFF, 0xFF, 0xFF, 0xFF,
    0xFF, 0xFF, 0xFF, 0xFF, 0xFF, 0xFF, 0xFF, 0xFF, 0xFF, 0xFF, 0xFF, 0xFF, 0xFF, 0xFF, 0xFF, 0xFF,
    0xFF, 0xFF, 0xFF, 0xFF, 0xFF, 0xFF, 0xFF, 0xFF, 0xFF, 0xFF, 0xFF, 0xFF, 0xFF, 0xFF, 0xFF, 0xFF,
    0xFF, 0xFF, 0xFF, 0xFF, 0xFF, 0xFF, 0xFF, 0xFF, 0xFF, 0xFF, 0xFF, 0xFF, 0xFF, 0xFF, 0xFF, 0xFF,
    0xFF, 0xFF, 0xFF, 0xFF, 0xFF, 0xFF, 0xFF, 0xFF, 0xFF, 0xFF, 0xFF, 0xFF, 0xFF, 0xFF, 0xFF, 0xFF,
    0xFF, 0xFF, 0xFF, 0xFF, 0xFF, 0xFF, 0xFF, 0xFF, 0xFF, 0xFF, 0xFF, 0xFF, 0xFF, 0xFF, 0xFF, 0xFF,
    0xFF, 0xFF, 0xFF, 0xFF, 0xFF, 0xFF, 0xFF, 0xFF, 0xFF, 0xFF, 0xFF, 0xFF, 0xFF, 0xFF, 0xFF, 0xFF,
    0xFF, 0xFF, 0xFF, 0xFF, 0xFF, 0xFF, 0xFF, 0xFF, 0xFF, 0xFF, 0xFF, 0xFF, 0xFF, 0xFF, 0xFF, 0xFF,
    0xFF, 0xFF, 0xFF, 0xFF, 0xFF, 0xFF, 0xFF, 0xFF, 0xFF, 0xFF, 0xFF, 0xFF, 0xFF, 0xFF, 0xFF, 0xFF,
    0xFF, 0xFF, 0xFF, 0xFF, 0xFF, 0xFF, 0xFF, 0xFF, 0xFF, 0xFF, 0xFF, 0xFF, 0xFF, 0xFF, 0xFF, 0xFF,
    0xFF, 0xFF, 0xFF, 0xFF, 0xFF, 0xFF, 0xFF, 0xFF, 0xFF, 0xFF, 0xFF, 0xFF, 0xFF, 0xFF, 0xFF, 0xFF,
    0xFF, 0xFF, 0xFF, 0xFF, 0xFF, 0xFF, 0xFF, 0xFF, 0xFF, 0xFF, 0xFF, 0xFF, 0xFF, 0xFF, 0xFF, 0xFF,
    0xFF, 0xFF, 0xFF, 0xFF, 0xFF, 0xFF, 0xFF, 0xFF, 0xFF, 0xFF, 0xFF, 0xFF, 0xFF, 0xFF, 0xFF, 0xFF,
    0xFF, 0xFF, 0xFF, 0xFF, 0xFF, 0xFF, 0xFF, 0xFF, 0xFF, 0xFF, 0xFF, 0xFF, 0xFF, 0xFF, 0xFF, 0xFF,
    0xFF, 0xFF, 0xFF, 0xFF, 0xFF, 0xFF, 0xFF, 0xFF, 0xFF, 0xFF, 0xFF, 0xFF, 0xFF, 0xFF, 0xFF, 0xFF,
    0xFF, 0xFF, 0xFF, 0xFF, 0xFF, 0xFF, 0xFF, 0xFF, 0xFF, 0xFF, 0xFF, 0xFF, 0xFF, 0xFF, 0xFF, 0xFF,
    0xFF, 0xFF, 0xFF, 0xFF, 0xFF, 0xFF, 0xFF, 0xFF, 0xFF, 0xFF, 0xFF, 0xFF, 0xFF, 0xFF, 0xFF, 0xFF,
    0xFF, 0xFF, 0xFF, 0xFF, 0xFF, 0xFF, 0xFF, 0xFF, 0xFF, 0xFF, 0xFF, 0xFF, 0xFF, 0xFF, 0xFF, 0xFF,
    0xFF, 0xFF, 0xFF, 0xFF, 0xFF, 0xFF, 0xFF, 0xFF, 0xFF, 0xFF, 0xFF, 0xFF, 0xFF, 0xFF, 0xFF, 0xFF,
    0xFF, 0xFF, 0xFF, 0xFF, 0xFF, 0xFF, 0xFF, 0xFF, 0xFF, 0xFF, 0xFF, 0xFF, 0xFF, 0xFF, 0xFF, 0xFF,
    0xFF, 0xFF, 0xFF, 0xFF, 0xFF, 0xFF, 0xFF, 0xFF, 0xFF, 0xFF, 0xFF, 0xFF, 0xFF, 0xFF, 0xFF, 0xFF,
    0xFF, 0xFF, 0xFF, 0xFF, 0xFF, 0xFF, 0xFF, 0xFF, 0xFF, 0xFF, 0xFF, 0xFF, 0xFF, 0xFF, 0xFF, 0xFF,
    0xFF, 0xFF, 0xFF, 0xFF, 0xFF, 0xFF, 0xFF, 0xFF, 0xFF, 0xFF, 0xFF, 0xFF, 0xFF, 0xFF, 0xFF, 0xFF,
    0xFF, 0xFF, 0xFF, 0xFF, 0xFF, 0xFF, 0xFF, 0xFF, 0xFF, 0xFF, 0xFF, 0xFF, 0xFF, 0xFF, 0xFF, 0xFF,
    0xFF, 0xFF, 0xFF, 0xFF, 0xFF, 0xFF, 0xFF, 0xFF, 0xFF, 0xFF, 0xFF, 0xFF, 0xFF, 0xFF, 0xFF, 0xFF,
    0xFF, 0xFF, 0xFF, 0xFF, 0xFF, 0xFF, 0xFF, 0xFF, 0xFF, 0xFF, 0xFF, 0xFF, 0xFF, 0xFF, 0xFF, 0xFF,
    0xFF, 0xFF, 0xFF, 0xFF, 0xFF, 0xFF, 0xFF, 0xFF, 0xFF, 0xFF, 0xFF, 0xFF, 0xFF, 0xFF, 0xFF, 0xFF,
    0xFF, 0xFF, 0xFF, 0xFF, 0xFF, 0xFF, 0xFF, 0xFF, 0xFF, 0xFF, 0xFF, 0xFF, 0xFF, 0xFF, 0xFF, 0xFF,
    0xFF, 0xFF, 0xFF, 0xFF, 0xFF, 0xFF, 0xFF, 0xFF, 0xFF, 0xFF, 0xFF, 0xFF, 0xFF, 0xFF, 0xFF, 0xFF,
    0xFF, 0xFF, 0xFF, 0xFF, 0xFF, 0xFF, 0xFF, 0xFF, 0xFF, 0xFF, 0xFF, 0xFF, 0xFF, 0xFF, 0xFF, 0xFF,
    0xFF, 0xFF, 0xFF, 0xFF, 0xFF, 0xFF, 0xFF, 0xFF, 0xFF, 0xFF, 0xFF, 0xFF, 0xFF, 0xFF, 0xFF, 0xFF,
    0xFF, 0xFF, 0xFF, 0xFF, 0xFF, 0xFF, 0xFF, 0xFF, 0xFF, 0xFF, 0xFF, 0xFF, 0xFF, 0xFF, 0xFF, 0xFF,
    0xFF, 0xFF, 0xFF, 0xFF, 0xFF, 0xFF, 0xFF, 0xFF, 0xFF, 0xFF, 0xFF, 0xFF, 0xFF, 0xFF, 0xFF, 0xFF,
    0xFF, 0xFF, 0xFF, 0xFF, 0xFF, 0xFF, 0xFF, 0xFF, 0xFF, 0xFF, 0xFF, 0xFF, 0xFF, 0xFF, 0xFF, 0xFF,
    0xFF, 0xFF, 0xFF, 0xFF, 0xFF, 0xFF, 0xFF, 0xFF, 0xFF, 0xFF, 0xFF, 0xFF, 0xFF, 0xFF, 0xFF, 0xFF,
    0xFF, 0xFF, 0xFF, 0xFF, 0xFF, 0xFF, 0xFF, 0xFF, 0xFF, 0xFF, 0xFF, 0xFF, 0xFF, 0xFF, 0xFF, 0xFF,
    0xFF, 0xFF, 0xFF, 0xFF, 0xFF, 0xFF, 0xFF, 0xFF, 0xFF, 0xFF, 0xFF, 0xFF, 0xFF, 0xFF, 0xFF, 0xFF,
    0xFF, 0xFF, 0xFF, 0xFF, 0xFF, 0xFF, 0xFF, 0xFF, 0xFF, 0xFF, 0xFF, 0xFF, 0xFF, 0xFF, 0xFF, 0xFF,
    0xFF, 0xFF, 0xFF, 0xFF, 0xFF, 0xFF, 0xFF, 0xFF, 0xFF, 0xFF, 0xFF, 0xFF, 0xFF, 0xFF, 0xFF, 0xFF,
    0xFF, 0xFF, 0xFF, 0xFF, 0xFF, 0xFF, 0xFF, 0xFF, 0xFF, 0xFF, 0xFF, 0xFF, 0xFF, 0xFF, 0xFF, 0xFF,
    0xFF, 0xFF, 0xFF, 0xFF, 0xFF, 0xFF, 0xFF, 0xFF, 0xFF, 0xFF, 0xFF, 0xFF, 0xFF, 0xFF, 0xFF, 0xFF,
    0xFF, 0xFF, 0xFF, 0xFF, 0xFF, 0xFF, 0xFF, 0xFF, 0xFF, 0xFF, 0xFF, 0xFF, 0xFF, 0xFF, 0xFF, 0xFF,
    0xFF, 0xFF, 0xFF, 0xFF, 0xFF, 0xFF, 0xFF, 0xFF, 0xFF, 0xFF, 0xFF, 0xFF, 0xFF, 0xFF, 0xFF, 0xFF,
    0xFF, 0xFF, 0xFF, 0xFF, 0xFF, 0xFF, 0xFF, 0xFF, 0xFF, 0xFF, 0xFF, 0xFF, 0xFF, 0xFF, 0xFF, 0xFF,
    0xFF, 0xFF, 0xFF, 0xFF, 0xFF, 0xFF, 0xFF, 0xFF, 0xFF, 0xFF, 0xFF, 0xFF, 0xFF, 0xFF, 0xFF, 0xFF,
    0xFF, 0xFF, 0xFF, 0xFF, 0xFF, 0xFF, 0xFF, 0xFF, 0xFF, 0xFF, 0xFF, 0xFF, 0xFF, 0xFF, 0xFF, 0xFF,
    0xFF, 0xFF, 0xFF, 0xFF, 0xFF, 0xFF, 0xFF, 0xFF, 0xFF, 0xFF, 0xFF, 0xFF, 0xFF, 0xFF, 0xFF, 0xFF,
    0xFF, 0xFF, 0xFF, 0xFF, 0xFF, 0xFF, 0xFF, 0xFF, 0xFF, 0xFF, 0xFF, 0xFF, 0xFF, 0xFF, 0xFF, 0xFF,
    0xFF, 0xFF, 0xFF, 0xFF, 0xFF, 0xFF, 0xFF, 0xFF, 0xFF, 0xFF, 0xFF, 0xFF, 0xFF, 0xFF, 0xFF, 0xFF,
    0xFF, 0xFF, 0xFF, 0xFF, 0xFF, 0xFF, 0xFF, 0xFF, 0xFF, 0xFF, 0xFF, 0xFF, 0xFF, 0xFF, 0xFF, 0xFF,
    0xFF, 0xFF, 0xFF, 0xFF, 0xFF, 0xFF, 0xFF, 0xFF, 0xFF, 0xFF, 0xFF, 0xFF, 0xFF, 0xFF, 0xFF, 0xFF,
    0xFF, 0xFF, 0xFF, 0xFF, 0xFF, 0xFF, 0xFF, 0xFF, 0xFF, 0xFF, 0xFF, 0xFF, 0xFF, 0xFF, 0xFF, 0xFF,
    0xFF, 0xFF, 0xFF, 0xFF, 0xFF, 0xFF, 0xFF, 0xFF, 0xFF, 0xFF, 0xFF, 0xFF, 0xFF, 0xFF, 0xFF, 0xFF,
    0xFF, 0xFF, 0xFF, 0xFF, 0xFF, 0xFF, 0xFF, 0xFF, 0xFF, 0xFF, 0xFF, 0xFF, 0xFF, 0xFF, 0xFF, 0xFF,
    0xFF, 0xFF, 0xFF, 0xFF, 0xFF, 0xFF, 0xFF, 0xFF, 0xFF, 0xFF, 0xFF, 0xFF, 0xFF, 0xFF, 0xFF, 0xFF,
    0xFF, 0xFF, 0xFF, 0xFF, 0xFF, 0xFF, 0xFF, 0xFF, 0xFF, 0xFF, 0xFF, 0xFF, 0xFF, 0xFF, 0xFF, 0xFF,
    0xFF, 0xFF, 0xFF, 0xFF, 0xFF, 0xFF, 0xFF, 0xFF, 0xFF, 0xFF, 0xFF, 0xFF, 0xFF, 0xFF, 0xFF, 0xFF,
    0xFF, 0xFF, 0xFF, 0xFF, 0xFF, 0xFF, 0xFF, 0xFF, 0xFF, 0xFF, 0xFF, 0xFF, 0xFF, 0xFF, 0xFF, 0xFF,
    0xFF, 0xFF, 0xFF, 0xFF, 0xFF, 0xFF, 0xFF, 0xFF, 0xFF, 0xFF, 0xFF, 0xFF, 0xFF, 0xFF, 0xFF, 0xFF,
    0xFF, 0xFF, 0xFF, 0xFF, 0xFF, 0xFF, 0xFF, 0xFF, 0xFF, 0xFF, 0xFF, 0xFF, 0xFF, 0xFF, 0xFF, 0xFF,
    0xFF, 0xFF, 0xFF, 0xFF, 0xFF, 0xFF, 0xFF, 0xFF, 0xFF, 0xFF, 0xFF, 0xFF, 0xFF, 0xFF, 0xFF, 0xFF,
    0xFF, 0xFF, 0xFF, 0xFF, 0xFF, 0xFF, 0xFF, 0xFF, 0xFF, 0xFF, 0xFF, 0xFF, 0xFF, 0xFF, 0xFF, 0xFF,
    0xFF, 0xFF, 0xFF, 0xFF, 0xFF, 0xFF, 0xFF, 0xFF, 0xFF, 0xFF, 0xFF, 0xFF, 0xFF, 0xFF, 0xFF, 0xFF,
    0xFF, 0xFF, 0xFF, 0xFF, 0xFF, 0xFF, 0xFF, 0xFF, 0xFF, 0xFF, 0xFF, 0xFF, 0xFF, 0xFF, 0xFF, 0xFF,
    0xFF, 0xFF, 0xFF, 0xFF, 0xFF, 0xFF, 0xFF, 0xFF, 0xFF, 0xFF, 0xFF, 0xFF, 0xFF, 0xFF, 0xFF, 0xFF,
    0xFF, 0xFF, 0xFF, 0xFF, 0xFF, 0xFF, 0xFF, 0xFF, 0xFF, 0xFF, 0xFF, 0xFF, 0xFF, 0xFF, 0xFF, 0xFF,
    0xFF, 0xFF, 0xFF, 0xFF, 0xFF, 0xFF, 0xFF, 0xFF, 0xFF, 0xFF, 0xFF, 0xFF, 0xFF, 0xFF, 0xFF, 0xFF,
    0xFF, 0xFF, 0xFF, 0xFF, 0xFF, 0xFF, 0xFF, 0xFF, 0xFF, 0xFF, 0xFF, 0xFF, 0xFF, 0xFF, 0xFF, 0xFF,
    0xFF, 0xFF, 0xFF, 0xFF, 0xFF, 0xFF, 0xFF, 0xFF, 0xFF, 0xFF, 0xFF, 0xFF, 0xFF, 0xFF, 0xFF, 0xFF,
    0xFF, 0xFF, 0xFF, 0xFF, 0xFF, 0xFF, 0xFF, 0xFF, 0xFF, 0xFF, 0xFF, 0xFF, 0xFF, 0xFF, 0xFF, 0xFF,
    0xFF, 0xFF, 0xFF, 0xFF, 0xFF, 0xFF, 0xFF, 0xFF, 0xFF, 0xFF, 0xFF, 0xFF, 0xFF, 0xFF, 0xFF, 0xFF,
    0xFF, 0xFF, 0xFF, 0xFF, 0xFF, 0xFF, 0xFF, 0xFF, 0xFF, 0xFF, 0xFF, 0xFF, 0xFF, 0xFF, 0xFF, 0xFF,
    0xFF, 0xFF, 0xFF, 0xFF, 0xFF, 0xFF, 0xFF, 0xFF, 
};
